topic,index
0.0,0
1.0,1
4.0,2
0.0,3
4.0,4
3.0,5
2.0,6
3.0,7
3.0,8
3.0,9
0.0,10
1.0,11
0.0,12
1.0,13
5.0,14
4.0,15
0.0,16
0.0,17
0.0,18
2.0,19
1.0,20
8.0,21
1.0,22
0.0,23
1.0,24
1.0,25
0.0,26
0.0,27
0.0,28
8.0,29
0.0,30
0.0,31
1.0,32
1.0,33
1.0,34
1.0,35
1.0,36
1.0,37
8.0,38
1.0,39
7.0,40
4.0,41
0.0,42
3.0,43
2.0,44
0.0,45
0.0,46
8.0,47
0.0,48
0.0,49
3.0,50
3.0,51
0.0,52
1.0,53
0.0,54
0.0,55
4.0,56
5.0,57
2.0,58
2.0,59
1.0,60
1.0,61
3.0,62
1.0,63
1.0,64
1.0,65
3.0,66
6.0,67
1.0,68
1.0,69
0.0,70
1.0,71
3.0,72
0.0,73
0.0,74
7.0,75
8.0,76
0.0,77
1.0,78
0.0,79
8.0,80
0.0,81
0.0,82
0.0,83
1.0,84
1.0,85
8.0,86
8.0,87
3.0,88
0.0,89
0.0,90
0.0,91
0.0,92
0.0,93
0.0,94
0.0,95
0.0,96
4.0,97
0.0,98
3.0,99
0.0,100
0.0,101
3.0,102
3.0,103
5.0,104
0.0,105
1.0,106
3.0,107
0.0,108
0.0,109
0.0,110
0.0,111
1.0,112
3.0,113
0.0,114
1.0,115
4.0,116
1.0,117
4.0,118
7.0,119
6.0,120
0.0,121
0.0,122
0.0,123
1.0,124
3.0,125
0.0,126
3.0,127
1.0,128
4.0,129
4.0,130
0.0,131
2.0,132
0.0,133
1.0,134
0.0,135
7.0,136
0.0,137
1.0,138
6.0,139
0.0,140
0.0,141
1.0,142
4.0,143
0.0,144
3.0,145
3.0,146
6.0,147
4.0,148
0.0,149
0.0,150
6.0,151
0.0,152
1.0,153
1.0,154
3.0,155
2.0,156
1.0,157
2.0,158
4.0,159
0.0,160
0.0,161
0.0,162
3.0,163
0.0,164
0.0,165
3.0,166
1.0,167
0.0,168
0.0,169
1.0,170
0.0,171
1.0,172
0.0,173
0.0,174
1.0,175
0.0,176
3.0,177
0.0,178
0.0,179
0.0,180
0.0,181
1.0,182
4.0,183
2.0,184
1.0,185
2.0,186
0.0,187
3.0,188
8.0,189
3.0,190
1.0,191
0.0,192
4.0,193
3.0,194
8.0,195
0.0,196
3.0,197
0.0,198
1.0,199
0.0,200
8.0,201
1.0,202
1.0,203
2.0,204
0.0,205
1.0,206
1.0,207
1.0,208
2.0,209
1.0,210
5.0,211
4.0,212
1.0,213
0.0,214
3.0,215
3.0,216
0.0,217
0.0,218
3.0,219
3.0,220
2.0,221
1.0,222
2.0,223
4.0,224
4.0,225
3.0,226
4.0,227
1.0,228
1.0,229
7.0,230
0.0,231
1.0,232
0.0,233
0.0,234
4.0,235
0.0,236
1.0,237
3.0,238
0.0,239
3.0,240
0.0,241
1.0,242
7.0,243
7.0,244
0.0,245
0.0,246
3.0,247
3.0,248
4.0,249
0.0,250
6.0,251
0.0,252
2.0,253
2.0,254
3.0,255
3.0,256
1.0,257
4.0,258
1.0,259
2.0,260
0.0,261
0.0,262
3.0,263
0.0,264
2.0,265
7.0,266
0.0,267
8.0,268
3.0,269
1.0,270
4.0,271
1.0,272
0.0,273
6.0,274
3.0,275
8.0,276
0.0,277
2.0,278
3.0,279
6.0,280
2.0,281
0.0,282
4.0,283
0.0,284
3.0,285
2.0,286
7.0,287
4.0,288
2.0,289
0.0,290
1.0,291
7.0,292
0.0,293
1.0,294
4.0,295
0.0,296
0.0,297
0.0,298
1.0,299
0.0,300
8.0,301
1.0,302
0.0,303
0.0,304
6.0,305
8.0,306
8.0,307
1.0,308
0.0,309
3.0,310
2.0,311
4.0,312
8.0,313
3.0,314
0.0,315
0.0,316
4.0,317
3.0,318
3.0,319
6.0,320
7.0,321
0.0,322
5.0,323
1.0,324
3.0,325
3.0,326
0.0,327
4.0,328
0.0,329
1.0,330
0.0,331
1.0,332
0.0,333
0.0,334
0.0,335
0.0,336
1.0,337
0.0,338
8.0,339
4.0,340
1.0,341
0.0,342
0.0,343
2.0,344
4.0,345
1.0,346
4.0,347
1.0,348
0.0,349
8.0,350
2.0,351
4.0,352
1.0,353
1.0,354
0.0,355
0.0,356
0.0,357
1.0,358
0.0,359
4.0,360
0.0,361
0.0,362
4.0,363
3.0,364
8.0,365
0.0,366
0.0,367
4.0,368
8.0,369
4.0,370
0.0,371
0.0,372
0.0,373
4.0,374
1.0,375
8.0,376
7.0,377
6.0,378
5.0,379
1.0,380
0.0,381
3.0,382
0.0,383
0.0,384
6.0,385
7.0,386
1.0,387
0.0,388
3.0,389
3.0,390
4.0,391
1.0,392
1.0,393
3.0,394
0.0,395
6.0,396
0.0,397
0.0,398
3.0,399
0.0,400
1.0,401
1.0,402
3.0,403
1.0,404
4.0,405
0.0,406
4.0,407
0.0,408
8.0,409
0.0,410
0.0,411
0.0,412
3.0,413
1.0,414
1.0,415
3.0,416
1.0,417
0.0,418
1.0,419
0.0,420
8.0,421
1.0,422
0.0,423
6.0,424
1.0,425
0.0,426
3.0,427
8.0,428
0.0,429
0.0,430
1.0,431
7.0,432
6.0,433
3.0,434
2.0,435
0.0,436
8.0,437
7.0,438
1.0,439
1.0,440
8.0,441
2.0,442
0.0,443
5.0,444
2.0,445
0.0,446
2.0,447
2.0,448
0.0,449
0.0,450
2.0,451
7.0,452
0.0,453
1.0,454
2.0,455
6.0,456
7.0,457
3.0,458
0.0,459
0.0,460
0.0,461
1.0,462
0.0,463
1.0,464
0.0,465
0.0,466
2.0,467
1.0,468
1.0,469
0.0,470
0.0,471
8.0,472
0.0,473
7.0,474
4.0,475
0.0,476
0.0,477
1.0,478
8.0,479
0.0,480
3.0,481
1.0,482
0.0,483
2.0,484
1.0,485
1.0,486
4.0,487
0.0,488
3.0,489
0.0,490
4.0,491
4.0,492
0.0,493
0.0,494
0.0,495
4.0,496
2.0,497
0.0,498
0.0,499
8.0,500
0.0,501
1.0,502
1.0,503
0.0,504
8.0,505
0.0,506
4.0,507
3.0,508
0.0,509
4.0,510
0.0,511
1.0,512
8.0,513
1.0,514
2.0,515
6.0,516
1.0,517
3.0,518
3.0,519
0.0,520
0.0,521
0.0,522
2.0,523
1.0,524
0.0,525
0.0,526
0.0,527
1.0,528
0.0,529
3.0,530
0.0,531
0.0,532
2.0,533
1.0,534
3.0,535
4.0,536
3.0,537
0.0,538
4.0,539
0.0,540
4.0,541
1.0,542
0.0,543
1.0,544
2.0,545
0.0,546
0.0,547
1.0,548
0.0,549
1.0,550
8.0,551
1.0,552
7.0,553
4.0,554
3.0,555
0.0,556
0.0,557
2.0,558
0.0,559
0.0,560
5.0,561
3.0,562
0.0,563
3.0,564
1.0,565
0.0,566
0.0,567
2.0,568
1.0,569
2.0,570
0.0,571
6.0,572
2.0,573
0.0,574
0.0,575
3.0,576
4.0,577
6.0,578
1.0,579
0.0,580
1.0,581
8.0,582
7.0,583
3.0,584
7.0,585
0.0,586
4.0,587
0.0,588
4.0,589
0.0,590
4.0,591
1.0,592
0.0,593
0.0,594
8.0,595
1.0,596
1.0,597
1.0,598
0.0,599
1.0,600
0.0,601
0.0,602
1.0,603
0.0,604
0.0,605
0.0,606
0.0,607
0.0,608
3.0,609
0.0,610
2.0,611
3.0,612
8.0,613
0.0,614
2.0,615
1.0,616
0.0,617
8.0,618
0.0,619
0.0,620
0.0,621
0.0,622
4.0,623
2.0,624
4.0,625
0.0,626
6.0,627
6.0,628
3.0,629
3.0,630
0.0,631
3.0,632
8.0,633
0.0,634
4.0,635
1.0,636
2.0,637
2.0,638
1.0,639
0.0,640
8.0,641
0.0,642
0.0,643
0.0,644
4.0,645
0.0,646
1.0,647
8.0,648
1.0,649
7.0,650
8.0,651
2.0,652
3.0,653
1.0,654
6.0,655
1.0,656
0.0,657
2.0,658
3.0,659
3.0,660
4.0,661
0.0,662
0.0,663
3.0,664
6.0,665
4.0,666
3.0,667
1.0,668
2.0,669
0.0,670
1.0,671
0.0,672
0.0,673
1.0,674
1.0,675
1.0,676
1.0,677
7.0,678
0.0,679
8.0,680
0.0,681
5.0,682
8.0,683
3.0,684
3.0,685
2.0,686
1.0,687
2.0,688
2.0,689
8.0,690
0.0,691
0.0,692
1.0,693
0.0,694
0.0,695
0.0,696
3.0,697
0.0,698
8.0,699
1.0,700
7.0,701
3.0,702
0.0,703
1.0,704
0.0,705
6.0,706
0.0,707
0.0,708
3.0,709
0.0,710
1.0,711
0.0,712
3.0,713
5.0,714
6.0,715
1.0,716
0.0,717
1.0,718
5.0,719
6.0,720
0.0,721
4.0,722
8.0,723
3.0,724
1.0,725
7.0,726
0.0,727
2.0,728
0.0,729
2.0,730
4.0,731
0.0,732
3.0,733
4.0,734
1.0,735
0.0,736
3.0,737
8.0,738
2.0,739
1.0,740
1.0,741
0.0,742
8.0,743
8.0,744
1.0,745
3.0,746
0.0,747
0.0,748
2.0,749
4.0,750
8.0,751
8.0,752
3.0,753
0.0,754
1.0,755
0.0,756
1.0,757
7.0,758
0.0,759
4.0,760
0.0,761
0.0,762
0.0,763
0.0,764
2.0,765
0.0,766
7.0,767
1.0,768
0.0,769
5.0,770
5.0,771
4.0,772
3.0,773
0.0,774
0.0,775
0.0,776
6.0,777
0.0,778
3.0,779
2.0,780
0.0,781
1.0,782
1.0,783
0.0,784
0.0,785
4.0,786
8.0,787
1.0,788
0.0,789
1.0,790
7.0,791
0.0,792
0.0,793
1.0,794
1.0,795
0.0,796
0.0,797
0.0,798
2.0,799
0.0,800
3.0,801
1.0,802
8.0,803
1.0,804
2.0,805
3.0,806
4.0,807
1.0,808
5.0,809
0.0,810
3.0,811
0.0,812
0.0,813
3.0,814
0.0,815
0.0,816
3.0,817
0.0,818
1.0,819
0.0,820
7.0,821
0.0,822
7.0,823
1.0,824
0.0,825
1.0,826
1.0,827
0.0,828
1.0,829
2.0,830
1.0,831
3.0,832
2.0,833
0.0,834
0.0,835
1.0,836
6.0,837
0.0,838
2.0,839
8.0,840
0.0,841
2.0,842
5.0,843
1.0,844
1.0,845
1.0,846
4.0,847
1.0,848
0.0,849
0.0,850
0.0,851
1.0,852
8.0,853
0.0,854
8.0,855
3.0,856
1.0,857
5.0,858
0.0,859
1.0,860
6.0,861
4.0,862
8.0,863
0.0,864
8.0,865
0.0,866
4.0,867
1.0,868
4.0,869
2.0,870
7.0,871
4.0,872
1.0,873
8.0,874
0.0,875
4.0,876
1.0,877
8.0,878
2.0,879
1.0,880
1.0,881
4.0,882
0.0,883
7.0,884
4.0,885
7.0,886
8.0,887
1.0,888
1.0,889
0.0,890
1.0,891
0.0,892
6.0,893
2.0,894
8.0,895
0.0,896
0.0,897
2.0,898
8.0,899
1.0,900
8.0,901
8.0,902
3.0,903
0.0,904
0.0,905
7.0,906
0.0,907
0.0,908
0.0,909
0.0,910
1.0,911
3.0,912
7.0,913
1.0,914
1.0,915
2.0,916
0.0,917
0.0,918
4.0,919
1.0,920
8.0,921
4.0,922
2.0,923
3.0,924
3.0,925
0.0,926
0.0,927
4.0,928
4.0,929
0.0,930
2.0,931
1.0,932
0.0,933
3.0,934
2.0,935
3.0,936
4.0,937
0.0,938
3.0,939
1.0,940
0.0,941
4.0,942
2.0,943
1.0,944
1.0,945
1.0,946
2.0,947
0.0,948
6.0,949
0.0,950
1.0,951
8.0,952
0.0,953
2.0,954
3.0,955
0.0,956
3.0,957
0.0,958
1.0,959
7.0,960
4.0,961
2.0,962
4.0,963
3.0,964
0.0,965
0.0,966
0.0,967
0.0,968
1.0,969
0.0,970
3.0,971
0.0,972
0.0,973
1.0,974
3.0,975
0.0,976
1.0,977
2.0,978
2.0,979
8.0,980
0.0,981
6.0,982
0.0,983
4.0,984
0.0,985
3.0,986
4.0,987
7.0,988
2.0,989
3.0,990
0.0,991
3.0,992
1.0,993
0.0,994
1.0,995
8.0,996
7.0,997
0.0,998
8.0,999
8.0,1000
8.0,1001
8.0,1002
0.0,1003
4.0,1004
0.0,1005
0.0,1006
0.0,1007
1.0,1008
2.0,1009
0.0,1010
2.0,1011
0.0,1012
1.0,1013
3.0,1014
4.0,1015
0.0,1016
7.0,1017
5.0,1018
2.0,1019
1.0,1020
8.0,1021
3.0,1022
0.0,1023
0.0,1024
8.0,1025
1.0,1026
2.0,1027
3.0,1028
7.0,1029
0.0,1030
4.0,1031
3.0,1032
3.0,1033
0.0,1034
1.0,1035
0.0,1036
1.0,1037
1.0,1038
2.0,1039
1.0,1040
0.0,1041
1.0,1042
6.0,1043
1.0,1044
6.0,1045
1.0,1046
2.0,1047
5.0,1048
7.0,1049
1.0,1050
1.0,1051
1.0,1052
1.0,1053
4.0,1054
4.0,1055
1.0,1056
3.0,1057
5.0,1058
8.0,1059
1.0,1060
4.0,1061
0.0,1062
0.0,1063
2.0,1064
1.0,1065
2.0,1066
6.0,1067
0.0,1068
0.0,1069
1.0,1070
4.0,1071
0.0,1072
0.0,1073
1.0,1074
1.0,1075
0.0,1076
6.0,1077
1.0,1078
8.0,1079
8.0,1080
0.0,1081
0.0,1082
7.0,1083
4.0,1084
1.0,1085
0.0,1086
8.0,1087
2.0,1088
0.0,1089
1.0,1090
1.0,1091
1.0,1092
0.0,1093
8.0,1094
1.0,1095
8.0,1096
4.0,1097
0.0,1098
8.0,1099
0.0,1100
1.0,1101
6.0,1102
1.0,1103
0.0,1104
7.0,1105
1.0,1106
6.0,1107
1.0,1108
3.0,1109
2.0,1110
3.0,1111
1.0,1112
1.0,1113
3.0,1114
4.0,1115
1.0,1116
0.0,1117
4.0,1118
1.0,1119
3.0,1120
1.0,1121
8.0,1122
1.0,1123
1.0,1124
4.0,1125
4.0,1126
1.0,1127
3.0,1128
0.0,1129
0.0,1130
1.0,1131
0.0,1132
0.0,1133
4.0,1134
8.0,1135
2.0,1136
7.0,1137
1.0,1138
4.0,1139
2.0,1140
1.0,1141
0.0,1142
2.0,1143
1.0,1144
0.0,1145
0.0,1146
3.0,1147
1.0,1148
0.0,1149
4.0,1150
3.0,1151
4.0,1152
1.0,1153
3.0,1154
0.0,1155
7.0,1156
5.0,1157
3.0,1158
3.0,1159
0.0,1160
2.0,1161
2.0,1162
0.0,1163
3.0,1164
0.0,1165
1.0,1166
8.0,1167
4.0,1168
8.0,1169
3.0,1170
4.0,1171
0.0,1172
2.0,1173
0.0,1174
0.0,1175
3.0,1176
7.0,1177
6.0,1178
1.0,1179
4.0,1180
5.0,1181
5.0,1182
6.0,1183
0.0,1184
1.0,1185
1.0,1186
2.0,1187
0.0,1188
8.0,1189
3.0,1190
7.0,1191
7.0,1192
0.0,1193
1.0,1194
3.0,1195
0.0,1196
0.0,1197
0.0,1198
4.0,1199
8.0,1200
8.0,1201
0.0,1202
1.0,1203
0.0,1204
1.0,1205
5.0,1206
6.0,1207
6.0,1208
6.0,1209
3.0,1210
4.0,1211
4.0,1212
3.0,1213
1.0,1214
1.0,1215
0.0,1216
0.0,1217
0.0,1218
0.0,1219
1.0,1220
0.0,1221
1.0,1222
8.0,1223
6.0,1224
7.0,1225
0.0,1226
8.0,1227
1.0,1228
0.0,1229
4.0,1230
2.0,1231
8.0,1232
4.0,1233
4.0,1234
3.0,1235
1.0,1236
4.0,1237
7.0,1238
0.0,1239
1.0,1240
2.0,1241
3.0,1242
0.0,1243
2.0,1244
0.0,1245
8.0,1246
0.0,1247
2.0,1248
6.0,1249
0.0,1250
6.0,1251
0.0,1252
1.0,1253
0.0,1254
7.0,1255
0.0,1256
1.0,1257
5.0,1258
7.0,1259
4.0,1260
1.0,1261
4.0,1262
0.0,1263
1.0,1264
5.0,1265
3.0,1266
0.0,1267
2.0,1268
3.0,1269
0.0,1270
7.0,1271
0.0,1272
0.0,1273
1.0,1274
0.0,1275
1.0,1276
1.0,1277
4.0,1278
0.0,1279
1.0,1280
4.0,1281
3.0,1282
3.0,1283
0.0,1284
1.0,1285
1.0,1286
1.0,1287
3.0,1288
3.0,1289
0.0,1290
0.0,1291
0.0,1292
1.0,1293
3.0,1294
1.0,1295
2.0,1296
0.0,1297
2.0,1298
7.0,1299
0.0,1300
7.0,1301
2.0,1302
0.0,1303
1.0,1304
2.0,1305
1.0,1306
8.0,1307
0.0,1308
1.0,1309
4.0,1310
0.0,1311
3.0,1312
3.0,1313
3.0,1314
0.0,1315
1.0,1316
3.0,1317
3.0,1318
1.0,1319
0.0,1320
0.0,1321
4.0,1322
0.0,1323
0.0,1324
3.0,1325
4.0,1326
5.0,1327
4.0,1328
1.0,1329
3.0,1330
1.0,1331
4.0,1332
0.0,1333
0.0,1334
2.0,1335
4.0,1336
3.0,1337
0.0,1338
2.0,1339
4.0,1340
0.0,1341
3.0,1342
7.0,1343
3.0,1344
1.0,1345
0.0,1346
8.0,1347
7.0,1348
2.0,1349
0.0,1350
0.0,1351
4.0,1352
0.0,1353
1.0,1354
7.0,1355
0.0,1356
3.0,1357
3.0,1358
0.0,1359
3.0,1360
0.0,1361
4.0,1362
0.0,1363
1.0,1364
1.0,1365
0.0,1366
4.0,1367
4.0,1368
2.0,1369
4.0,1370
5.0,1371
4.0,1372
0.0,1373
0.0,1374
1.0,1375
2.0,1376
8.0,1377
0.0,1378
5.0,1379
0.0,1380
1.0,1381
0.0,1382
0.0,1383
3.0,1384
0.0,1385
6.0,1386
4.0,1387
4.0,1388
8.0,1389
8.0,1390
0.0,1391
0.0,1392
3.0,1393
0.0,1394
0.0,1395
1.0,1396
1.0,1397
3.0,1398
4.0,1399
1.0,1400
0.0,1401
4.0,1402
0.0,1403
0.0,1404
0.0,1405
8.0,1406
3.0,1407
0.0,1408
4.0,1409
0.0,1410
8.0,1411
3.0,1412
4.0,1413
4.0,1414
0.0,1415
0.0,1416
4.0,1417
0.0,1418
2.0,1419
2.0,1420
1.0,1421
0.0,1422
7.0,1423
2.0,1424
2.0,1425
4.0,1426
2.0,1427
6.0,1428
0.0,1429
0.0,1430
4.0,1431
6.0,1432
0.0,1433
7.0,1434
3.0,1435
1.0,1436
4.0,1437
1.0,1438
1.0,1439
1.0,1440
3.0,1441
4.0,1442
2.0,1443
4.0,1444
5.0,1445
0.0,1446
1.0,1447
0.0,1448
6.0,1449
0.0,1450
3.0,1451
1.0,1452
1.0,1453
1.0,1454
4.0,1455
4.0,1456
1.0,1457
1.0,1458
0.0,1459
3.0,1460
1.0,1461
1.0,1462
0.0,1463
6.0,1464
1.0,1465
7.0,1466
0.0,1467
4.0,1468
3.0,1469
6.0,1470
0.0,1471
0.0,1472
1.0,1473
2.0,1474
3.0,1475
1.0,1476
0.0,1477
1.0,1478
8.0,1479
0.0,1480
0.0,1481
0.0,1482
0.0,1483
3.0,1484
4.0,1485
8.0,1486
1.0,1487
2.0,1488
0.0,1489
1.0,1490
1.0,1491
0.0,1492
4.0,1493
5.0,1494
3.0,1495
2.0,1496
6.0,1497
0.0,1498
2.0,1499
0.0,1500
2.0,1501
0.0,1502
8.0,1503
1.0,1504
6.0,1505
1.0,1506
8.0,1507
1.0,1508
8.0,1509
0.0,1510
0.0,1511
3.0,1512
0.0,1513
4.0,1514
0.0,1515
1.0,1516
0.0,1517
0.0,1518
0.0,1519
1.0,1520
1.0,1521
1.0,1522
1.0,1523
3.0,1524
4.0,1525
4.0,1526
2.0,1527
0.0,1528
8.0,1529
0.0,1530
4.0,1531
1.0,1532
0.0,1533
1.0,1534
3.0,1535
2.0,1536
2.0,1537
1.0,1538
0.0,1539
3.0,1540
8.0,1541
4.0,1542
3.0,1543
0.0,1544
5.0,1545
1.0,1546
3.0,1547
8.0,1548
7.0,1549
7.0,1550
4.0,1551
8.0,1552
0.0,1553
0.0,1554
4.0,1555
4.0,1556
1.0,1557
1.0,1558
0.0,1559
0.0,1560
8.0,1561
1.0,1562
0.0,1563
1.0,1564
3.0,1565
7.0,1566
0.0,1567
0.0,1568
0.0,1569
0.0,1570
4.0,1571
8.0,1572
2.0,1573
3.0,1574
0.0,1575
1.0,1576
4.0,1577
2.0,1578
1.0,1579
3.0,1580
0.0,1581
4.0,1582
1.0,1583
0.0,1584
7.0,1585
4.0,1586
1.0,1587
0.0,1588
3.0,1589
0.0,1590
0.0,1591
0.0,1592
0.0,1593
0.0,1594
0.0,1595
7.0,1596
0.0,1597
0.0,1598
5.0,1599
6.0,1600
0.0,1601
0.0,1602
0.0,1603
0.0,1604
6.0,1605
3.0,1606
6.0,1607
1.0,1608
6.0,1609
3.0,1610
7.0,1611
0.0,1612
1.0,1613
0.0,1614
4.0,1615
1.0,1616
8.0,1617
1.0,1618
0.0,1619
5.0,1620
4.0,1621
1.0,1622
3.0,1623
0.0,1624
1.0,1625
8.0,1626
0.0,1627
4.0,1628
1.0,1629
0.0,1630
0.0,1631
8.0,1632
0.0,1633
3.0,1634
7.0,1635
0.0,1636
3.0,1637
3.0,1638
0.0,1639
2.0,1640
3.0,1641
0.0,1642
2.0,1643
1.0,1644
4.0,1645
1.0,1646
4.0,1647
8.0,1648
8.0,1649
0.0,1650
1.0,1651
2.0,1652
1.0,1653
0.0,1654
4.0,1655
2.0,1656
7.0,1657
1.0,1658
4.0,1659
3.0,1660
5.0,1661
1.0,1662
1.0,1663
3.0,1664
8.0,1665
2.0,1666
0.0,1667
0.0,1668
0.0,1669
0.0,1670
1.0,1671
3.0,1672
3.0,1673
1.0,1674
0.0,1675
4.0,1676
4.0,1677
1.0,1678
2.0,1679
3.0,1680
0.0,1681
1.0,1682
8.0,1683
0.0,1684
0.0,1685
0.0,1686
7.0,1687
1.0,1688
4.0,1689
1.0,1690
4.0,1691
0.0,1692
1.0,1693
2.0,1694
0.0,1695
3.0,1696
4.0,1697
0.0,1698
0.0,1699
3.0,1700
0.0,1701
0.0,1702
4.0,1703
1.0,1704
0.0,1705
2.0,1706
6.0,1707
0.0,1708
3.0,1709
2.0,1710
3.0,1711
4.0,1712
1.0,1713
6.0,1714
1.0,1715
2.0,1716
0.0,1717
1.0,1718
6.0,1719
2.0,1720
1.0,1721
3.0,1722
1.0,1723
3.0,1724
0.0,1725
0.0,1726
3.0,1727
4.0,1728
1.0,1729
2.0,1730
7.0,1731
6.0,1732
3.0,1733
3.0,1734
0.0,1735
0.0,1736
1.0,1737
4.0,1738
2.0,1739
8.0,1740
1.0,1741
0.0,1742
0.0,1743
2.0,1744
0.0,1745
0.0,1746
0.0,1747
0.0,1748
2.0,1749
0.0,1750
3.0,1751
1.0,1752
1.0,1753
5.0,1754
1.0,1755
8.0,1756
0.0,1757
0.0,1758
3.0,1759
1.0,1760
4.0,1761
8.0,1762
0.0,1763
0.0,1764
1.0,1765
4.0,1766
7.0,1767
4.0,1768
1.0,1769
7.0,1770
3.0,1771
0.0,1772
0.0,1773
1.0,1774
6.0,1775
8.0,1776
4.0,1777
0.0,1778
4.0,1779
1.0,1780
3.0,1781
4.0,1782
6.0,1783
4.0,1784
1.0,1785
8.0,1786
3.0,1787
0.0,1788
0.0,1789
3.0,1790
0.0,1791
2.0,1792
1.0,1793
0.0,1794
1.0,1795
0.0,1796
3.0,1797
4.0,1798
4.0,1799
1.0,1800
2.0,1801
0.0,1802
0.0,1803
3.0,1804
2.0,1805
3.0,1806
2.0,1807
1.0,1808
0.0,1809
3.0,1810
7.0,1811
0.0,1812
0.0,1813
0.0,1814
2.0,1815
8.0,1816
0.0,1817
0.0,1818
1.0,1819
2.0,1820
1.0,1821
8.0,1822
1.0,1823
0.0,1824
0.0,1825
8.0,1826
0.0,1827
4.0,1828
7.0,1829
1.0,1830
0.0,1831
1.0,1832
2.0,1833
0.0,1834
0.0,1835
3.0,1836
0.0,1837
0.0,1838
0.0,1839
3.0,1840
0.0,1841
1.0,1842
5.0,1843
4.0,1844
4.0,1845
1.0,1846
3.0,1847
8.0,1848
0.0,1849
7.0,1850
0.0,1851
3.0,1852
3.0,1853
4.0,1854
0.0,1855
7.0,1856
3.0,1857
0.0,1858
1.0,1859
7.0,1860
2.0,1861
7.0,1862
8.0,1863
3.0,1864
0.0,1865
1.0,1866
8.0,1867
0.0,1868
7.0,1869
1.0,1870
0.0,1871
6.0,1872
7.0,1873
0.0,1874
6.0,1875
0.0,1876
1.0,1877
8.0,1878
7.0,1879
8.0,1880
2.0,1881
1.0,1882
6.0,1883
0.0,1884
3.0,1885
1.0,1886
3.0,1887
3.0,1888
1.0,1889
3.0,1890
4.0,1891
0.0,1892
0.0,1893
0.0,1894
7.0,1895
0.0,1896
6.0,1897
3.0,1898
3.0,1899
0.0,1900
3.0,1901
7.0,1902
4.0,1903
3.0,1904
2.0,1905
3.0,1906
2.0,1907
5.0,1908
3.0,1909
0.0,1910
0.0,1911
2.0,1912
3.0,1913
0.0,1914
1.0,1915
0.0,1916
0.0,1917
3.0,1918
0.0,1919
4.0,1920
6.0,1921
0.0,1922
0.0,1923
0.0,1924
1.0,1925
0.0,1926
3.0,1927
0.0,1928
8.0,1929
6.0,1930
4.0,1931
1.0,1932
0.0,1933
6.0,1934
4.0,1935
3.0,1936
0.0,1937
0.0,1938
3.0,1939
1.0,1940
4.0,1941
1.0,1942
8.0,1943
8.0,1944
2.0,1945
1.0,1946
8.0,1947
7.0,1948
3.0,1949
0.0,1950
0.0,1951
0.0,1952
8.0,1953
0.0,1954
3.0,1955
4.0,1956
0.0,1957
3.0,1958
8.0,1959
0.0,1960
0.0,1961
1.0,1962
4.0,1963
0.0,1964
0.0,1965
3.0,1966
0.0,1967
5.0,1968
0.0,1969
5.0,1970
0.0,1971
3.0,1972
0.0,1973
4.0,1974
4.0,1975
0.0,1976
6.0,1977
2.0,1978
3.0,1979
0.0,1980
3.0,1981
4.0,1982
2.0,1983
0.0,1984
1.0,1985
4.0,1986
8.0,1987
3.0,1988
0.0,1989
1.0,1990
3.0,1991
0.0,1992
4.0,1993
0.0,1994
0.0,1995
3.0,1996
4.0,1997
3.0,1998
3.0,1999
7.0,2000
2.0,2001
1.0,2002
1.0,2003
0.0,2004
6.0,2005
6.0,2006
0.0,2007
0.0,2008
0.0,2009
4.0,2010
1.0,2011
1.0,2012
0.0,2013
7.0,2014
4.0,2015
8.0,2016
0.0,2017
8.0,2018
0.0,2019
0.0,2020
7.0,2021
0.0,2022
1.0,2023
3.0,2024
0.0,2025
1.0,2026
0.0,2027
0.0,2028
7.0,2029
2.0,2030
3.0,2031
4.0,2032
0.0,2033
0.0,2034
1.0,2035
0.0,2036
0.0,2037
2.0,2038
0.0,2039
5.0,2040
0.0,2041
1.0,2042
2.0,2043
3.0,2044
8.0,2045
4.0,2046
0.0,2047
3.0,2048
4.0,2049
0.0,2050
7.0,2051
1.0,2052
0.0,2053
3.0,2054
2.0,2055
2.0,2056
4.0,2057
1.0,2058
0.0,2059
2.0,2060
0.0,2061
1.0,2062
0.0,2063
3.0,2064
0.0,2065
0.0,2066
8.0,2067
0.0,2068
4.0,2069
0.0,2070
0.0,2071
0.0,2072
3.0,2073
3.0,2074
3.0,2075
0.0,2076
0.0,2077
4.0,2078
2.0,2079
6.0,2080
3.0,2081
2.0,2082
0.0,2083
8.0,2084
8.0,2085
1.0,2086
1.0,2087
4.0,2088
0.0,2089
1.0,2090
4.0,2091
7.0,2092
3.0,2093
1.0,2094
1.0,2095
8.0,2096
0.0,2097
1.0,2098
3.0,2099
1.0,2100
0.0,2101
5.0,2102
8.0,2103
1.0,2104
0.0,2105
3.0,2106
1.0,2107
4.0,2108
8.0,2109
0.0,2110
7.0,2111
3.0,2112
1.0,2113
6.0,2114
2.0,2115
5.0,2116
0.0,2117
0.0,2118
1.0,2119
0.0,2120
0.0,2121
6.0,2122
0.0,2123
0.0,2124
0.0,2125
4.0,2126
1.0,2127
3.0,2128
2.0,2129
1.0,2130
3.0,2131
3.0,2132
3.0,2133
3.0,2134
4.0,2135
0.0,2136
1.0,2137
1.0,2138
0.0,2139
0.0,2140
3.0,2141
1.0,2142
0.0,2143
3.0,2144
1.0,2145
0.0,2146
0.0,2147
0.0,2148
2.0,2149
4.0,2150
3.0,2151
2.0,2152
1.0,2153
8.0,2154
2.0,2155
0.0,2156
0.0,2157
1.0,2158
3.0,2159
1.0,2160
4.0,2161
1.0,2162
1.0,2163
0.0,2164
0.0,2165
1.0,2166
8.0,2167
3.0,2168
3.0,2169
5.0,2170
1.0,2171
1.0,2172
1.0,2173
1.0,2174
0.0,2175
7.0,2176
1.0,2177
0.0,2178
1.0,2179
1.0,2180
4.0,2181
0.0,2182
6.0,2183
4.0,2184
0.0,2185
0.0,2186
4.0,2187
0.0,2188
1.0,2189
4.0,2190
5.0,2191
0.0,2192
1.0,2193
0.0,2194
1.0,2195
1.0,2196
1.0,2197
1.0,2198
4.0,2199
1.0,2200
0.0,2201
0.0,2202
0.0,2203
2.0,2204
0.0,2205
4.0,2206
0.0,2207
0.0,2208
0.0,2209
3.0,2210
3.0,2211
4.0,2212
0.0,2213
0.0,2214
3.0,2215
0.0,2216
0.0,2217
0.0,2218
2.0,2219
0.0,2220
8.0,2221
0.0,2222
7.0,2223
5.0,2224
0.0,2225
3.0,2226
0.0,2227
6.0,2228
0.0,2229
0.0,2230
0.0,2231
7.0,2232
1.0,2233
8.0,2234
1.0,2235
3.0,2236
3.0,2237
0.0,2238
1.0,2239
1.0,2240
7.0,2241
4.0,2242
6.0,2243
3.0,2244
1.0,2245
0.0,2246
1.0,2247
7.0,2248
1.0,2249
8.0,2250
7.0,2251
5.0,2252
3.0,2253
3.0,2254
2.0,2255
3.0,2256
0.0,2257
1.0,2258
4.0,2259
0.0,2260
0.0,2261
5.0,2262
8.0,2263
0.0,2264
0.0,2265
3.0,2266
8.0,2267
0.0,2268
0.0,2269
0.0,2270
0.0,2271
6.0,2272
0.0,2273
0.0,2274
4.0,2275
4.0,2276
4.0,2277
1.0,2278
0.0,2279
5.0,2280
3.0,2281
0.0,2282
0.0,2283
3.0,2284
2.0,2285
6.0,2286
2.0,2287
1.0,2288
8.0,2289
1.0,2290
1.0,2291
3.0,2292
0.0,2293
3.0,2294
0.0,2295
0.0,2296
2.0,2297
5.0,2298
6.0,2299
4.0,2300
0.0,2301
1.0,2302
0.0,2303
2.0,2304
0.0,2305
8.0,2306
2.0,2307
0.0,2308
8.0,2309
0.0,2310
7.0,2311
2.0,2312
3.0,2313
1.0,2314
0.0,2315
8.0,2316
7.0,2317
2.0,2318
0.0,2319
0.0,2320
0.0,2321
6.0,2322
3.0,2323
1.0,2324
5.0,2325
1.0,2326
3.0,2327
1.0,2328
4.0,2329
0.0,2330
4.0,2331
2.0,2332
1.0,2333
8.0,2334
8.0,2335
0.0,2336
4.0,2337
0.0,2338
4.0,2339
4.0,2340
2.0,2341
0.0,2342
0.0,2343
2.0,2344
0.0,2345
3.0,2346
0.0,2347
0.0,2348
6.0,2349
0.0,2350
1.0,2351
8.0,2352
0.0,2353
4.0,2354
4.0,2355
1.0,2356
0.0,2357
1.0,2358
1.0,2359
1.0,2360
3.0,2361
7.0,2362
0.0,2363
0.0,2364
4.0,2365
2.0,2366
0.0,2367
0.0,2368
1.0,2369
0.0,2370
0.0,2371
0.0,2372
0.0,2373
4.0,2374
3.0,2375
3.0,2376
0.0,2377
5.0,2378
8.0,2379
2.0,2380
0.0,2381
7.0,2382
7.0,2383
0.0,2384
0.0,2385
1.0,2386
8.0,2387
0.0,2388
7.0,2389
3.0,2390
0.0,2391
5.0,2392
3.0,2393
0.0,2394
4.0,2395
0.0,2396
0.0,2397
3.0,2398
3.0,2399
7.0,2400
2.0,2401
4.0,2402
3.0,2403
1.0,2404
4.0,2405
8.0,2406
8.0,2407
4.0,2408
0.0,2409
2.0,2410
0.0,2411
3.0,2412
0.0,2413
1.0,2414
1.0,2415
0.0,2416
4.0,2417
0.0,2418
0.0,2419
2.0,2420
3.0,2421
2.0,2422
3.0,2423
3.0,2424
6.0,2425
2.0,2426
8.0,2427
2.0,2428
1.0,2429
4.0,2430
1.0,2431
0.0,2432
0.0,2433
7.0,2434
1.0,2435
1.0,2436
6.0,2437
3.0,2438
4.0,2439
0.0,2440
3.0,2441
1.0,2442
0.0,2443
1.0,2444
1.0,2445
0.0,2446
0.0,2447
4.0,2448
8.0,2449
0.0,2450
4.0,2451
3.0,2452
0.0,2453
4.0,2454
1.0,2455
0.0,2456
2.0,2457
3.0,2458
4.0,2459
1.0,2460
3.0,2461
0.0,2462
2.0,2463
2.0,2464
3.0,2465
1.0,2466
6.0,2467
0.0,2468
1.0,2469
1.0,2470
0.0,2471
0.0,2472
5.0,2473
2.0,2474
0.0,2475
0.0,2476
0.0,2477
7.0,2478
0.0,2479
6.0,2480
1.0,2481
3.0,2482
0.0,2483
4.0,2484
0.0,2485
0.0,2486
0.0,2487
0.0,2488
4.0,2489
6.0,2490
1.0,2491
1.0,2492
3.0,2493
3.0,2494
0.0,2495
0.0,2496
6.0,2497
0.0,2498
0.0,2499
0.0,2500
8.0,2501
1.0,2502
4.0,2503
0.0,2504
6.0,2505
1.0,2506
1.0,2507
3.0,2508
0.0,2509
1.0,2510
0.0,2511
0.0,2512
0.0,2513
0.0,2514
4.0,2515
0.0,2516
4.0,2517
6.0,2518
0.0,2519
0.0,2520
3.0,2521
0.0,2522
3.0,2523
0.0,2524
4.0,2525
0.0,2526
1.0,2527
4.0,2528
4.0,2529
1.0,2530
2.0,2531
1.0,2532
2.0,2533
0.0,2534
1.0,2535
4.0,2536
0.0,2537
0.0,2538
4.0,2539
0.0,2540
8.0,2541
1.0,2542
4.0,2543
6.0,2544
0.0,2545
0.0,2546
4.0,2547
3.0,2548
3.0,2549
0.0,2550
0.0,2551
0.0,2552
1.0,2553
3.0,2554
0.0,2555
0.0,2556
2.0,2557
3.0,2558
0.0,2559
5.0,2560
1.0,2561
8.0,2562
3.0,2563
0.0,2564
0.0,2565
0.0,2566
4.0,2567
8.0,2568
6.0,2569
0.0,2570
1.0,2571
6.0,2572
0.0,2573
3.0,2574
0.0,2575
0.0,2576
6.0,2577
2.0,2578
0.0,2579
0.0,2580
4.0,2581
0.0,2582
5.0,2583
1.0,2584
4.0,2585
3.0,2586
0.0,2587
1.0,2588
0.0,2589
2.0,2590
3.0,2591
3.0,2592
1.0,2593
1.0,2594
0.0,2595
2.0,2596
4.0,2597
1.0,2598
7.0,2599
0.0,2600
3.0,2601
1.0,2602
0.0,2603
0.0,2604
4.0,2605
1.0,2606
3.0,2607
3.0,2608
7.0,2609
3.0,2610
6.0,2611
0.0,2612
0.0,2613
2.0,2614
3.0,2615
1.0,2616
0.0,2617
6.0,2618
0.0,2619
0.0,2620
0.0,2621
7.0,2622
4.0,2623
8.0,2624
5.0,2625
0.0,2626
0.0,2627
0.0,2628
0.0,2629
1.0,2630
0.0,2631
3.0,2632
0.0,2633
0.0,2634
1.0,2635
7.0,2636
0.0,2637
3.0,2638
4.0,2639
4.0,2640
1.0,2641
0.0,2642
3.0,2643
8.0,2644
0.0,2645
7.0,2646
0.0,2647
1.0,2648
0.0,2649
3.0,2650
0.0,2651
1.0,2652
8.0,2653
7.0,2654
4.0,2655
6.0,2656
1.0,2657
0.0,2658
8.0,2659
0.0,2660
0.0,2661
6.0,2662
3.0,2663
8.0,2664
1.0,2665
0.0,2666
8.0,2667
1.0,2668
1.0,2669
5.0,2670
3.0,2671
4.0,2672
7.0,2673
6.0,2674
0.0,2675
0.0,2676
1.0,2677
2.0,2678
0.0,2679
0.0,2680
0.0,2681
7.0,2682
2.0,2683
4.0,2684
0.0,2685
2.0,2686
8.0,2687
2.0,2688
6.0,2689
0.0,2690
8.0,2691
3.0,2692
0.0,2693
2.0,2694
4.0,2695
3.0,2696
0.0,2697
3.0,2698
1.0,2699
3.0,2700
8.0,2701
2.0,2702
3.0,2703
3.0,2704
0.0,2705
8.0,2706
4.0,2707
1.0,2708
0.0,2709
0.0,2710
1.0,2711
3.0,2712
1.0,2713
0.0,2714
1.0,2715
5.0,2716
0.0,2717
8.0,2718
0.0,2719
2.0,2720
3.0,2721
8.0,2722
4.0,2723
0.0,2724
3.0,2725
7.0,2726
3.0,2727
1.0,2728
3.0,2729
0.0,2730
1.0,2731
8.0,2732
0.0,2733
3.0,2734
3.0,2735
2.0,2736
3.0,2737
0.0,2738
1.0,2739
3.0,2740
4.0,2741
0.0,2742
5.0,2743
0.0,2744
3.0,2745
4.0,2746
1.0,2747
7.0,2748
0.0,2749
2.0,2750
3.0,2751
2.0,2752
3.0,2753
0.0,2754
4.0,2755
0.0,2756
4.0,2757
3.0,2758
0.0,2759
0.0,2760
8.0,2761
0.0,2762
2.0,2763
2.0,2764
0.0,2765
3.0,2766
1.0,2767
0.0,2768
3.0,2769
1.0,2770
0.0,2771
0.0,2772
8.0,2773
1.0,2774
0.0,2775
7.0,2776
0.0,2777
3.0,2778
0.0,2779
3.0,2780
0.0,2781
1.0,2782
8.0,2783
3.0,2784
0.0,2785
1.0,2786
3.0,2787
7.0,2788
3.0,2789
8.0,2790
3.0,2791
0.0,2792
3.0,2793
5.0,2794
1.0,2795
3.0,2796
4.0,2797
1.0,2798
0.0,2799
0.0,2800
7.0,2801
2.0,2802
2.0,2803
4.0,2804
5.0,2805
8.0,2806
1.0,2807
2.0,2808
3.0,2809
1.0,2810
0.0,2811
3.0,2812
4.0,2813
7.0,2814
1.0,2815
8.0,2816
0.0,2817
2.0,2818
2.0,2819
2.0,2820
4.0,2821
0.0,2822
4.0,2823
3.0,2824
0.0,2825
3.0,2826
3.0,2827
0.0,2828
0.0,2829
0.0,2830
3.0,2831
3.0,2832
1.0,2833
0.0,2834
1.0,2835
3.0,2836
3.0,2837
6.0,2838
1.0,2839
0.0,2840
1.0,2841
1.0,2842
7.0,2843
2.0,2844
6.0,2845
0.0,2846
3.0,2847
2.0,2848
8.0,2849
1.0,2850
0.0,2851
2.0,2852
0.0,2853
0.0,2854
3.0,2855
5.0,2856
2.0,2857
4.0,2858
0.0,2859
1.0,2860
0.0,2861
1.0,2862
0.0,2863
0.0,2864
0.0,2865
3.0,2866
1.0,2867
4.0,2868
3.0,2869
0.0,2870
1.0,2871
6.0,2872
0.0,2873
1.0,2874
2.0,2875
1.0,2876
1.0,2877
0.0,2878
0.0,2879
3.0,2880
3.0,2881
7.0,2882
0.0,2883
6.0,2884
3.0,2885
8.0,2886
7.0,2887
1.0,2888
8.0,2889
3.0,2890
0.0,2891
0.0,2892
8.0,2893
4.0,2894
1.0,2895
1.0,2896
3.0,2897
1.0,2898
4.0,2899
3.0,2900
5.0,2901
6.0,2902
0.0,2903
0.0,2904
8.0,2905
1.0,2906
0.0,2907
8.0,2908
0.0,2909
2.0,2910
5.0,2911
1.0,2912
0.0,2913
3.0,2914
3.0,2915
6.0,2916
7.0,2917
0.0,2918
8.0,2919
0.0,2920
0.0,2921
4.0,2922
2.0,2923
3.0,2924
7.0,2925
2.0,2926
3.0,2927
0.0,2928
0.0,2929
3.0,2930
2.0,2931
1.0,2932
0.0,2933
0.0,2934
1.0,2935
3.0,2936
7.0,2937
0.0,2938
3.0,2939
2.0,2940
1.0,2941
3.0,2942
1.0,2943
2.0,2944
0.0,2945
1.0,2946
4.0,2947
0.0,2948
3.0,2949
1.0,2950
8.0,2951
0.0,2952
7.0,2953
5.0,2954
0.0,2955
0.0,2956
1.0,2957
7.0,2958
3.0,2959
7.0,2960
0.0,2961
1.0,2962
0.0,2963
0.0,2964
0.0,2965
1.0,2966
8.0,2967
4.0,2968
0.0,2969
0.0,2970
2.0,2971
1.0,2972
1.0,2973
0.0,2974
0.0,2975
2.0,2976
0.0,2977
0.0,2978
8.0,2979
3.0,2980
1.0,2981
0.0,2982
0.0,2983
3.0,2984
1.0,2985
6.0,2986
8.0,2987
1.0,2988
0.0,2989
0.0,2990
0.0,2991
0.0,2992
5.0,2993
4.0,2994
6.0,2995
0.0,2996
4.0,2997
2.0,2998
8.0,2999
0.0,3000
2.0,3001
3.0,3002
3.0,3003
7.0,3004
8.0,3005
0.0,3006
0.0,3007
7.0,3008
1.0,3009
4.0,3010
1.0,3011
0.0,3012
0.0,3013
4.0,3014
3.0,3015
0.0,3016
3.0,3017
0.0,3018
1.0,3019
1.0,3020
0.0,3021
8.0,3022
3.0,3023
0.0,3024
2.0,3025
8.0,3026
0.0,3027
1.0,3028
8.0,3029
1.0,3030
4.0,3031
1.0,3032
8.0,3033
4.0,3034
0.0,3035
0.0,3036
6.0,3037
0.0,3038
3.0,3039
8.0,3040
0.0,3041
3.0,3042
2.0,3043
3.0,3044
6.0,3045
4.0,3046
0.0,3047
2.0,3048
8.0,3049
3.0,3050
0.0,3051
2.0,3052
1.0,3053
1.0,3054
0.0,3055
3.0,3056
2.0,3057
3.0,3058
3.0,3059
0.0,3060
1.0,3061
8.0,3062
0.0,3063
1.0,3064
8.0,3065
6.0,3066
6.0,3067
0.0,3068
0.0,3069
3.0,3070
0.0,3071
2.0,3072
6.0,3073
8.0,3074
0.0,3075
0.0,3076
2.0,3077
8.0,3078
0.0,3079
0.0,3080
0.0,3081
1.0,3082
0.0,3083
0.0,3084
3.0,3085
2.0,3086
1.0,3087
2.0,3088
2.0,3089
1.0,3090
3.0,3091
0.0,3092
3.0,3093
0.0,3094
3.0,3095
8.0,3096
0.0,3097
4.0,3098
1.0,3099
1.0,3100
0.0,3101
0.0,3102
1.0,3103
0.0,3104
3.0,3105
8.0,3106
0.0,3107
1.0,3108
3.0,3109
0.0,3110
0.0,3111
1.0,3112
0.0,3113
1.0,3114
0.0,3115
1.0,3116
3.0,3117
1.0,3118
1.0,3119
0.0,3120
4.0,3121
0.0,3122
0.0,3123
0.0,3124
3.0,3125
0.0,3126
0.0,3127
0.0,3128
0.0,3129
3.0,3130
0.0,3131
2.0,3132
3.0,3133
2.0,3134
1.0,3135
0.0,3136
4.0,3137
0.0,3138
4.0,3139
8.0,3140
1.0,3141
0.0,3142
0.0,3143
3.0,3144
4.0,3145
0.0,3146
3.0,3147
0.0,3148
2.0,3149
0.0,3150
0.0,3151
0.0,3152
1.0,3153
7.0,3154
0.0,3155
0.0,3156
0.0,3157
0.0,3158
1.0,3159
4.0,3160
0.0,3161
1.0,3162
2.0,3163
3.0,3164
0.0,3165
0.0,3166
0.0,3167
0.0,3168
0.0,3169
3.0,3170
2.0,3171
4.0,3172
0.0,3173
1.0,3174
2.0,3175
2.0,3176
5.0,3177
2.0,3178
8.0,3179
7.0,3180
1.0,3181
1.0,3182
7.0,3183
4.0,3184
1.0,3185
3.0,3186
7.0,3187
1.0,3188
0.0,3189
2.0,3190
0.0,3191
3.0,3192
0.0,3193
3.0,3194
0.0,3195
1.0,3196
1.0,3197
0.0,3198
3.0,3199
7.0,3200
1.0,3201
0.0,3202
0.0,3203
1.0,3204
0.0,3205
0.0,3206
0.0,3207
0.0,3208
1.0,3209
8.0,3210
0.0,3211
3.0,3212
1.0,3213
0.0,3214
5.0,3215
0.0,3216
1.0,3217
3.0,3218
1.0,3219
2.0,3220
0.0,3221
1.0,3222
2.0,3223
2.0,3224
8.0,3225
4.0,3226
4.0,3227
1.0,3228
1.0,3229
0.0,3230
0.0,3231
2.0,3232
0.0,3233
0.0,3234
3.0,3235
0.0,3236
2.0,3237
8.0,3238
0.0,3239
1.0,3240
3.0,3241
0.0,3242
3.0,3243
1.0,3244
4.0,3245
1.0,3246
1.0,3247
4.0,3248
0.0,3249
2.0,3250
7.0,3251
1.0,3252
6.0,3253
0.0,3254
8.0,3255
1.0,3256
0.0,3257
0.0,3258
3.0,3259
1.0,3260
1.0,3261
5.0,3262
7.0,3263
0.0,3264
2.0,3265
0.0,3266
3.0,3267
8.0,3268
8.0,3269
1.0,3270
1.0,3271
8.0,3272
0.0,3273
1.0,3274
0.0,3275
0.0,3276
0.0,3277
0.0,3278
4.0,3279
0.0,3280
0.0,3281
0.0,3282
2.0,3283
3.0,3284
4.0,3285
8.0,3286
0.0,3287
7.0,3288
1.0,3289
5.0,3290
0.0,3291
0.0,3292
0.0,3293
0.0,3294
7.0,3295
0.0,3296
0.0,3297
8.0,3298
2.0,3299
3.0,3300
8.0,3301
3.0,3302
6.0,3303
8.0,3304
2.0,3305
0.0,3306
4.0,3307
1.0,3308
0.0,3309
8.0,3310
0.0,3311
0.0,3312
1.0,3313
1.0,3314
3.0,3315
1.0,3316
1.0,3317
5.0,3318
0.0,3319
0.0,3320
0.0,3321
0.0,3322
0.0,3323
8.0,3324
0.0,3325
1.0,3326
0.0,3327
1.0,3328
1.0,3329
1.0,3330
1.0,3331
1.0,3332
1.0,3333
0.0,3334
1.0,3335
6.0,3336
1.0,3337
4.0,3338
0.0,3339
0.0,3340
0.0,3341
6.0,3342
4.0,3343
4.0,3344
0.0,3345
4.0,3346
3.0,3347
0.0,3348
0.0,3349
1.0,3350
1.0,3351
0.0,3352
7.0,3353
0.0,3354
8.0,3355
0.0,3356
0.0,3357
3.0,3358
0.0,3359
1.0,3360
0.0,3361
4.0,3362
3.0,3363
3.0,3364
7.0,3365
4.0,3366
1.0,3367
1.0,3368
2.0,3369
5.0,3370
1.0,3371
1.0,3372
1.0,3373
4.0,3374
8.0,3375
4.0,3376
3.0,3377
2.0,3378
0.0,3379
3.0,3380
3.0,3381
0.0,3382
7.0,3383
0.0,3384
3.0,3385
0.0,3386
3.0,3387
4.0,3388
0.0,3389
1.0,3390
5.0,3391
3.0,3392
0.0,3393
4.0,3394
4.0,3395
0.0,3396
1.0,3397
4.0,3398
7.0,3399
8.0,3400
4.0,3401
3.0,3402
4.0,3403
1.0,3404
2.0,3405
4.0,3406
0.0,3407
0.0,3408
2.0,3409
3.0,3410
2.0,3411
4.0,3412
3.0,3413
3.0,3414
6.0,3415
3.0,3416
0.0,3417
0.0,3418
0.0,3419
3.0,3420
1.0,3421
0.0,3422
0.0,3423
0.0,3424
0.0,3425
5.0,3426
0.0,3427
0.0,3428
3.0,3429
0.0,3430
0.0,3431
1.0,3432
3.0,3433
4.0,3434
2.0,3435
0.0,3436
3.0,3437
0.0,3438
2.0,3439
6.0,3440
2.0,3441
0.0,3442
0.0,3443
4.0,3444
4.0,3445
0.0,3446
6.0,3447
0.0,3448
0.0,3449
0.0,3450
8.0,3451
4.0,3452
0.0,3453
0.0,3454
0.0,3455
2.0,3456
1.0,3457
0.0,3458
2.0,3459
4.0,3460
3.0,3461
0.0,3462
2.0,3463
0.0,3464
0.0,3465
1.0,3466
1.0,3467
8.0,3468
3.0,3469
4.0,3470
1.0,3471
0.0,3472
1.0,3473
8.0,3474
2.0,3475
0.0,3476
6.0,3477
0.0,3478
6.0,3479
0.0,3480
0.0,3481
0.0,3482
1.0,3483
0.0,3484
0.0,3485
8.0,3486
0.0,3487
1.0,3488
0.0,3489
0.0,3490
0.0,3491
0.0,3492
8.0,3493
0.0,3494
1.0,3495
3.0,3496
4.0,3497
0.0,3498
1.0,3499
3.0,3500
7.0,3501
0.0,3502
4.0,3503
3.0,3504
4.0,3505
0.0,3506
1.0,3507
2.0,3508
1.0,3509
0.0,3510
0.0,3511
8.0,3512
3.0,3513
8.0,3514
0.0,3515
7.0,3516
0.0,3517
4.0,3518
0.0,3519
3.0,3520
2.0,3521
3.0,3522
4.0,3523
0.0,3524
4.0,3525
0.0,3526
2.0,3527
0.0,3528
1.0,3529
8.0,3530
0.0,3531
6.0,3532
3.0,3533
0.0,3534
0.0,3535
4.0,3536
4.0,3537
4.0,3538
0.0,3539
0.0,3540
3.0,3541
2.0,3542
4.0,3543
1.0,3544
0.0,3545
4.0,3546
0.0,3547
0.0,3548
1.0,3549
5.0,3550
3.0,3551
5.0,3552
2.0,3553
3.0,3554
1.0,3555
0.0,3556
1.0,3557
4.0,3558
4.0,3559
0.0,3560
1.0,3561
8.0,3562
1.0,3563
0.0,3564
1.0,3565
0.0,3566
0.0,3567
6.0,3568
0.0,3569
3.0,3570
7.0,3571
0.0,3572
1.0,3573
0.0,3574
8.0,3575
1.0,3576
1.0,3577
1.0,3578
2.0,3579
2.0,3580
2.0,3581
0.0,3582
0.0,3583
1.0,3584
0.0,3585
0.0,3586
1.0,3587
0.0,3588
0.0,3589
5.0,3590
1.0,3591
3.0,3592
3.0,3593
1.0,3594
3.0,3595
8.0,3596
3.0,3597
1.0,3598
6.0,3599
0.0,3600
1.0,3601
4.0,3602
0.0,3603
3.0,3604
8.0,3605
3.0,3606
5.0,3607
8.0,3608
4.0,3609
0.0,3610
0.0,3611
3.0,3612
7.0,3613
2.0,3614
1.0,3615
0.0,3616
0.0,3617
0.0,3618
4.0,3619
0.0,3620
4.0,3621
1.0,3622
0.0,3623
0.0,3624
0.0,3625
4.0,3626
2.0,3627
6.0,3628
5.0,3629
2.0,3630
0.0,3631
6.0,3632
4.0,3633
2.0,3634
1.0,3635
6.0,3636
1.0,3637
8.0,3638
0.0,3639
0.0,3640
3.0,3641
3.0,3642
1.0,3643
4.0,3644
3.0,3645
0.0,3646
0.0,3647
0.0,3648
0.0,3649
4.0,3650
0.0,3651
8.0,3652
1.0,3653
7.0,3654
0.0,3655
0.0,3656
6.0,3657
0.0,3658
0.0,3659
4.0,3660
4.0,3661
0.0,3662
0.0,3663
6.0,3664
4.0,3665
0.0,3666
2.0,3667
6.0,3668
4.0,3669
1.0,3670
2.0,3671
3.0,3672
1.0,3673
3.0,3674
0.0,3675
2.0,3676
0.0,3677
0.0,3678
6.0,3679
0.0,3680
0.0,3681
3.0,3682
1.0,3683
2.0,3684
0.0,3685
1.0,3686
2.0,3687
6.0,3688
1.0,3689
8.0,3690
3.0,3691
4.0,3692
4.0,3693
5.0,3694
2.0,3695
2.0,3696
0.0,3697
3.0,3698
5.0,3699
8.0,3700
3.0,3701
1.0,3702
0.0,3703
3.0,3704
2.0,3705
3.0,3706
0.0,3707
2.0,3708
1.0,3709
8.0,3710
0.0,3711
2.0,3712
3.0,3713
0.0,3714
0.0,3715
0.0,3716
1.0,3717
1.0,3718
0.0,3719
8.0,3720
3.0,3721
3.0,3722
0.0,3723
1.0,3724
8.0,3725
6.0,3726
1.0,3727
0.0,3728
2.0,3729
8.0,3730
0.0,3731
0.0,3732
0.0,3733
0.0,3734
1.0,3735
1.0,3736
1.0,3737
5.0,3738
2.0,3739
8.0,3740
4.0,3741
3.0,3742
0.0,3743
2.0,3744
0.0,3745
0.0,3746
0.0,3747
3.0,3748
4.0,3749
1.0,3750
1.0,3751
3.0,3752
2.0,3753
0.0,3754
0.0,3755
0.0,3756
8.0,3757
1.0,3758
2.0,3759
7.0,3760
6.0,3761
1.0,3762
2.0,3763
1.0,3764
8.0,3765
4.0,3766
0.0,3767
0.0,3768
3.0,3769
0.0,3770
1.0,3771
3.0,3772
0.0,3773
8.0,3774
2.0,3775
0.0,3776
3.0,3777
4.0,3778
2.0,3779
4.0,3780
2.0,3781
4.0,3782
4.0,3783
0.0,3784
0.0,3785
3.0,3786
1.0,3787
0.0,3788
1.0,3789
0.0,3790
3.0,3791
3.0,3792
0.0,3793
2.0,3794
0.0,3795
0.0,3796
0.0,3797
3.0,3798
0.0,3799
1.0,3800
0.0,3801
4.0,3802
1.0,3803
1.0,3804
1.0,3805
6.0,3806
7.0,3807
0.0,3808
0.0,3809
3.0,3810
4.0,3811
2.0,3812
0.0,3813
8.0,3814
0.0,3815
4.0,3816
6.0,3817
3.0,3818
0.0,3819
3.0,3820
0.0,3821
3.0,3822
0.0,3823
3.0,3824
0.0,3825
8.0,3826
4.0,3827
8.0,3828
8.0,3829
8.0,3830
0.0,3831
0.0,3832
1.0,3833
3.0,3834
0.0,3835
0.0,3836
0.0,3837
2.0,3838
0.0,3839
0.0,3840
6.0,3841
0.0,3842
8.0,3843
6.0,3844
2.0,3845
0.0,3846
4.0,3847
3.0,3848
4.0,3849
0.0,3850
3.0,3851
3.0,3852
8.0,3853
4.0,3854
1.0,3855
1.0,3856
0.0,3857
0.0,3858
4.0,3859
1.0,3860
1.0,3861
0.0,3862
4.0,3863
1.0,3864
0.0,3865
1.0,3866
0.0,3867
3.0,3868
8.0,3869
3.0,3870
3.0,3871
2.0,3872
1.0,3873
0.0,3874
3.0,3875
1.0,3876
0.0,3877
2.0,3878
2.0,3879
1.0,3880
8.0,3881
1.0,3882
1.0,3883
0.0,3884
3.0,3885
2.0,3886
0.0,3887
2.0,3888
2.0,3889
1.0,3890
6.0,3891
6.0,3892
6.0,3893
1.0,3894
0.0,3895
3.0,3896
3.0,3897
1.0,3898
3.0,3899
0.0,3900
0.0,3901
0.0,3902
0.0,3903
2.0,3904
2.0,3905
4.0,3906
1.0,3907
3.0,3908
0.0,3909
2.0,3910
2.0,3911
6.0,3912
0.0,3913
0.0,3914
1.0,3915
3.0,3916
1.0,3917
0.0,3918
4.0,3919
0.0,3920
0.0,3921
4.0,3922
1.0,3923
1.0,3924
3.0,3925
7.0,3926
2.0,3927
7.0,3928
3.0,3929
3.0,3930
0.0,3931
1.0,3932
0.0,3933
1.0,3934
6.0,3935
0.0,3936
3.0,3937
0.0,3938
1.0,3939
8.0,3940
0.0,3941
2.0,3942
2.0,3943
0.0,3944
0.0,3945
0.0,3946
2.0,3947
1.0,3948
4.0,3949
1.0,3950
0.0,3951
0.0,3952
1.0,3953
0.0,3954
1.0,3955
0.0,3956
1.0,3957
8.0,3958
0.0,3959
6.0,3960
0.0,3961
0.0,3962
0.0,3963
2.0,3964
0.0,3965
1.0,3966
0.0,3967
1.0,3968
1.0,3969
1.0,3970
8.0,3971
0.0,3972
8.0,3973
2.0,3974
0.0,3975
8.0,3976
8.0,3977
4.0,3978
0.0,3979
0.0,3980
8.0,3981
8.0,3982
2.0,3983
4.0,3984
0.0,3985
0.0,3986
7.0,3987
3.0,3988
3.0,3989
4.0,3990
4.0,3991
1.0,3992
3.0,3993
0.0,3994
4.0,3995
0.0,3996
1.0,3997
2.0,3998
2.0,3999
4.0,4000
6.0,4001
0.0,4002
8.0,4003
7.0,4004
0.0,4005
0.0,4006
3.0,4007
1.0,4008
8.0,4009
1.0,4010
0.0,4011
2.0,4012
8.0,4013
0.0,4014
8.0,4015
1.0,4016
0.0,4017
0.0,4018
1.0,4019
3.0,4020
1.0,4021
2.0,4022
1.0,4023
0.0,4024
3.0,4025
1.0,4026
0.0,4027
1.0,4028
8.0,4029
1.0,4030
4.0,4031
0.0,4032
4.0,4033
2.0,4034
0.0,4035
3.0,4036
8.0,4037
1.0,4038
3.0,4039
0.0,4040
0.0,4041
3.0,4042
3.0,4043
0.0,4044
2.0,4045
0.0,4046
6.0,4047
7.0,4048
1.0,4049
0.0,4050
0.0,4051
0.0,4052
3.0,4053
3.0,4054
7.0,4055
1.0,4056
1.0,4057
4.0,4058
3.0,4059
0.0,4060
2.0,4061
0.0,4062
3.0,4063
4.0,4064
3.0,4065
0.0,4066
0.0,4067
7.0,4068
4.0,4069
1.0,4070
0.0,4071
0.0,4072
4.0,4073
1.0,4074
0.0,4075
0.0,4076
2.0,4077
1.0,4078
3.0,4079
0.0,4080
0.0,4081
1.0,4082
2.0,4083
4.0,4084
2.0,4085
7.0,4086
8.0,4087
0.0,4088
0.0,4089
0.0,4090
0.0,4091
3.0,4092
4.0,4093
1.0,4094
8.0,4095
2.0,4096
0.0,4097
2.0,4098
3.0,4099
4.0,4100
3.0,4101
3.0,4102
3.0,4103
3.0,4104
2.0,4105
0.0,4106
3.0,4107
0.0,4108
0.0,4109
0.0,4110
1.0,4111
0.0,4112
0.0,4113
2.0,4114
4.0,4115
4.0,4116
3.0,4117
0.0,4118
0.0,4119
4.0,4120
0.0,4121
0.0,4122
1.0,4123
0.0,4124
4.0,4125
0.0,4126
1.0,4127
7.0,4128
3.0,4129
1.0,4130
1.0,4131
0.0,4132
1.0,4133
2.0,4134
1.0,4135
0.0,4136
8.0,4137
0.0,4138
0.0,4139
0.0,4140
6.0,4141
1.0,4142
1.0,4143
1.0,4144
0.0,4145
1.0,4146
0.0,4147
7.0,4148
3.0,4149
0.0,4150
1.0,4151
0.0,4152
4.0,4153
0.0,4154
0.0,4155
0.0,4156
6.0,4157
1.0,4158
0.0,4159
4.0,4160
1.0,4161
0.0,4162
8.0,4163
8.0,4164
0.0,4165
3.0,4166
3.0,4167
4.0,4168
0.0,4169
0.0,4170
4.0,4171
3.0,4172
2.0,4173
1.0,4174
8.0,4175
8.0,4176
0.0,4177
6.0,4178
0.0,4179
1.0,4180
8.0,4181
0.0,4182
0.0,4183
3.0,4184
1.0,4185
2.0,4186
1.0,4187
3.0,4188
0.0,4189
1.0,4190
7.0,4191
0.0,4192
0.0,4193
0.0,4194
6.0,4195
0.0,4196
4.0,4197
3.0,4198
8.0,4199
3.0,4200
8.0,4201
6.0,4202
8.0,4203
0.0,4204
1.0,4205
0.0,4206
4.0,4207
0.0,4208
0.0,4209
2.0,4210
3.0,4211
8.0,4212
0.0,4213
0.0,4214
0.0,4215
3.0,4216
4.0,4217
0.0,4218
3.0,4219
5.0,4220
3.0,4221
7.0,4222
1.0,4223
0.0,4224
2.0,4225
8.0,4226
0.0,4227
1.0,4228
0.0,4229
8.0,4230
1.0,4231
8.0,4232
6.0,4233
1.0,4234
1.0,4235
3.0,4236
0.0,4237
7.0,4238
4.0,4239
3.0,4240
4.0,4241
3.0,4242
2.0,4243
5.0,4244
0.0,4245
4.0,4246
1.0,4247
0.0,4248
0.0,4249
2.0,4250
4.0,4251
4.0,4252
4.0,4253
0.0,4254
0.0,4255
1.0,4256
0.0,4257
2.0,4258
8.0,4259
1.0,4260
2.0,4261
3.0,4262
3.0,4263
1.0,4264
1.0,4265
1.0,4266
0.0,4267
0.0,4268
0.0,4269
2.0,4270
0.0,4271
3.0,4272
4.0,4273
3.0,4274
0.0,4275
0.0,4276
6.0,4277
0.0,4278
3.0,4279
1.0,4280
4.0,4281
4.0,4282
0.0,4283
0.0,4284
4.0,4285
3.0,4286
4.0,4287
4.0,4288
8.0,4289
8.0,4290
2.0,4291
2.0,4292
0.0,4293
3.0,4294
1.0,4295
0.0,4296
4.0,4297
8.0,4298
1.0,4299
3.0,4300
2.0,4301
2.0,4302
0.0,4303
2.0,4304
1.0,4305
1.0,4306
0.0,4307
8.0,4308
0.0,4309
4.0,4310
2.0,4311
8.0,4312
8.0,4313
0.0,4314
0.0,4315
8.0,4316
4.0,4317
1.0,4318
0.0,4319
0.0,4320
3.0,4321
0.0,4322
0.0,4323
1.0,4324
0.0,4325
0.0,4326
6.0,4327
0.0,4328
4.0,4329
0.0,4330
7.0,4331
6.0,4332
1.0,4333
2.0,4334
0.0,4335
1.0,4336
6.0,4337
0.0,4338
7.0,4339
0.0,4340
7.0,4341
0.0,4342
0.0,4343
1.0,4344
0.0,4345
1.0,4346
4.0,4347
2.0,4348
8.0,4349
2.0,4350
1.0,4351
1.0,4352
7.0,4353
2.0,4354
0.0,4355
3.0,4356
0.0,4357
1.0,4358
3.0,4359
0.0,4360
3.0,4361
0.0,4362
0.0,4363
6.0,4364
1.0,4365
4.0,4366
0.0,4367
8.0,4368
0.0,4369
3.0,4370
2.0,4371
1.0,4372
1.0,4373
0.0,4374
3.0,4375
2.0,4376
7.0,4377
0.0,4378
0.0,4379
0.0,4380
0.0,4381
1.0,4382
3.0,4383
3.0,4384
0.0,4385
4.0,4386
0.0,4387
1.0,4388
1.0,4389
4.0,4390
7.0,4391
4.0,4392
1.0,4393
0.0,4394
1.0,4395
0.0,4396
0.0,4397
3.0,4398
3.0,4399
7.0,4400
0.0,4401
3.0,4402
0.0,4403
1.0,4404
0.0,4405
4.0,4406
1.0,4407
0.0,4408
0.0,4409
4.0,4410
0.0,4411
1.0,4412
6.0,4413
3.0,4414
1.0,4415
0.0,4416
7.0,4417
0.0,4418
0.0,4419
0.0,4420
6.0,4421
0.0,4422
6.0,4423
2.0,4424
1.0,4425
8.0,4426
1.0,4427
7.0,4428
1.0,4429
7.0,4430
8.0,4431
3.0,4432
8.0,4433
3.0,4434
1.0,4435
3.0,4436
0.0,4437
0.0,4438
2.0,4439
4.0,4440
1.0,4441
1.0,4442
6.0,4443
0.0,4444
0.0,4445
2.0,4446
5.0,4447
3.0,4448
0.0,4449
0.0,4450
4.0,4451
0.0,4452
0.0,4453
2.0,4454
8.0,4455
1.0,4456
1.0,4457
3.0,4458
3.0,4459
0.0,4460
4.0,4461
0.0,4462
0.0,4463
1.0,4464
1.0,4465
8.0,4466
0.0,4467
0.0,4468
2.0,4469
8.0,4470
0.0,4471
3.0,4472
0.0,4473
0.0,4474
1.0,4475
7.0,4476
0.0,4477
6.0,4478
7.0,4479
4.0,4480
0.0,4481
4.0,4482
1.0,4483
1.0,4484
4.0,4485
2.0,4486
0.0,4487
0.0,4488
3.0,4489
1.0,4490
3.0,4491
1.0,4492
1.0,4493
7.0,4494
0.0,4495
1.0,4496
1.0,4497
4.0,4498
0.0,4499
0.0,4500
3.0,4501
1.0,4502
2.0,4503
7.0,4504
3.0,4505
4.0,4506
2.0,4507
0.0,4508
3.0,4509
0.0,4510
7.0,4511
0.0,4512
0.0,4513
5.0,4514
0.0,4515
3.0,4516
1.0,4517
1.0,4518
8.0,4519
3.0,4520
0.0,4521
2.0,4522
0.0,4523
0.0,4524
7.0,4525
6.0,4526
0.0,4527
0.0,4528
5.0,4529
1.0,4530
1.0,4531
0.0,4532
3.0,4533
3.0,4534
0.0,4535
0.0,4536
1.0,4537
1.0,4538
3.0,4539
4.0,4540
0.0,4541
0.0,4542
0.0,4543
4.0,4544
3.0,4545
7.0,4546
0.0,4547
0.0,4548
3.0,4549
6.0,4550
0.0,4551
1.0,4552
0.0,4553
1.0,4554
1.0,4555
0.0,4556
8.0,4557
1.0,4558
0.0,4559
0.0,4560
1.0,4561
4.0,4562
3.0,4563
4.0,4564
8.0,4565
2.0,4566
0.0,4567
2.0,4568
3.0,4569
1.0,4570
0.0,4571
1.0,4572
2.0,4573
0.0,4574
6.0,4575
2.0,4576
3.0,4577
0.0,4578
0.0,4579
3.0,4580
2.0,4581
1.0,4582
1.0,4583
0.0,4584
3.0,4585
8.0,4586
0.0,4587
3.0,4588
1.0,4589
3.0,4590
4.0,4591
0.0,4592
6.0,4593
0.0,4594
0.0,4595
0.0,4596
2.0,4597
6.0,4598
8.0,4599
8.0,4600
0.0,4601
1.0,4602
0.0,4603
1.0,4604
3.0,4605
8.0,4606
2.0,4607
6.0,4608
0.0,4609
5.0,4610
3.0,4611
1.0,4612
1.0,4613
1.0,4614
4.0,4615
0.0,4616
0.0,4617
4.0,4618
1.0,4619
5.0,4620
8.0,4621
1.0,4622
3.0,4623
4.0,4624
0.0,4625
8.0,4626
1.0,4627
3.0,4628
4.0,4629
1.0,4630
0.0,4631
0.0,4632
1.0,4633
6.0,4634
1.0,4635
4.0,4636
6.0,4637
0.0,4638
0.0,4639
0.0,4640
8.0,4641
0.0,4642
1.0,4643
1.0,4644
1.0,4645
7.0,4646
4.0,4647
3.0,4648
0.0,4649
4.0,4650
4.0,4651
1.0,4652
1.0,4653
5.0,4654
4.0,4655
8.0,4656
3.0,4657
8.0,4658
1.0,4659
6.0,4660
8.0,4661
8.0,4662
4.0,4663
0.0,4664
0.0,4665
1.0,4666
1.0,4667
1.0,4668
2.0,4669
0.0,4670
1.0,4671
0.0,4672
3.0,4673
0.0,4674
3.0,4675
6.0,4676
2.0,4677
1.0,4678
6.0,4679
2.0,4680
3.0,4681
0.0,4682
4.0,4683
0.0,4684
1.0,4685
3.0,4686
3.0,4687
0.0,4688
3.0,4689
0.0,4690
1.0,4691
0.0,4692
4.0,4693
8.0,4694
1.0,4695
3.0,4696
1.0,4697
1.0,4698
7.0,4699
3.0,4700
0.0,4701
3.0,4702
0.0,4703
8.0,4704
3.0,4705
1.0,4706
3.0,4707
3.0,4708
4.0,4709
0.0,4710
2.0,4711
4.0,4712
1.0,4713
0.0,4714
2.0,4715
3.0,4716
6.0,4717
3.0,4718
1.0,4719
0.0,4720
0.0,4721
0.0,4722
0.0,4723
0.0,4724
4.0,4725
3.0,4726
3.0,4727
8.0,4728
0.0,4729
2.0,4730
8.0,4731
0.0,4732
1.0,4733
0.0,4734
7.0,4735
1.0,4736
1.0,4737
2.0,4738
3.0,4739
0.0,4740
1.0,4741
7.0,4742
4.0,4743
4.0,4744
0.0,4745
6.0,4746
2.0,4747
0.0,4748
2.0,4749
8.0,4750
0.0,4751
0.0,4752
3.0,4753
0.0,4754
0.0,4755
3.0,4756
8.0,4757
0.0,4758
3.0,4759
3.0,4760
3.0,4761
3.0,4762
1.0,4763
3.0,4764
3.0,4765
1.0,4766
0.0,4767
1.0,4768
1.0,4769
8.0,4770
6.0,4771
3.0,4772
0.0,4773
8.0,4774
8.0,4775
7.0,4776
0.0,4777
7.0,4778
6.0,4779
1.0,4780
0.0,4781
3.0,4782
7.0,4783
7.0,4784
1.0,4785
1.0,4786
4.0,4787
7.0,4788
0.0,4789
1.0,4790
0.0,4791
1.0,4792
8.0,4793
0.0,4794
8.0,4795
3.0,4796
1.0,4797
1.0,4798
2.0,4799
0.0,4800
0.0,4801
3.0,4802
2.0,4803
0.0,4804
0.0,4805
0.0,4806
0.0,4807
0.0,4808
1.0,4809
1.0,4810
0.0,4811
3.0,4812
1.0,4813
0.0,4814
0.0,4815
7.0,4816
1.0,4817
4.0,4818
0.0,4819
0.0,4820
3.0,4821
0.0,4822
1.0,4823
2.0,4824
5.0,4825
1.0,4826
0.0,4827
1.0,4828
0.0,4829
7.0,4830
1.0,4831
1.0,4832
4.0,4833
1.0,4834
0.0,4835
0.0,4836
3.0,4837
1.0,4838
0.0,4839
2.0,4840
8.0,4841
4.0,4842
0.0,4843
3.0,4844
0.0,4845
0.0,4846
2.0,4847
3.0,4848
1.0,4849
1.0,4850
1.0,4851
3.0,4852
1.0,4853
0.0,4854
8.0,4855
0.0,4856
0.0,4857
1.0,4858
3.0,4859
2.0,4860
2.0,4861
3.0,4862
0.0,4863
2.0,4864
0.0,4865
3.0,4866
1.0,4867
1.0,4868
1.0,4869
0.0,4870
5.0,4871
2.0,4872
3.0,4873
0.0,4874
0.0,4875
1.0,4876
0.0,4877
3.0,4878
3.0,4879
4.0,4880
6.0,4881
3.0,4882
0.0,4883
7.0,4884
2.0,4885
4.0,4886
3.0,4887
0.0,4888
6.0,4889
1.0,4890
6.0,4891
8.0,4892
1.0,4893
0.0,4894
1.0,4895
1.0,4896
1.0,4897
7.0,4898
4.0,4899
3.0,4900
4.0,4901
4.0,4902
8.0,4903
1.0,4904
0.0,4905
1.0,4906
4.0,4907
1.0,4908
3.0,4909
0.0,4910
2.0,4911
3.0,4912
3.0,4913
4.0,4914
1.0,4915
3.0,4916
3.0,4917
1.0,4918
8.0,4919
1.0,4920
0.0,4921
7.0,4922
0.0,4923
1.0,4924
8.0,4925
0.0,4926
6.0,4927
0.0,4928
0.0,4929
3.0,4930
3.0,4931
2.0,4932
4.0,4933
3.0,4934
8.0,4935
7.0,4936
1.0,4937
3.0,4938
0.0,4939
0.0,4940
0.0,4941
4.0,4942
1.0,4943
1.0,4944
0.0,4945
8.0,4946
0.0,4947
0.0,4948
0.0,4949
1.0,4950
6.0,4951
7.0,4952
0.0,4953
3.0,4954
0.0,4955
1.0,4956
3.0,4957
7.0,4958
0.0,4959
4.0,4960
1.0,4961
3.0,4962
0.0,4963
3.0,4964
1.0,4965
2.0,4966
0.0,4967
0.0,4968
1.0,4969
8.0,4970
1.0,4971
8.0,4972
8.0,4973
8.0,4974
0.0,4975
0.0,4976
0.0,4977
1.0,4978
0.0,4979
4.0,4980
1.0,4981
2.0,4982
0.0,4983
2.0,4984
4.0,4985
1.0,4986
0.0,4987
0.0,4988
1.0,4989
1.0,4990
0.0,4991
7.0,4992
0.0,4993
1.0,4994
3.0,4995
2.0,4996
1.0,4997
0.0,4998
1.0,4999
1.0,5000
7.0,5001
5.0,5002
1.0,5003
1.0,5004
3.0,5005
1.0,5006
8.0,5007
4.0,5008
0.0,5009
7.0,5010
1.0,5011
0.0,5012
1.0,5013
0.0,5014
7.0,5015
0.0,5016
2.0,5017
1.0,5018
8.0,5019
1.0,5020
0.0,5021
1.0,5022
5.0,5023
8.0,5024
1.0,5025
3.0,5026
0.0,5027
4.0,5028
3.0,5029
7.0,5030
0.0,5031
0.0,5032
0.0,5033
4.0,5034
1.0,5035
8.0,5036
3.0,5037
0.0,5038
0.0,5039
8.0,5040
4.0,5041
0.0,5042
0.0,5043
0.0,5044
0.0,5045
0.0,5046
8.0,5047
0.0,5048
7.0,5049
0.0,5050
0.0,5051
6.0,5052
1.0,5053
8.0,5054
1.0,5055
1.0,5056
3.0,5057
0.0,5058
0.0,5059
2.0,5060
0.0,5061
0.0,5062
3.0,5063
0.0,5064
0.0,5065
0.0,5066
0.0,5067
3.0,5068
0.0,5069
2.0,5070
0.0,5071
3.0,5072
8.0,5073
3.0,5074
0.0,5075
1.0,5076
1.0,5077
1.0,5078
0.0,5079
3.0,5080
6.0,5081
0.0,5082
8.0,5083
0.0,5084
0.0,5085
0.0,5086
6.0,5087
0.0,5088
0.0,5089
1.0,5090
1.0,5091
4.0,5092
8.0,5093
7.0,5094
7.0,5095
2.0,5096
0.0,5097
0.0,5098
4.0,5099
1.0,5100
0.0,5101
1.0,5102
2.0,5103
8.0,5104
7.0,5105
3.0,5106
0.0,5107
2.0,5108
1.0,5109
0.0,5110
4.0,5111
1.0,5112
3.0,5113
4.0,5114
2.0,5115
2.0,5116
1.0,5117
0.0,5118
1.0,5119
0.0,5120
0.0,5121
1.0,5122
5.0,5123
8.0,5124
4.0,5125
4.0,5126
1.0,5127
4.0,5128
0.0,5129
0.0,5130
4.0,5131
0.0,5132
0.0,5133
1.0,5134
0.0,5135
0.0,5136
6.0,5137
0.0,5138
1.0,5139
3.0,5140
7.0,5141
0.0,5142
3.0,5143
0.0,5144
4.0,5145
1.0,5146
2.0,5147
4.0,5148
0.0,5149
3.0,5150
0.0,5151
8.0,5152
1.0,5153
0.0,5154
0.0,5155
0.0,5156
0.0,5157
1.0,5158
0.0,5159
6.0,5160
7.0,5161
6.0,5162
0.0,5163
2.0,5164
1.0,5165
2.0,5166
1.0,5167
4.0,5168
0.0,5169
1.0,5170
2.0,5171
7.0,5172
3.0,5173
4.0,5174
0.0,5175
0.0,5176
0.0,5177
4.0,5178
3.0,5179
2.0,5180
2.0,5181
6.0,5182
6.0,5183
2.0,5184
1.0,5185
0.0,5186
0.0,5187
4.0,5188
0.0,5189
0.0,5190
0.0,5191
1.0,5192
2.0,5193
4.0,5194
8.0,5195
0.0,5196
4.0,5197
1.0,5198
2.0,5199
3.0,5200
0.0,5201
8.0,5202
8.0,5203
2.0,5204
0.0,5205
6.0,5206
0.0,5207
1.0,5208
1.0,5209
3.0,5210
1.0,5211
1.0,5212
2.0,5213
5.0,5214
0.0,5215
8.0,5216
8.0,5217
0.0,5218
0.0,5219
0.0,5220
0.0,5221
0.0,5222
1.0,5223
6.0,5224
0.0,5225
1.0,5226
1.0,5227
0.0,5228
1.0,5229
2.0,5230
0.0,5231
0.0,5232
4.0,5233
7.0,5234
0.0,5235
1.0,5236
2.0,5237
5.0,5238
0.0,5239
5.0,5240
0.0,5241
0.0,5242
4.0,5243
0.0,5244
1.0,5245
8.0,5246
8.0,5247
0.0,5248
7.0,5249
4.0,5250
8.0,5251
7.0,5252
0.0,5253
6.0,5254
0.0,5255
4.0,5256
3.0,5257
8.0,5258
0.0,5259
0.0,5260
2.0,5261
6.0,5262
0.0,5263
0.0,5264
3.0,5265
0.0,5266
0.0,5267
0.0,5268
0.0,5269
7.0,5270
3.0,5271
3.0,5272
1.0,5273
4.0,5274
2.0,5275
5.0,5276
2.0,5277
8.0,5278
1.0,5279
7.0,5280
4.0,5281
3.0,5282
7.0,5283
1.0,5284
3.0,5285
1.0,5286
0.0,5287
7.0,5288
0.0,5289
1.0,5290
4.0,5291
0.0,5292
0.0,5293
3.0,5294
6.0,5295
3.0,5296
4.0,5297
0.0,5298
1.0,5299
4.0,5300
1.0,5301
0.0,5302
0.0,5303
0.0,5304
8.0,5305
0.0,5306
5.0,5307
4.0,5308
0.0,5309
2.0,5310
1.0,5311
1.0,5312
3.0,5313
6.0,5314
3.0,5315
6.0,5316
0.0,5317
4.0,5318
0.0,5319
3.0,5320
4.0,5321
1.0,5322
0.0,5323
0.0,5324
1.0,5325
0.0,5326
0.0,5327
0.0,5328
0.0,5329
4.0,5330
0.0,5331
0.0,5332
7.0,5333
3.0,5334
0.0,5335
1.0,5336
3.0,5337
7.0,5338
0.0,5339
0.0,5340
1.0,5341
1.0,5342
0.0,5343
4.0,5344
1.0,5345
2.0,5346
4.0,5347
5.0,5348
8.0,5349
3.0,5350
0.0,5351
0.0,5352
6.0,5353
0.0,5354
1.0,5355
2.0,5356
8.0,5357
8.0,5358
1.0,5359
1.0,5360
8.0,5361
2.0,5362
6.0,5363
3.0,5364
1.0,5365
1.0,5366
4.0,5367
0.0,5368
2.0,5369
2.0,5370
1.0,5371
7.0,5372
1.0,5373
1.0,5374
0.0,5375
1.0,5376
1.0,5377
0.0,5378
4.0,5379
2.0,5380
7.0,5381
0.0,5382
8.0,5383
1.0,5384
1.0,5385
0.0,5386
3.0,5387
0.0,5388
6.0,5389
1.0,5390
8.0,5391
0.0,5392
0.0,5393
0.0,5394
0.0,5395
3.0,5396
0.0,5397
2.0,5398
0.0,5399
3.0,5400
8.0,5401
7.0,5402
0.0,5403
0.0,5404
3.0,5405
3.0,5406
0.0,5407
1.0,5408
2.0,5409
0.0,5410
3.0,5411
0.0,5412
0.0,5413
3.0,5414
0.0,5415
2.0,5416
1.0,5417
4.0,5418
6.0,5419
4.0,5420
4.0,5421
0.0,5422
0.0,5423
6.0,5424
6.0,5425
1.0,5426
0.0,5427
6.0,5428
0.0,5429
0.0,5430
0.0,5431
4.0,5432
5.0,5433
1.0,5434
0.0,5435
0.0,5436
6.0,5437
4.0,5438
0.0,5439
8.0,5440
4.0,5441
8.0,5442
4.0,5443
4.0,5444
1.0,5445
0.0,5446
0.0,5447
6.0,5448
0.0,5449
7.0,5450
0.0,5451
0.0,5452
2.0,5453
0.0,5454
2.0,5455
8.0,5456
7.0,5457
2.0,5458
2.0,5459
1.0,5460
1.0,5461
0.0,5462
7.0,5463
4.0,5464
3.0,5465
1.0,5466
1.0,5467
3.0,5468
6.0,5469
7.0,5470
2.0,5471
0.0,5472
1.0,5473
0.0,5474
7.0,5475
4.0,5476
0.0,5477
0.0,5478
1.0,5479
0.0,5480
0.0,5481
0.0,5482
3.0,5483
7.0,5484
0.0,5485
0.0,5486
8.0,5487
0.0,5488
1.0,5489
0.0,5490
0.0,5491
3.0,5492
1.0,5493
0.0,5494
0.0,5495
6.0,5496
1.0,5497
1.0,5498
2.0,5499
8.0,5500
3.0,5501
0.0,5502
3.0,5503
5.0,5504
1.0,5505
1.0,5506
6.0,5507
0.0,5508
2.0,5509
0.0,5510
0.0,5511
4.0,5512
1.0,5513
1.0,5514
1.0,5515
7.0,5516
0.0,5517
1.0,5518
0.0,5519
3.0,5520
0.0,5521
0.0,5522
8.0,5523
0.0,5524
2.0,5525
5.0,5526
2.0,5527
3.0,5528
5.0,5529
3.0,5530
6.0,5531
0.0,5532
0.0,5533
3.0,5534
0.0,5535
0.0,5536
0.0,5537
8.0,5538
1.0,5539
2.0,5540
1.0,5541
3.0,5542
1.0,5543
2.0,5544
3.0,5545
1.0,5546
4.0,5547
3.0,5548
7.0,5549
0.0,5550
0.0,5551
4.0,5552
0.0,5553
8.0,5554
3.0,5555
1.0,5556
1.0,5557
0.0,5558
0.0,5559
8.0,5560
1.0,5561
0.0,5562
7.0,5563
7.0,5564
1.0,5565
0.0,5566
3.0,5567
2.0,5568
3.0,5569
4.0,5570
0.0,5571
3.0,5572
2.0,5573
6.0,5574
2.0,5575
3.0,5576
1.0,5577
3.0,5578
5.0,5579
1.0,5580
1.0,5581
0.0,5582
0.0,5583
1.0,5584
4.0,5585
1.0,5586
0.0,5587
0.0,5588
2.0,5589
4.0,5590
4.0,5591
3.0,5592
1.0,5593
0.0,5594
4.0,5595
1.0,5596
2.0,5597
0.0,5598
0.0,5599
0.0,5600
3.0,5601
0.0,5602
0.0,5603
1.0,5604
1.0,5605
6.0,5606
1.0,5607
1.0,5608
4.0,5609
7.0,5610
1.0,5611
4.0,5612
3.0,5613
4.0,5614
1.0,5615
1.0,5616
6.0,5617
2.0,5618
3.0,5619
2.0,5620
1.0,5621
0.0,5622
4.0,5623
0.0,5624
0.0,5625
7.0,5626
4.0,5627
7.0,5628
0.0,5629
8.0,5630
1.0,5631
7.0,5632
6.0,5633
0.0,5634
0.0,5635
0.0,5636
1.0,5637
0.0,5638
1.0,5639
0.0,5640
7.0,5641
7.0,5642
3.0,5643
3.0,5644
4.0,5645
1.0,5646
6.0,5647
3.0,5648
2.0,5649
0.0,5650
0.0,5651
4.0,5652
1.0,5653
0.0,5654
3.0,5655
8.0,5656
3.0,5657
4.0,5658
6.0,5659
1.0,5660
1.0,5661
0.0,5662
0.0,5663
0.0,5664
4.0,5665
0.0,5666
3.0,5667
0.0,5668
1.0,5669
4.0,5670
0.0,5671
2.0,5672
1.0,5673
0.0,5674
0.0,5675
0.0,5676
0.0,5677
0.0,5678
1.0,5679
0.0,5680
1.0,5681
0.0,5682
8.0,5683
1.0,5684
0.0,5685
0.0,5686
1.0,5687
0.0,5688
2.0,5689
6.0,5690
5.0,5691
3.0,5692
4.0,5693
0.0,5694
7.0,5695
6.0,5696
8.0,5697
3.0,5698
0.0,5699
0.0,5700
1.0,5701
3.0,5702
0.0,5703
0.0,5704
0.0,5705
3.0,5706
1.0,5707
0.0,5708
7.0,5709
0.0,5710
0.0,5711
4.0,5712
7.0,5713
6.0,5714
4.0,5715
2.0,5716
0.0,5717
0.0,5718
0.0,5719
8.0,5720
1.0,5721
1.0,5722
0.0,5723
3.0,5724
0.0,5725
1.0,5726
0.0,5727
3.0,5728
8.0,5729
1.0,5730
6.0,5731
0.0,5732
1.0,5733
1.0,5734
0.0,5735
3.0,5736
1.0,5737
4.0,5738
3.0,5739
1.0,5740
8.0,5741
5.0,5742
0.0,5743
7.0,5744
6.0,5745
1.0,5746
3.0,5747
1.0,5748
0.0,5749
4.0,5750
3.0,5751
0.0,5752
0.0,5753
7.0,5754
0.0,5755
0.0,5756
5.0,5757
3.0,5758
1.0,5759
1.0,5760
8.0,5761
0.0,5762
0.0,5763
0.0,5764
6.0,5765
8.0,5766
0.0,5767
2.0,5768
5.0,5769
1.0,5770
0.0,5771
1.0,5772
6.0,5773
0.0,5774
8.0,5775
0.0,5776
6.0,5777
1.0,5778
1.0,5779
4.0,5780
2.0,5781
2.0,5782
0.0,5783
1.0,5784
1.0,5785
7.0,5786
1.0,5787
1.0,5788
7.0,5789
0.0,5790
0.0,5791
1.0,5792
3.0,5793
7.0,5794
5.0,5795
4.0,5796
0.0,5797
2.0,5798
0.0,5799
7.0,5800
3.0,5801
0.0,5802
0.0,5803
8.0,5804
0.0,5805
3.0,5806
1.0,5807
0.0,5808
3.0,5809
2.0,5810
1.0,5811
1.0,5812
4.0,5813
7.0,5814
8.0,5815
0.0,5816
1.0,5817
3.0,5818
0.0,5819
8.0,5820
0.0,5821
3.0,5822
1.0,5823
0.0,5824
3.0,5825
0.0,5826
0.0,5827
3.0,5828
8.0,5829
1.0,5830
2.0,5831
3.0,5832
4.0,5833
0.0,5834
3.0,5835
0.0,5836
2.0,5837
0.0,5838
1.0,5839
0.0,5840
1.0,5841
6.0,5842
1.0,5843
0.0,5844
0.0,5845
0.0,5846
0.0,5847
2.0,5848
0.0,5849
2.0,5850
3.0,5851
2.0,5852
0.0,5853
1.0,5854
7.0,5855
4.0,5856
8.0,5857
6.0,5858
0.0,5859
0.0,5860
2.0,5861
4.0,5862
2.0,5863
1.0,5864
3.0,5865
1.0,5866
0.0,5867
1.0,5868
0.0,5869
2.0,5870
4.0,5871
1.0,5872
1.0,5873
0.0,5874
2.0,5875
1.0,5876
0.0,5877
1.0,5878
8.0,5879
2.0,5880
0.0,5881
3.0,5882
0.0,5883
5.0,5884
1.0,5885
2.0,5886
2.0,5887
5.0,5888
1.0,5889
8.0,5890
8.0,5891
4.0,5892
0.0,5893
0.0,5894
0.0,5895
0.0,5896
1.0,5897
0.0,5898
4.0,5899
3.0,5900
0.0,5901
0.0,5902
6.0,5903
1.0,5904
1.0,5905
0.0,5906
0.0,5907
7.0,5908
0.0,5909
5.0,5910
4.0,5911
4.0,5912
8.0,5913
6.0,5914
0.0,5915
0.0,5916
1.0,5917
3.0,5918
1.0,5919
2.0,5920
1.0,5921
0.0,5922
3.0,5923
4.0,5924
7.0,5925
1.0,5926
2.0,5927
0.0,5928
2.0,5929
0.0,5930
0.0,5931
1.0,5932
1.0,5933
1.0,5934
0.0,5935
0.0,5936
5.0,5937
6.0,5938
5.0,5939
8.0,5940
8.0,5941
3.0,5942
3.0,5943
0.0,5944
8.0,5945
0.0,5946
0.0,5947
3.0,5948
1.0,5949
0.0,5950
0.0,5951
4.0,5952
2.0,5953
7.0,5954
0.0,5955
1.0,5956
2.0,5957
0.0,5958
8.0,5959
4.0,5960
1.0,5961
8.0,5962
7.0,5963
3.0,5964
0.0,5965
0.0,5966
1.0,5967
1.0,5968
1.0,5969
1.0,5970
0.0,5971
0.0,5972
0.0,5973
8.0,5974
0.0,5975
1.0,5976
2.0,5977
0.0,5978
8.0,5979
7.0,5980
0.0,5981
4.0,5982
2.0,5983
0.0,5984
2.0,5985
4.0,5986
0.0,5987
0.0,5988
3.0,5989
0.0,5990
0.0,5991
0.0,5992
3.0,5993
3.0,5994
2.0,5995
3.0,5996
2.0,5997
0.0,5998
0.0,5999
1.0,6000
6.0,6001
1.0,6002
1.0,6003
8.0,6004
3.0,6005
2.0,6006
0.0,6007
6.0,6008
2.0,6009
7.0,6010
2.0,6011
0.0,6012
4.0,6013
2.0,6014
0.0,6015
0.0,6016
0.0,6017
0.0,6018
4.0,6019
0.0,6020
0.0,6021
0.0,6022
4.0,6023
1.0,6024
2.0,6025
2.0,6026
7.0,6027
3.0,6028
3.0,6029
2.0,6030
8.0,6031
2.0,6032
0.0,6033
3.0,6034
1.0,6035
0.0,6036
2.0,6037
3.0,6038
0.0,6039
4.0,6040
3.0,6041
0.0,6042
0.0,6043
0.0,6044
2.0,6045
3.0,6046
3.0,6047
4.0,6048
1.0,6049
0.0,6050
0.0,6051
1.0,6052
5.0,6053
2.0,6054
4.0,6055
8.0,6056
0.0,6057
0.0,6058
6.0,6059
8.0,6060
3.0,6061
2.0,6062
8.0,6063
4.0,6064
1.0,6065
0.0,6066
0.0,6067
0.0,6068
0.0,6069
5.0,6070
2.0,6071
8.0,6072
0.0,6073
4.0,6074
8.0,6075
3.0,6076
0.0,6077
0.0,6078
3.0,6079
0.0,6080
4.0,6081
1.0,6082
6.0,6083
0.0,6084
4.0,6085
3.0,6086
8.0,6087
8.0,6088
4.0,6089
0.0,6090
3.0,6091
1.0,6092
0.0,6093
0.0,6094
4.0,6095
1.0,6096
0.0,6097
1.0,6098
1.0,6099
1.0,6100
4.0,6101
8.0,6102
0.0,6103
1.0,6104
4.0,6105
0.0,6106
4.0,6107
0.0,6108
0.0,6109
2.0,6110
4.0,6111
2.0,6112
0.0,6113
4.0,6114
0.0,6115
1.0,6116
0.0,6117
3.0,6118
2.0,6119
0.0,6120
0.0,6121
7.0,6122
0.0,6123
1.0,6124
0.0,6125
0.0,6126
4.0,6127
4.0,6128
0.0,6129
1.0,6130
6.0,6131
0.0,6132
1.0,6133
2.0,6134
0.0,6135
0.0,6136
5.0,6137
0.0,6138
3.0,6139
1.0,6140
3.0,6141
0.0,6142
1.0,6143
0.0,6144
4.0,6145
3.0,6146
0.0,6147
0.0,6148
3.0,6149
1.0,6150
0.0,6151
0.0,6152
8.0,6153
3.0,6154
1.0,6155
0.0,6156
0.0,6157
0.0,6158
1.0,6159
1.0,6160
1.0,6161
2.0,6162
0.0,6163
0.0,6164
4.0,6165
1.0,6166
4.0,6167
0.0,6168
1.0,6169
1.0,6170
6.0,6171
2.0,6172
8.0,6173
1.0,6174
0.0,6175
2.0,6176
1.0,6177
0.0,6178
0.0,6179
2.0,6180
0.0,6181
0.0,6182
4.0,6183
0.0,6184
7.0,6185
4.0,6186
1.0,6187
2.0,6188
5.0,6189
0.0,6190
1.0,6191
0.0,6192
0.0,6193
1.0,6194
0.0,6195
6.0,6196
0.0,6197
0.0,6198
1.0,6199
0.0,6200
0.0,6201
0.0,6202
1.0,6203
0.0,6204
1.0,6205
2.0,6206
0.0,6207
1.0,6208
1.0,6209
3.0,6210
0.0,6211
4.0,6212
0.0,6213
1.0,6214
4.0,6215
0.0,6216
0.0,6217
1.0,6218
0.0,6219
6.0,6220
1.0,6221
1.0,6222
6.0,6223
4.0,6224
3.0,6225
3.0,6226
0.0,6227
0.0,6228
0.0,6229
6.0,6230
1.0,6231
1.0,6232
0.0,6233
0.0,6234
1.0,6235
0.0,6236
4.0,6237
0.0,6238
2.0,6239
0.0,6240
3.0,6241
2.0,6242
0.0,6243
3.0,6244
1.0,6245
0.0,6246
5.0,6247
2.0,6248
0.0,6249
7.0,6250
6.0,6251
0.0,6252
2.0,6253
3.0,6254
7.0,6255
4.0,6256
8.0,6257
2.0,6258
0.0,6259
4.0,6260
4.0,6261
8.0,6262
7.0,6263
4.0,6264
0.0,6265
0.0,6266
2.0,6267
7.0,6268
0.0,6269
3.0,6270
4.0,6271
2.0,6272
0.0,6273
0.0,6274
3.0,6275
3.0,6276
0.0,6277
0.0,6278
0.0,6279
7.0,6280
0.0,6281
1.0,6282
7.0,6283
4.0,6284
0.0,6285
0.0,6286
6.0,6287
0.0,6288
0.0,6289
1.0,6290
3.0,6291
1.0,6292
2.0,6293
0.0,6294
0.0,6295
3.0,6296
4.0,6297
3.0,6298
4.0,6299
2.0,6300
1.0,6301
8.0,6302
4.0,6303
1.0,6304
8.0,6305
1.0,6306
6.0,6307
1.0,6308
0.0,6309
0.0,6310
1.0,6311
0.0,6312
3.0,6313
1.0,6314
2.0,6315
6.0,6316
1.0,6317
0.0,6318
1.0,6319
1.0,6320
1.0,6321
0.0,6322
8.0,6323
1.0,6324
0.0,6325
1.0,6326
2.0,6327
0.0,6328
7.0,6329
8.0,6330
0.0,6331
0.0,6332
0.0,6333
0.0,6334
1.0,6335
1.0,6336
6.0,6337
0.0,6338
1.0,6339
3.0,6340
1.0,6341
0.0,6342
1.0,6343
0.0,6344
4.0,6345
1.0,6346
0.0,6347
4.0,6348
7.0,6349
1.0,6350
0.0,6351
4.0,6352
0.0,6353
0.0,6354
0.0,6355
1.0,6356
0.0,6357
0.0,6358
0.0,6359
8.0,6360
1.0,6361
0.0,6362
5.0,6363
1.0,6364
0.0,6365
1.0,6366
6.0,6367
1.0,6368
4.0,6369
3.0,6370
1.0,6371
1.0,6372
0.0,6373
0.0,6374
1.0,6375
3.0,6376
0.0,6377
4.0,6378
0.0,6379
0.0,6380
5.0,6381
0.0,6382
2.0,6383
1.0,6384
1.0,6385
1.0,6386
2.0,6387
0.0,6388
0.0,6389
3.0,6390
1.0,6391
1.0,6392
2.0,6393
6.0,6394
3.0,6395
8.0,6396
3.0,6397
1.0,6398
0.0,6399
1.0,6400
0.0,6401
0.0,6402
0.0,6403
1.0,6404
4.0,6405
3.0,6406
3.0,6407
3.0,6408
1.0,6409
0.0,6410
2.0,6411
0.0,6412
0.0,6413
1.0,6414
4.0,6415
1.0,6416
1.0,6417
0.0,6418
3.0,6419
3.0,6420
5.0,6421
3.0,6422
0.0,6423
3.0,6424
2.0,6425
0.0,6426
6.0,6427
1.0,6428
0.0,6429
1.0,6430
1.0,6431
0.0,6432
1.0,6433
7.0,6434
0.0,6435
0.0,6436
1.0,6437
1.0,6438
0.0,6439
7.0,6440
3.0,6441
1.0,6442
0.0,6443
4.0,6444
3.0,6445
1.0,6446
4.0,6447
0.0,6448
0.0,6449
0.0,6450
1.0,6451
0.0,6452
0.0,6453
2.0,6454
0.0,6455
8.0,6456
0.0,6457
0.0,6458
3.0,6459
3.0,6460
8.0,6461
0.0,6462
3.0,6463
8.0,6464
2.0,6465
1.0,6466
1.0,6467
1.0,6468
0.0,6469
0.0,6470
0.0,6471
0.0,6472
1.0,6473
0.0,6474
0.0,6475
0.0,6476
0.0,6477
0.0,6478
2.0,6479
1.0,6480
7.0,6481
1.0,6482
1.0,6483
4.0,6484
0.0,6485
3.0,6486
2.0,6487
0.0,6488
1.0,6489
2.0,6490
1.0,6491
8.0,6492
0.0,6493
0.0,6494
3.0,6495
4.0,6496
7.0,6497
8.0,6498
1.0,6499
0.0,6500
8.0,6501
4.0,6502
0.0,6503
0.0,6504
0.0,6505
7.0,6506
2.0,6507
2.0,6508
1.0,6509
0.0,6510
4.0,6511
0.0,6512
3.0,6513
0.0,6514
1.0,6515
0.0,6516
0.0,6517
0.0,6518
1.0,6519
3.0,6520
8.0,6521
7.0,6522
4.0,6523
3.0,6524
0.0,6525
0.0,6526
2.0,6527
5.0,6528
2.0,6529
3.0,6530
0.0,6531
4.0,6532
0.0,6533
0.0,6534
6.0,6535
6.0,6536
0.0,6537
0.0,6538
4.0,6539
0.0,6540
0.0,6541
1.0,6542
0.0,6543
4.0,6544
3.0,6545
3.0,6546
0.0,6547
1.0,6548
0.0,6549
7.0,6550
0.0,6551
8.0,6552
0.0,6553
1.0,6554
7.0,6555
0.0,6556
1.0,6557
1.0,6558
0.0,6559
0.0,6560
3.0,6561
3.0,6562
0.0,6563
0.0,6564
0.0,6565
1.0,6566
3.0,6567
1.0,6568
0.0,6569
6.0,6570
1.0,6571
5.0,6572
4.0,6573
7.0,6574
0.0,6575
0.0,6576
1.0,6577
0.0,6578
3.0,6579
8.0,6580
3.0,6581
1.0,6582
8.0,6583
0.0,6584
2.0,6585
1.0,6586
1.0,6587
0.0,6588
6.0,6589
0.0,6590
8.0,6591
7.0,6592
4.0,6593
0.0,6594
0.0,6595
0.0,6596
0.0,6597
2.0,6598
1.0,6599
1.0,6600
0.0,6601
0.0,6602
0.0,6603
0.0,6604
2.0,6605
3.0,6606
4.0,6607
3.0,6608
6.0,6609
2.0,6610
3.0,6611
1.0,6612
5.0,6613
3.0,6614
8.0,6615
1.0,6616
1.0,6617
6.0,6618
0.0,6619
3.0,6620
2.0,6621
1.0,6622
3.0,6623
3.0,6624
0.0,6625
0.0,6626
0.0,6627
0.0,6628
8.0,6629
8.0,6630
1.0,6631
1.0,6632
0.0,6633
0.0,6634
1.0,6635
1.0,6636
0.0,6637
0.0,6638
6.0,6639
0.0,6640
0.0,6641
5.0,6642
0.0,6643
5.0,6644
1.0,6645
0.0,6646
1.0,6647
1.0,6648
0.0,6649
0.0,6650
7.0,6651
0.0,6652
1.0,6653
0.0,6654
0.0,6655
1.0,6656
5.0,6657
6.0,6658
0.0,6659
0.0,6660
3.0,6661
1.0,6662
3.0,6663
6.0,6664
0.0,6665
0.0,6666
2.0,6667
2.0,6668
2.0,6669
3.0,6670
0.0,6671
3.0,6672
0.0,6673
0.0,6674
4.0,6675
0.0,6676
0.0,6677
1.0,6678
0.0,6679
1.0,6680
3.0,6681
7.0,6682
1.0,6683
7.0,6684
6.0,6685
0.0,6686
4.0,6687
2.0,6688
4.0,6689
0.0,6690
0.0,6691
1.0,6692
0.0,6693
1.0,6694
1.0,6695
0.0,6696
0.0,6697
0.0,6698
4.0,6699
0.0,6700
1.0,6701
0.0,6702
0.0,6703
0.0,6704
1.0,6705
3.0,6706
8.0,6707
2.0,6708
8.0,6709
3.0,6710
0.0,6711
0.0,6712
0.0,6713
7.0,6714
0.0,6715
1.0,6716
0.0,6717
7.0,6718
7.0,6719
0.0,6720
4.0,6721
0.0,6722
0.0,6723
8.0,6724
8.0,6725
0.0,6726
0.0,6727
0.0,6728
0.0,6729
2.0,6730
0.0,6731
1.0,6732
1.0,6733
2.0,6734
4.0,6735
2.0,6736
5.0,6737
4.0,6738
0.0,6739
0.0,6740
3.0,6741
0.0,6742
0.0,6743
1.0,6744
3.0,6745
2.0,6746
0.0,6747
5.0,6748
2.0,6749
1.0,6750
0.0,6751
0.0,6752
0.0,6753
7.0,6754
7.0,6755
1.0,6756
0.0,6757
0.0,6758
5.0,6759
0.0,6760
6.0,6761
7.0,6762
1.0,6763
0.0,6764
7.0,6765
0.0,6766
3.0,6767
4.0,6768
0.0,6769
0.0,6770
1.0,6771
1.0,6772
1.0,6773
4.0,6774
8.0,6775
0.0,6776
3.0,6777
0.0,6778
0.0,6779
8.0,6780
7.0,6781
3.0,6782
1.0,6783
0.0,6784
0.0,6785
4.0,6786
0.0,6787
0.0,6788
2.0,6789
2.0,6790
7.0,6791
7.0,6792
6.0,6793
1.0,6794
0.0,6795
0.0,6796
1.0,6797
7.0,6798
0.0,6799
6.0,6800
3.0,6801
1.0,6802
4.0,6803
2.0,6804
3.0,6805
1.0,6806
1.0,6807
0.0,6808
0.0,6809
8.0,6810
2.0,6811
0.0,6812
5.0,6813
8.0,6814
1.0,6815
4.0,6816
2.0,6817
1.0,6818
3.0,6819
1.0,6820
2.0,6821
6.0,6822
0.0,6823
0.0,6824
3.0,6825
0.0,6826
1.0,6827
2.0,6828
1.0,6829
0.0,6830
4.0,6831
5.0,6832
2.0,6833
3.0,6834
0.0,6835
0.0,6836
8.0,6837
0.0,6838
0.0,6839
0.0,6840
0.0,6841
3.0,6842
8.0,6843
4.0,6844
0.0,6845
4.0,6846
1.0,6847
0.0,6848
5.0,6849
3.0,6850
7.0,6851
0.0,6852
0.0,6853
0.0,6854
3.0,6855
0.0,6856
0.0,6857
0.0,6858
1.0,6859
0.0,6860
1.0,6861
0.0,6862
8.0,6863
6.0,6864
3.0,6865
2.0,6866
1.0,6867
0.0,6868
0.0,6869
4.0,6870
6.0,6871
1.0,6872
2.0,6873
1.0,6874
0.0,6875
0.0,6876
4.0,6877
8.0,6878
1.0,6879
8.0,6880
6.0,6881
0.0,6882
8.0,6883
0.0,6884
0.0,6885
4.0,6886
0.0,6887
1.0,6888
4.0,6889
0.0,6890
1.0,6891
0.0,6892
1.0,6893
8.0,6894
0.0,6895
6.0,6896
3.0,6897
1.0,6898
0.0,6899
8.0,6900
0.0,6901
4.0,6902
1.0,6903
3.0,6904
0.0,6905
0.0,6906
5.0,6907
1.0,6908
1.0,6909
3.0,6910
7.0,6911
0.0,6912
1.0,6913
2.0,6914
1.0,6915
1.0,6916
1.0,6917
3.0,6918
1.0,6919
1.0,6920
4.0,6921
2.0,6922
1.0,6923
0.0,6924
0.0,6925
2.0,6926
0.0,6927
0.0,6928
0.0,6929
0.0,6930
0.0,6931
3.0,6932
2.0,6933
3.0,6934
0.0,6935
0.0,6936
2.0,6937
7.0,6938
1.0,6939
0.0,6940
1.0,6941
2.0,6942
0.0,6943
0.0,6944
2.0,6945
3.0,6946
0.0,6947
3.0,6948
1.0,6949
2.0,6950
0.0,6951
8.0,6952
1.0,6953
1.0,6954
0.0,6955
1.0,6956
2.0,6957
0.0,6958
3.0,6959
0.0,6960
0.0,6961
7.0,6962
3.0,6963
2.0,6964
1.0,6965
1.0,6966
2.0,6967
1.0,6968
0.0,6969
5.0,6970
1.0,6971
2.0,6972
2.0,6973
0.0,6974
4.0,6975
4.0,6976
3.0,6977
0.0,6978
2.0,6979
0.0,6980
0.0,6981
2.0,6982
3.0,6983
1.0,6984
0.0,6985
0.0,6986
3.0,6987
1.0,6988
2.0,6989
4.0,6990
0.0,6991
8.0,6992
0.0,6993
6.0,6994
4.0,6995
1.0,6996
0.0,6997
4.0,6998
1.0,6999
7.0,7000
2.0,7001
8.0,7002
0.0,7003
0.0,7004
1.0,7005
3.0,7006
1.0,7007
1.0,7008
2.0,7009
6.0,7010
0.0,7011
4.0,7012
8.0,7013
3.0,7014
0.0,7015
0.0,7016
1.0,7017
2.0,7018
8.0,7019
8.0,7020
1.0,7021
2.0,7022
1.0,7023
0.0,7024
1.0,7025
0.0,7026
5.0,7027
3.0,7028
8.0,7029
3.0,7030
0.0,7031
0.0,7032
8.0,7033
0.0,7034
8.0,7035
4.0,7036
1.0,7037
4.0,7038
0.0,7039
0.0,7040
5.0,7041
7.0,7042
3.0,7043
4.0,7044
1.0,7045
0.0,7046
4.0,7047
0.0,7048
0.0,7049
1.0,7050
0.0,7051
0.0,7052
1.0,7053
4.0,7054
6.0,7055
2.0,7056
0.0,7057
0.0,7058
1.0,7059
4.0,7060
7.0,7061
0.0,7062
0.0,7063
3.0,7064
1.0,7065
6.0,7066
0.0,7067
0.0,7068
2.0,7069
8.0,7070
1.0,7071
1.0,7072
0.0,7073
0.0,7074
6.0,7075
4.0,7076
7.0,7077
0.0,7078
4.0,7079
3.0,7080
0.0,7081
0.0,7082
4.0,7083
3.0,7084
0.0,7085
0.0,7086
0.0,7087
0.0,7088
3.0,7089
0.0,7090
4.0,7091
3.0,7092
7.0,7093
2.0,7094
0.0,7095
7.0,7096
6.0,7097
0.0,7098
0.0,7099
3.0,7100
0.0,7101
1.0,7102
3.0,7103
0.0,7104
6.0,7105
0.0,7106
3.0,7107
2.0,7108
0.0,7109
5.0,7110
3.0,7111
1.0,7112
2.0,7113
4.0,7114
3.0,7115
1.0,7116
5.0,7117
0.0,7118
1.0,7119
0.0,7120
3.0,7121
0.0,7122
1.0,7123
3.0,7124
0.0,7125
0.0,7126
3.0,7127
7.0,7128
0.0,7129
1.0,7130
3.0,7131
0.0,7132
0.0,7133
4.0,7134
1.0,7135
6.0,7136
6.0,7137
0.0,7138
2.0,7139
1.0,7140
0.0,7141
1.0,7142
3.0,7143
3.0,7144
1.0,7145
0.0,7146
3.0,7147
7.0,7148
3.0,7149
0.0,7150
8.0,7151
1.0,7152
2.0,7153
0.0,7154
8.0,7155
0.0,7156
4.0,7157
2.0,7158
6.0,7159
0.0,7160
3.0,7161
4.0,7162
1.0,7163
7.0,7164
0.0,7165
3.0,7166
2.0,7167
0.0,7168
0.0,7169
0.0,7170
4.0,7171
4.0,7172
3.0,7173
4.0,7174
3.0,7175
3.0,7176
5.0,7177
4.0,7178
0.0,7179
0.0,7180
0.0,7181
1.0,7182
1.0,7183
0.0,7184
1.0,7185
7.0,7186
5.0,7187
3.0,7188
3.0,7189
0.0,7190
1.0,7191
1.0,7192
0.0,7193
8.0,7194
4.0,7195
3.0,7196
8.0,7197
6.0,7198
0.0,7199
4.0,7200
3.0,7201
1.0,7202
4.0,7203
1.0,7204
3.0,7205
4.0,7206
3.0,7207
2.0,7208
0.0,7209
1.0,7210
0.0,7211
1.0,7212
0.0,7213
3.0,7214
4.0,7215
2.0,7216
0.0,7217
2.0,7218
0.0,7219
0.0,7220
0.0,7221
1.0,7222
3.0,7223
0.0,7224
8.0,7225
7.0,7226
0.0,7227
1.0,7228
3.0,7229
5.0,7230
8.0,7231
5.0,7232
0.0,7233
3.0,7234
4.0,7235
6.0,7236
1.0,7237
1.0,7238
1.0,7239
0.0,7240
2.0,7241
0.0,7242
2.0,7243
1.0,7244
1.0,7245
2.0,7246
1.0,7247
1.0,7248
1.0,7249
1.0,7250
1.0,7251
1.0,7252
8.0,7253
1.0,7254
3.0,7255
1.0,7256
0.0,7257
8.0,7258
0.0,7259
1.0,7260
0.0,7261
1.0,7262
8.0,7263
1.0,7264
4.0,7265
1.0,7266
4.0,7267
2.0,7268
6.0,7269
4.0,7270
1.0,7271
0.0,7272
0.0,7273
2.0,7274
2.0,7275
1.0,7276
0.0,7277
0.0,7278
4.0,7279
1.0,7280
0.0,7281
0.0,7282
0.0,7283
4.0,7284
0.0,7285
0.0,7286
0.0,7287
0.0,7288
8.0,7289
7.0,7290
2.0,7291
3.0,7292
1.0,7293
1.0,7294
8.0,7295
1.0,7296
7.0,7297
1.0,7298
5.0,7299
1.0,7300
5.0,7301
7.0,7302
3.0,7303
8.0,7304
8.0,7305
1.0,7306
4.0,7307
0.0,7308
6.0,7309
4.0,7310
0.0,7311
4.0,7312
0.0,7313
0.0,7314
0.0,7315
3.0,7316
5.0,7317
8.0,7318
5.0,7319
2.0,7320
0.0,7321
3.0,7322
0.0,7323
3.0,7324
2.0,7325
2.0,7326
7.0,7327
6.0,7328
1.0,7329
0.0,7330
0.0,7331
4.0,7332
0.0,7333
1.0,7334
6.0,7335
0.0,7336
1.0,7337
6.0,7338
2.0,7339
0.0,7340
2.0,7341
8.0,7342
2.0,7343
0.0,7344
1.0,7345
7.0,7346
1.0,7347
4.0,7348
0.0,7349
0.0,7350
0.0,7351
1.0,7352
7.0,7353
0.0,7354
0.0,7355
8.0,7356
5.0,7357
0.0,7358
7.0,7359
1.0,7360
3.0,7361
0.0,7362
0.0,7363
1.0,7364
8.0,7365
6.0,7366
1.0,7367
1.0,7368
1.0,7369
0.0,7370
0.0,7371
0.0,7372
5.0,7373
6.0,7374
0.0,7375
0.0,7376
3.0,7377
3.0,7378
8.0,7379
8.0,7380
2.0,7381
8.0,7382
1.0,7383
0.0,7384
2.0,7385
2.0,7386
3.0,7387
0.0,7388
1.0,7389
0.0,7390
0.0,7391
2.0,7392
3.0,7393
2.0,7394
3.0,7395
8.0,7396
0.0,7397
1.0,7398
8.0,7399
2.0,7400
0.0,7401
3.0,7402
0.0,7403
0.0,7404
3.0,7405
1.0,7406
4.0,7407
1.0,7408
0.0,7409
1.0,7410
4.0,7411
0.0,7412
1.0,7413
0.0,7414
3.0,7415
8.0,7416
4.0,7417
4.0,7418
7.0,7419
3.0,7420
8.0,7421
2.0,7422
3.0,7423
4.0,7424
1.0,7425
4.0,7426
1.0,7427
0.0,7428
4.0,7429
3.0,7430
0.0,7431
0.0,7432
1.0,7433
0.0,7434
1.0,7435
6.0,7436
1.0,7437
0.0,7438
0.0,7439
1.0,7440
0.0,7441
8.0,7442
1.0,7443
4.0,7444
0.0,7445
3.0,7446
0.0,7447
4.0,7448
0.0,7449
7.0,7450
8.0,7451
3.0,7452
0.0,7453
8.0,7454
0.0,7455
0.0,7456
1.0,7457
1.0,7458
1.0,7459
1.0,7460
7.0,7461
3.0,7462
0.0,7463
1.0,7464
1.0,7465
1.0,7466
0.0,7467
1.0,7468
6.0,7469
0.0,7470
7.0,7471
2.0,7472
0.0,7473
3.0,7474
1.0,7475
1.0,7476
0.0,7477
2.0,7478
3.0,7479
0.0,7480
1.0,7481
7.0,7482
3.0,7483
0.0,7484
2.0,7485
0.0,7486
0.0,7487
3.0,7488
1.0,7489
7.0,7490
3.0,7491
0.0,7492
3.0,7493
1.0,7494
0.0,7495
0.0,7496
3.0,7497
0.0,7498
0.0,7499
1.0,7500
7.0,7501
6.0,7502
0.0,7503
4.0,7504
0.0,7505
1.0,7506
0.0,7507
4.0,7508
0.0,7509
0.0,7510
0.0,7511
2.0,7512
1.0,7513
7.0,7514
0.0,7515
3.0,7516
0.0,7517
6.0,7518
1.0,7519
6.0,7520
0.0,7521
3.0,7522
7.0,7523
8.0,7524
1.0,7525
7.0,7526
3.0,7527
8.0,7528
0.0,7529
1.0,7530
2.0,7531
0.0,7532
2.0,7533
2.0,7534
3.0,7535
1.0,7536
1.0,7537
2.0,7538
0.0,7539
1.0,7540
0.0,7541
5.0,7542
4.0,7543
2.0,7544
0.0,7545
6.0,7546
0.0,7547
0.0,7548
8.0,7549
2.0,7550
3.0,7551
0.0,7552
7.0,7553
0.0,7554
8.0,7555
0.0,7556
0.0,7557
4.0,7558
0.0,7559
0.0,7560
0.0,7561
4.0,7562
1.0,7563
1.0,7564
0.0,7565
8.0,7566
0.0,7567
2.0,7568
3.0,7569
0.0,7570
0.0,7571
6.0,7572
0.0,7573
2.0,7574
0.0,7575
7.0,7576
0.0,7577
1.0,7578
0.0,7579
3.0,7580
7.0,7581
0.0,7582
0.0,7583
1.0,7584
7.0,7585
0.0,7586
2.0,7587
0.0,7588
2.0,7589
1.0,7590
1.0,7591
0.0,7592
3.0,7593
0.0,7594
4.0,7595
2.0,7596
0.0,7597
1.0,7598
0.0,7599
1.0,7600
1.0,7601
0.0,7602
0.0,7603
6.0,7604
0.0,7605
6.0,7606
0.0,7607
1.0,7608
4.0,7609
1.0,7610
1.0,7611
1.0,7612
0.0,7613
0.0,7614
4.0,7615
2.0,7616
1.0,7617
0.0,7618
1.0,7619
0.0,7620
0.0,7621
0.0,7622
8.0,7623
0.0,7624
0.0,7625
7.0,7626
0.0,7627
0.0,7628
3.0,7629
0.0,7630
1.0,7631
4.0,7632
0.0,7633
0.0,7634
2.0,7635
8.0,7636
4.0,7637
2.0,7638
0.0,7639
2.0,7640
0.0,7641
0.0,7642
4.0,7643
1.0,7644
1.0,7645
0.0,7646
4.0,7647
0.0,7648
0.0,7649
0.0,7650
0.0,7651
0.0,7652
1.0,7653
0.0,7654
0.0,7655
4.0,7656
1.0,7657
0.0,7658
4.0,7659
8.0,7660
0.0,7661
6.0,7662
3.0,7663
0.0,7664
0.0,7665
1.0,7666
8.0,7667
3.0,7668
2.0,7669
1.0,7670
1.0,7671
1.0,7672
3.0,7673
0.0,7674
0.0,7675
0.0,7676
0.0,7677
1.0,7678
2.0,7679
0.0,7680
0.0,7681
4.0,7682
3.0,7683
1.0,7684
0.0,7685
0.0,7686
0.0,7687
1.0,7688
1.0,7689
8.0,7690
1.0,7691
2.0,7692
5.0,7693
0.0,7694
3.0,7695
6.0,7696
6.0,7697
4.0,7698
0.0,7699
1.0,7700
3.0,7701
1.0,7702
3.0,7703
8.0,7704
0.0,7705
6.0,7706
3.0,7707
0.0,7708
0.0,7709
0.0,7710
1.0,7711
1.0,7712
0.0,7713
2.0,7714
0.0,7715
0.0,7716
8.0,7717
0.0,7718
1.0,7719
4.0,7720
1.0,7721
2.0,7722
3.0,7723
3.0,7724
4.0,7725
6.0,7726
2.0,7727
7.0,7728
7.0,7729
0.0,7730
1.0,7731
0.0,7732
1.0,7733
1.0,7734
0.0,7735
1.0,7736
1.0,7737
2.0,7738
0.0,7739
8.0,7740
4.0,7741
3.0,7742
4.0,7743
1.0,7744
3.0,7745
1.0,7746
0.0,7747
4.0,7748
1.0,7749
5.0,7750
0.0,7751
8.0,7752
8.0,7753
1.0,7754
3.0,7755
3.0,7756
4.0,7757
3.0,7758
1.0,7759
4.0,7760
7.0,7761
8.0,7762
2.0,7763
0.0,7764
3.0,7765
0.0,7766
0.0,7767
0.0,7768
4.0,7769
1.0,7770
0.0,7771
7.0,7772
3.0,7773
0.0,7774
7.0,7775
2.0,7776
2.0,7777
0.0,7778
0.0,7779
0.0,7780
0.0,7781
0.0,7782
0.0,7783
1.0,7784
0.0,7785
0.0,7786
0.0,7787
7.0,7788
3.0,7789
2.0,7790
0.0,7791
0.0,7792
1.0,7793
1.0,7794
1.0,7795
0.0,7796
1.0,7797
4.0,7798
0.0,7799
3.0,7800
0.0,7801
2.0,7802
0.0,7803
3.0,7804
1.0,7805
4.0,7806
0.0,7807
0.0,7808
4.0,7809
0.0,7810
1.0,7811
8.0,7812
0.0,7813
3.0,7814
1.0,7815
2.0,7816
0.0,7817
3.0,7818
8.0,7819
0.0,7820
8.0,7821
0.0,7822
4.0,7823
2.0,7824
4.0,7825
2.0,7826
4.0,7827
6.0,7828
6.0,7829
2.0,7830
0.0,7831
5.0,7832
1.0,7833
8.0,7834
4.0,7835
0.0,7836
0.0,7837
8.0,7838
0.0,7839
0.0,7840
3.0,7841
1.0,7842
3.0,7843
0.0,7844
1.0,7845
0.0,7846
8.0,7847
8.0,7848
4.0,7849
8.0,7850
5.0,7851
1.0,7852
7.0,7853
1.0,7854
1.0,7855
3.0,7856
0.0,7857
0.0,7858
1.0,7859
7.0,7860
1.0,7861
2.0,7862
0.0,7863
8.0,7864
1.0,7865
3.0,7866
2.0,7867
8.0,7868
3.0,7869
4.0,7870
0.0,7871
1.0,7872
0.0,7873
4.0,7874
4.0,7875
0.0,7876
0.0,7877
0.0,7878
3.0,7879
2.0,7880
1.0,7881
3.0,7882
7.0,7883
4.0,7884
3.0,7885
2.0,7886
2.0,7887
3.0,7888
3.0,7889
3.0,7890
1.0,7891
1.0,7892
8.0,7893
0.0,7894
1.0,7895
8.0,7896
0.0,7897
1.0,7898
3.0,7899
0.0,7900
3.0,7901
6.0,7902
2.0,7903
1.0,7904
6.0,7905
7.0,7906
3.0,7907
4.0,7908
6.0,7909
7.0,7910
0.0,7911
8.0,7912
4.0,7913
0.0,7914
1.0,7915
0.0,7916
4.0,7917
1.0,7918
0.0,7919
0.0,7920
0.0,7921
2.0,7922
0.0,7923
0.0,7924
3.0,7925
0.0,7926
3.0,7927
0.0,7928
1.0,7929
4.0,7930
1.0,7931
0.0,7932
0.0,7933
3.0,7934
1.0,7935
2.0,7936
0.0,7937
4.0,7938
2.0,7939
7.0,7940
3.0,7941
0.0,7942
1.0,7943
2.0,7944
4.0,7945
0.0,7946
4.0,7947
0.0,7948
1.0,7949
4.0,7950
1.0,7951
0.0,7952
8.0,7953
1.0,7954
4.0,7955
0.0,7956
3.0,7957
8.0,7958
0.0,7959
8.0,7960
0.0,7961
3.0,7962
0.0,7963
1.0,7964
4.0,7965
1.0,7966
8.0,7967
0.0,7968
1.0,7969
0.0,7970
0.0,7971
1.0,7972
1.0,7973
1.0,7974
0.0,7975
0.0,7976
8.0,7977
0.0,7978
0.0,7979
0.0,7980
7.0,7981
6.0,7982
1.0,7983
8.0,7984
1.0,7985
1.0,7986
0.0,7987
0.0,7988
4.0,7989
3.0,7990
0.0,7991
0.0,7992
0.0,7993
4.0,7994
1.0,7995
3.0,7996
1.0,7997
1.0,7998
0.0,7999
1.0,8000
0.0,8001
7.0,8002
0.0,8003
0.0,8004
0.0,8005
8.0,8006
1.0,8007
0.0,8008
0.0,8009
6.0,8010
0.0,8011
2.0,8012
1.0,8013
4.0,8014
0.0,8015
8.0,8016
0.0,8017
7.0,8018
0.0,8019
2.0,8020
1.0,8021
4.0,8022
1.0,8023
0.0,8024
3.0,8025
1.0,8026
1.0,8027
0.0,8028
0.0,8029
3.0,8030
0.0,8031
1.0,8032
0.0,8033
8.0,8034
1.0,8035
2.0,8036
3.0,8037
1.0,8038
0.0,8039
0.0,8040
0.0,8041
2.0,8042
3.0,8043
4.0,8044
3.0,8045
2.0,8046
0.0,8047
3.0,8048
1.0,8049
0.0,8050
5.0,8051
3.0,8052
8.0,8053
0.0,8054
0.0,8055
1.0,8056
1.0,8057
3.0,8058
1.0,8059
0.0,8060
3.0,8061
0.0,8062
6.0,8063
2.0,8064
3.0,8065
0.0,8066
8.0,8067
2.0,8068
0.0,8069
1.0,8070
3.0,8071
0.0,8072
0.0,8073
8.0,8074
6.0,8075
0.0,8076
1.0,8077
1.0,8078
3.0,8079
0.0,8080
4.0,8081
3.0,8082
0.0,8083
0.0,8084
0.0,8085
6.0,8086
2.0,8087
0.0,8088
4.0,8089
0.0,8090
4.0,8091
2.0,8092
0.0,8093
3.0,8094
1.0,8095
0.0,8096
8.0,8097
0.0,8098
0.0,8099
2.0,8100
6.0,8101
8.0,8102
8.0,8103
2.0,8104
0.0,8105
1.0,8106
0.0,8107
3.0,8108
3.0,8109
0.0,8110
5.0,8111
2.0,8112
0.0,8113
0.0,8114
4.0,8115
2.0,8116
4.0,8117
3.0,8118
1.0,8119
0.0,8120
2.0,8121
8.0,8122
8.0,8123
7.0,8124
0.0,8125
3.0,8126
3.0,8127
4.0,8128
2.0,8129
3.0,8130
0.0,8131
4.0,8132
1.0,8133
1.0,8134
2.0,8135
0.0,8136
2.0,8137
3.0,8138
4.0,8139
1.0,8140
2.0,8141
0.0,8142
1.0,8143
1.0,8144
3.0,8145
1.0,8146
3.0,8147
0.0,8148
1.0,8149
0.0,8150
0.0,8151
0.0,8152
6.0,8153
6.0,8154
0.0,8155
0.0,8156
8.0,8157
7.0,8158
1.0,8159
0.0,8160
1.0,8161
4.0,8162
0.0,8163
0.0,8164
0.0,8165
0.0,8166
0.0,8167
1.0,8168
1.0,8169
8.0,8170
0.0,8171
3.0,8172
6.0,8173
0.0,8174
4.0,8175
3.0,8176
3.0,8177
0.0,8178
6.0,8179
0.0,8180
1.0,8181
2.0,8182
8.0,8183
6.0,8184
1.0,8185
8.0,8186
1.0,8187
6.0,8188
1.0,8189
0.0,8190
3.0,8191
5.0,8192
3.0,8193
0.0,8194
5.0,8195
8.0,8196
1.0,8197
0.0,8198
8.0,8199
0.0,8200
7.0,8201
0.0,8202
0.0,8203
3.0,8204
6.0,8205
0.0,8206
0.0,8207
1.0,8208
1.0,8209
8.0,8210
0.0,8211
3.0,8212
3.0,8213
0.0,8214
8.0,8215
2.0,8216
4.0,8217
3.0,8218
6.0,8219
0.0,8220
3.0,8221
6.0,8222
4.0,8223
0.0,8224
4.0,8225
1.0,8226
0.0,8227
0.0,8228
0.0,8229
2.0,8230
7.0,8231
2.0,8232
0.0,8233
0.0,8234
4.0,8235
1.0,8236
3.0,8237
4.0,8238
0.0,8239
0.0,8240
1.0,8241
0.0,8242
0.0,8243
2.0,8244
0.0,8245
0.0,8246
0.0,8247
3.0,8248
4.0,8249
1.0,8250
2.0,8251
0.0,8252
0.0,8253
0.0,8254
4.0,8255
0.0,8256
0.0,8257
0.0,8258
0.0,8259
2.0,8260
1.0,8261
7.0,8262
0.0,8263
4.0,8264
3.0,8265
7.0,8266
0.0,8267
3.0,8268
2.0,8269
1.0,8270
1.0,8271
0.0,8272
1.0,8273
0.0,8274
1.0,8275
1.0,8276
3.0,8277
0.0,8278
0.0,8279
7.0,8280
1.0,8281
1.0,8282
8.0,8283
4.0,8284
0.0,8285
6.0,8286
1.0,8287
7.0,8288
0.0,8289
4.0,8290
4.0,8291
3.0,8292
5.0,8293
0.0,8294
1.0,8295
0.0,8296
2.0,8297
0.0,8298
6.0,8299
0.0,8300
8.0,8301
3.0,8302
0.0,8303
0.0,8304
3.0,8305
0.0,8306
7.0,8307
0.0,8308
3.0,8309
2.0,8310
8.0,8311
0.0,8312
3.0,8313
1.0,8314
0.0,8315
3.0,8316
1.0,8317
0.0,8318
2.0,8319
2.0,8320
0.0,8321
7.0,8322
0.0,8323
8.0,8324
4.0,8325
3.0,8326
0.0,8327
6.0,8328
2.0,8329
8.0,8330
3.0,8331
1.0,8332
0.0,8333
1.0,8334
0.0,8335
0.0,8336
8.0,8337
7.0,8338
0.0,8339
3.0,8340
0.0,8341
4.0,8342
0.0,8343
0.0,8344
4.0,8345
0.0,8346
0.0,8347
0.0,8348
4.0,8349
2.0,8350
6.0,8351
0.0,8352
3.0,8353
3.0,8354
2.0,8355
6.0,8356
1.0,8357
0.0,8358
0.0,8359
1.0,8360
0.0,8361
8.0,8362
0.0,8363
8.0,8364
5.0,8365
0.0,8366
4.0,8367
0.0,8368
0.0,8369
0.0,8370
0.0,8371
2.0,8372
3.0,8373
1.0,8374
0.0,8375
3.0,8376
8.0,8377
1.0,8378
0.0,8379
2.0,8380
1.0,8381
3.0,8382
8.0,8383
0.0,8384
4.0,8385
3.0,8386
1.0,8387
3.0,8388
0.0,8389
1.0,8390
7.0,8391
0.0,8392
0.0,8393
8.0,8394
6.0,8395
2.0,8396
0.0,8397
8.0,8398
4.0,8399
1.0,8400
2.0,8401
1.0,8402
5.0,8403
4.0,8404
0.0,8405
6.0,8406
0.0,8407
4.0,8408
8.0,8409
6.0,8410
3.0,8411
3.0,8412
3.0,8413
4.0,8414
2.0,8415
0.0,8416
1.0,8417
0.0,8418
5.0,8419
1.0,8420
3.0,8421
2.0,8422
8.0,8423
1.0,8424
0.0,8425
3.0,8426
2.0,8427
0.0,8428
1.0,8429
4.0,8430
0.0,8431
2.0,8432
1.0,8433
3.0,8434
0.0,8435
1.0,8436
0.0,8437
0.0,8438
0.0,8439
0.0,8440
3.0,8441
3.0,8442
1.0,8443
6.0,8444
1.0,8445
1.0,8446
0.0,8447
1.0,8448
0.0,8449
8.0,8450
4.0,8451
8.0,8452
5.0,8453
8.0,8454
0.0,8455
0.0,8456
0.0,8457
3.0,8458
0.0,8459
8.0,8460
3.0,8461
1.0,8462
0.0,8463
4.0,8464
2.0,8465
3.0,8466
0.0,8467
1.0,8468
0.0,8469
8.0,8470
0.0,8471
0.0,8472
0.0,8473
1.0,8474
3.0,8475
1.0,8476
1.0,8477
0.0,8478
3.0,8479
2.0,8480
0.0,8481
5.0,8482
6.0,8483
1.0,8484
0.0,8485
0.0,8486
1.0,8487
4.0,8488
0.0,8489
0.0,8490
0.0,8491
8.0,8492
2.0,8493
4.0,8494
3.0,8495
3.0,8496
2.0,8497
3.0,8498
8.0,8499
1.0,8500
3.0,8501
3.0,8502
0.0,8503
6.0,8504
7.0,8505
0.0,8506
1.0,8507
0.0,8508
0.0,8509
0.0,8510
3.0,8511
2.0,8512
6.0,8513
3.0,8514
3.0,8515
0.0,8516
1.0,8517
6.0,8518
1.0,8519
0.0,8520
1.0,8521
7.0,8522
0.0,8523
4.0,8524
0.0,8525
4.0,8526
7.0,8527
0.0,8528
2.0,8529
4.0,8530
1.0,8531
7.0,8532
0.0,8533
2.0,8534
0.0,8535
0.0,8536
1.0,8537
4.0,8538
8.0,8539
1.0,8540
1.0,8541
1.0,8542
8.0,8543
3.0,8544
0.0,8545
3.0,8546
3.0,8547
1.0,8548
8.0,8549
3.0,8550
0.0,8551
2.0,8552
1.0,8553
0.0,8554
0.0,8555
1.0,8556
3.0,8557
0.0,8558
6.0,8559
0.0,8560
4.0,8561
0.0,8562
3.0,8563
3.0,8564
0.0,8565
0.0,8566
8.0,8567
2.0,8568
0.0,8569
0.0,8570
6.0,8571
1.0,8572
1.0,8573
8.0,8574
1.0,8575
2.0,8576
0.0,8577
3.0,8578
2.0,8579
1.0,8580
0.0,8581
4.0,8582
8.0,8583
1.0,8584
5.0,8585
3.0,8586
3.0,8587
8.0,8588
5.0,8589
1.0,8590
0.0,8591
3.0,8592
0.0,8593
0.0,8594
3.0,8595
3.0,8596
2.0,8597
0.0,8598
6.0,8599
4.0,8600
3.0,8601
7.0,8602
1.0,8603
8.0,8604
0.0,8605
3.0,8606
8.0,8607
7.0,8608
0.0,8609
4.0,8610
1.0,8611
6.0,8612
1.0,8613
0.0,8614
0.0,8615
7.0,8616
1.0,8617
4.0,8618
4.0,8619
0.0,8620
0.0,8621
0.0,8622
0.0,8623
4.0,8624
0.0,8625
0.0,8626
8.0,8627
1.0,8628
4.0,8629
1.0,8630
0.0,8631
0.0,8632
2.0,8633
6.0,8634
0.0,8635
3.0,8636
0.0,8637
4.0,8638
1.0,8639
1.0,8640
3.0,8641
0.0,8642
0.0,8643
0.0,8644
7.0,8645
0.0,8646
0.0,8647
1.0,8648
3.0,8649
1.0,8650
3.0,8651
2.0,8652
0.0,8653
0.0,8654
1.0,8655
4.0,8656
8.0,8657
3.0,8658
0.0,8659
1.0,8660
3.0,8661
4.0,8662
0.0,8663
8.0,8664
0.0,8665
0.0,8666
7.0,8667
0.0,8668
0.0,8669
2.0,8670
0.0,8671
0.0,8672
3.0,8673
2.0,8674
0.0,8675
1.0,8676
4.0,8677
7.0,8678
4.0,8679
3.0,8680
7.0,8681
0.0,8682
3.0,8683
3.0,8684
0.0,8685
2.0,8686
4.0,8687
1.0,8688
8.0,8689
1.0,8690
0.0,8691
3.0,8692
1.0,8693
1.0,8694
1.0,8695
7.0,8696
8.0,8697
1.0,8698
5.0,8699
3.0,8700
0.0,8701
3.0,8702
2.0,8703
2.0,8704
3.0,8705
0.0,8706
0.0,8707
0.0,8708
0.0,8709
0.0,8710
0.0,8711
0.0,8712
3.0,8713
3.0,8714
1.0,8715
4.0,8716
1.0,8717
0.0,8718
0.0,8719
0.0,8720
0.0,8721
6.0,8722
7.0,8723
2.0,8724
0.0,8725
0.0,8726
3.0,8727
4.0,8728
0.0,8729
3.0,8730
0.0,8731
3.0,8732
0.0,8733
1.0,8734
1.0,8735
8.0,8736
0.0,8737
0.0,8738
3.0,8739
3.0,8740
3.0,8741
4.0,8742
8.0,8743
3.0,8744
8.0,8745
0.0,8746
2.0,8747
7.0,8748
2.0,8749
0.0,8750
0.0,8751
3.0,8752
3.0,8753
6.0,8754
1.0,8755
4.0,8756
0.0,8757
0.0,8758
0.0,8759
1.0,8760
0.0,8761
0.0,8762
0.0,8763
2.0,8764
0.0,8765
0.0,8766
3.0,8767
0.0,8768
0.0,8769
0.0,8770
0.0,8771
6.0,8772
0.0,8773
0.0,8774
0.0,8775
0.0,8776
2.0,8777
0.0,8778
0.0,8779
0.0,8780
0.0,8781
1.0,8782
3.0,8783
1.0,8784
0.0,8785
0.0,8786
0.0,8787
0.0,8788
0.0,8789
0.0,8790
2.0,8791
0.0,8792
0.0,8793
0.0,8794
0.0,8795
0.0,8796
0.0,8797
0.0,8798
0.0,8799
0.0,8800
0.0,8801
6.0,8802
6.0,8803
0.0,8804
1.0,8805
1.0,8806
0.0,8807
3.0,8808
6.0,8809
3.0,8810
0.0,8811
0.0,8812
1.0,8813
3.0,8814
0.0,8815
0.0,8816
0.0,8817
0.0,8818
0.0,8819
0.0,8820
0.0,8821
0.0,8822
8.0,8823
0.0,8824
0.0,8825
0.0,8826
0.0,8827
0.0,8828
0.0,8829
0.0,8830
0.0,8831
2.0,8832
0.0,8833
1.0,8834
0.0,8835
0.0,8836
0.0,8837
0.0,8838
6.0,8839
0.0,8840
0.0,8841
0.0,8842
1.0,8843
0.0,8844
6.0,8845
0.0,8846
1.0,8847
4.0,8848
3.0,8849
1.0,8850
0.0,8851
0.0,8852
0.0,8853
0.0,8854
0.0,8855
0.0,8856
6.0,8857
0.0,8858
0.0,8859
3.0,8860
0.0,8861
1.0,8862
0.0,8863
0.0,8864
0.0,8865
8.0,8866
0.0,8867
0.0,8868
0.0,8869
1.0,8870
0.0,8871
0.0,8872
0.0,8873
0.0,8874
0.0,8875
2.0,8876
0.0,8877
0.0,8878
6.0,8879
0.0,8880
1.0,8881
8.0,8882
1.0,8883
4.0,8884
0.0,8885
0.0,8886
0.0,8887
0.0,8888
0.0,8889
2.0,8890
0.0,8891
0.0,8892
0.0,8893
0.0,8894
0.0,8895
6.0,8896
0.0,8897
1.0,8898
4.0,8899
0.0,8900
0.0,8901
0.0,8902
0.0,8903
0.0,8904
1.0,8905
0.0,8906
0.0,8907
0.0,8908
8.0,8909
0.0,8910
0.0,8911
2.0,8912
0.0,8913
0.0,8914
0.0,8915
0.0,8916
0.0,8917
0.0,8918
0.0,8919
0.0,8920
0.0,8921
0.0,8922
0.0,8923
0.0,8924
0.0,8925
0.0,8926
0.0,8927
7.0,8928
8.0,8929
0.0,8930
0.0,8931
1.0,8932
0.0,8933
1.0,8934
3.0,8935
0.0,8936
5.0,8937
0.0,8938
0.0,8939
1.0,8940
6.0,8941
0.0,8942
0.0,8943
0.0,8944
0.0,8945
0.0,8946
0.0,8947
0.0,8948
0.0,8949
3.0,8950
0.0,8951
0.0,8952
0.0,8953
0.0,8954
0.0,8955
0.0,8956
0.0,8957
0.0,8958
0.0,8959
0.0,8960
0.0,8961
0.0,8962
2.0,8963
0.0,8964
0.0,8965
0.0,8966
0.0,8967
0.0,8968
0.0,8969
0.0,8970
0.0,8971
2.0,8972
0.0,8973
1.0,8974
0.0,8975
2.0,8976
1.0,8977
0.0,8978
0.0,8979
0.0,8980
0.0,8981
6.0,8982
0.0,8983
0.0,8984
0.0,8985
0.0,8986
6.0,8987
0.0,8988
0.0,8989
6.0,8990
0.0,8991
0.0,8992
0.0,8993
8.0,8994
0.0,8995
0.0,8996
0.0,8997
0.0,8998
0.0,8999
0.0,9000
0.0,9001
0.0,9002
2.0,9003
0.0,9004
1.0,9005
0.0,9006
0.0,9007
0.0,9008
6.0,9009
0.0,9010
0.0,9011
0.0,9012
0.0,9013
0.0,9014
0.0,9015
0.0,9016
0.0,9017
0.0,9018
0.0,9019
0.0,9020
1.0,9021
0.0,9022
2.0,9023
0.0,9024
0.0,9025
0.0,9026
0.0,9027
0.0,9028
0.0,9029
0.0,9030
6.0,9031
0.0,9032
0.0,9033
0.0,9034
0.0,9035
0.0,9036
1.0,9037
0.0,9038
3.0,9039
0.0,9040
8.0,9041
0.0,9042
0.0,9043
0.0,9044
0.0,9045
0.0,9046
0.0,9047
0.0,9048
0.0,9049
0.0,9050
1.0,9051
0.0,9052
0.0,9053
0.0,9054
6.0,9055
0.0,9056
0.0,9057
0.0,9058
0.0,9059
0.0,9060
6.0,9061
3.0,9062
0.0,9063
2.0,9064
0.0,9065
0.0,9066
0.0,9067
0.0,9068
0.0,9069
8.0,9070
0.0,9071
0.0,9072
0.0,9073
0.0,9074
0.0,9075
0.0,9076
0.0,9077
0.0,9078
0.0,9079
3.0,9080
0.0,9081
8.0,9082
6.0,9083
0.0,9084
0.0,9085
0.0,9086
0.0,9087
0.0,9088
0.0,9089
6.0,9090
1.0,9091
0.0,9092
6.0,9093
4.0,9094
1.0,9095
0.0,9096
0.0,9097
0.0,9098
0.0,9099
0.0,9100
0.0,9101
0.0,9102
0.0,9103
1.0,9104
2.0,9105
0.0,9106
1.0,9107
0.0,9108
0.0,9109
0.0,9110
0.0,9111
0.0,9112
3.0,9113
0.0,9114
0.0,9115
0.0,9116
0.0,9117
0.0,9118
0.0,9119
0.0,9120
0.0,9121
0.0,9122
1.0,9123
8.0,9124
6.0,9125
0.0,9126
0.0,9127
0.0,9128
4.0,9129
0.0,9130
3.0,9131
0.0,9132
0.0,9133
0.0,9134
0.0,9135
0.0,9136
2.0,9137
0.0,9138
1.0,9139
0.0,9140
0.0,9141
0.0,9142
0.0,9143
1.0,9144
0.0,9145
1.0,9146
0.0,9147
0.0,9148
0.0,9149
1.0,9150
0.0,9151
3.0,9152
0.0,9153
8.0,9154
0.0,9155
2.0,9156
0.0,9157
6.0,9158
0.0,9159
0.0,9160
0.0,9161
1.0,9162
0.0,9163
4.0,9164
2.0,9165
1.0,9166
0.0,9167
1.0,9168
8.0,9169
0.0,9170
0.0,9171
0.0,9172
0.0,9173
0.0,9174
0.0,9175
0.0,9176
0.0,9177
3.0,9178
1.0,9179
0.0,9180
2.0,9181
0.0,9182
6.0,9183
0.0,9184
0.0,9185
0.0,9186
0.0,9187
0.0,9188
0.0,9189
0.0,9190
1.0,9191
0.0,9192
6.0,9193
0.0,9194
8.0,9195
0.0,9196
0.0,9197
0.0,9198
0.0,9199
0.0,9200
0.0,9201
0.0,9202
3.0,9203
0.0,9204
0.0,9205
0.0,9206
6.0,9207
0.0,9208
0.0,9209
0.0,9210
0.0,9211
0.0,9212
0.0,9213
0.0,9214
0.0,9215
0.0,9216
0.0,9217
0.0,9218
0.0,9219
6.0,9220
0.0,9221
0.0,9222
3.0,9223
0.0,9224
1.0,9225
6.0,9226
0.0,9227
0.0,9228
0.0,9229
0.0,9230
6.0,9231
0.0,9232
0.0,9233
0.0,9234
0.0,9235
0.0,9236
0.0,9237
0.0,9238
0.0,9239
0.0,9240
0.0,9241
0.0,9242
0.0,9243
0.0,9244
1.0,9245
0.0,9246
0.0,9247
0.0,9248
0.0,9249
0.0,9250
0.0,9251
0.0,9252
0.0,9253
0.0,9254
0.0,9255
0.0,9256
0.0,9257
3.0,9258
0.0,9259
1.0,9260
0.0,9261
2.0,9262
8.0,9263
0.0,9264
0.0,9265
0.0,9266
0.0,9267
0.0,9268
0.0,9269
3.0,9270
0.0,9271
1.0,9272
0.0,9273
0.0,9274
0.0,9275
0.0,9276
0.0,9277
0.0,9278
0.0,9279
6.0,9280
0.0,9281
0.0,9282
0.0,9283
0.0,9284
0.0,9285
0.0,9286
0.0,9287
0.0,9288
0.0,9289
3.0,9290
0.0,9291
3.0,9292
0.0,9293
0.0,9294
0.0,9295
0.0,9296
0.0,9297
0.0,9298
2.0,9299
0.0,9300
0.0,9301
0.0,9302
0.0,9303
0.0,9304
0.0,9305
0.0,9306
3.0,9307
8.0,9308
1.0,9309
0.0,9310
0.0,9311
0.0,9312
6.0,9313
0.0,9314
3.0,9315
2.0,9316
0.0,9317
1.0,9318
1.0,9319
0.0,9320
0.0,9321
0.0,9322
0.0,9323
7.0,9324
0.0,9325
0.0,9326
0.0,9327
0.0,9328
2.0,9329
3.0,9330
6.0,9331
0.0,9332
0.0,9333
0.0,9334
0.0,9335
0.0,9336
0.0,9337
3.0,9338
0.0,9339
0.0,9340
0.0,9341
0.0,9342
1.0,9343
0.0,9344
0.0,9345
0.0,9346
7.0,9347
1.0,9348
0.0,9349
0.0,9350
0.0,9351
0.0,9352
0.0,9353
1.0,9354
0.0,9355
3.0,9356
0.0,9357
0.0,9358
0.0,9359
2.0,9360
0.0,9361
0.0,9362
0.0,9363
0.0,9364
0.0,9365
1.0,9366
0.0,9367
0.0,9368
0.0,9369
0.0,9370
0.0,9371
0.0,9372
0.0,9373
1.0,9374
2.0,9375
1.0,9376
0.0,9377
0.0,9378
0.0,9379
0.0,9380
1.0,9381
0.0,9382
0.0,9383
0.0,9384
0.0,9385
0.0,9386
0.0,9387
0.0,9388
0.0,9389
2.0,9390
0.0,9391
0.0,9392
0.0,9393
1.0,9394
0.0,9395
1.0,9396
0.0,9397
1.0,9398
0.0,9399
8.0,9400
0.0,9401
2.0,9402
0.0,9403
0.0,9404
0.0,9405
0.0,9406
3.0,9407
0.0,9408
0.0,9409
0.0,9410
0.0,9411
0.0,9412
0.0,9413
0.0,9414
0.0,9415
0.0,9416
0.0,9417
0.0,9418
0.0,9419
0.0,9420
2.0,9421
3.0,9422
5.0,9423
6.0,9424
0.0,9425
3.0,9426
6.0,9427
0.0,9428
0.0,9429
0.0,9430
0.0,9431
8.0,9432
0.0,9433
2.0,9434
0.0,9435
0.0,9436
0.0,9437
0.0,9438
0.0,9439
0.0,9440
0.0,9441
0.0,9442
0.0,9443
0.0,9444
0.0,9445
0.0,9446
0.0,9447
5.0,9448
0.0,9449
0.0,9450
1.0,9451
0.0,9452
0.0,9453
0.0,9454
0.0,9455
0.0,9456
0.0,9457
0.0,9458
0.0,9459
0.0,9460
0.0,9461
0.0,9462
2.0,9463
0.0,9464
2.0,9465
0.0,9466
0.0,9467
0.0,9468
0.0,9469
0.0,9470
0.0,9471
5.0,9472
0.0,9473
0.0,9474
0.0,9475
0.0,9476
1.0,9477
0.0,9478
0.0,9479
0.0,9480
0.0,9481
0.0,9482
2.0,9483
0.0,9484
2.0,9485
1.0,9486
0.0,9487
0.0,9488
0.0,9489
0.0,9490
0.0,9491
0.0,9492
0.0,9493
0.0,9494
0.0,9495
3.0,9496
0.0,9497
8.0,9498
5.0,9499
2.0,9500
5.0,9501
0.0,9502
0.0,9503
0.0,9504
0.0,9505
6.0,9506
0.0,9507
0.0,9508
0.0,9509
1.0,9510
0.0,9511
0.0,9512
0.0,9513
0.0,9514
0.0,9515
2.0,9516
0.0,9517
0.0,9518
8.0,9519
0.0,9520
0.0,9521
0.0,9522
0.0,9523
0.0,9524
7.0,9525
0.0,9526
0.0,9527
0.0,9528
0.0,9529
0.0,9530
2.0,9531
0.0,9532
0.0,9533
0.0,9534
7.0,9535
0.0,9536
0.0,9537
0.0,9538
0.0,9539
0.0,9540
0.0,9541
0.0,9542
0.0,9543
0.0,9544
0.0,9545
0.0,9546
1.0,9547
0.0,9548
1.0,9549
0.0,9550
0.0,9551
2.0,9552
1.0,9553
0.0,9554
0.0,9555
0.0,9556
0.0,9557
0.0,9558
6.0,9559
0.0,9560
3.0,9561
0.0,9562
0.0,9563
0.0,9564
0.0,9565
0.0,9566
1.0,9567
0.0,9568
1.0,9569
1.0,9570
0.0,9571
0.0,9572
0.0,9573
1.0,9574
0.0,9575
6.0,9576
0.0,9577
1.0,9578
0.0,9579
6.0,9580
0.0,9581
0.0,9582
3.0,9583
1.0,9584
0.0,9585
0.0,9586
0.0,9587
6.0,9588
0.0,9589
0.0,9590
0.0,9591
0.0,9592
0.0,9593
0.0,9594
1.0,9595
0.0,9596
0.0,9597
0.0,9598
0.0,9599
0.0,9600
0.0,9601
6.0,9602
0.0,9603
0.0,9604
3.0,9605
0.0,9606
0.0,9607
1.0,9608
0.0,9609
8.0,9610
0.0,9611
0.0,9612
0.0,9613
0.0,9614
0.0,9615
1.0,9616
0.0,9617
0.0,9618
0.0,9619
0.0,9620
0.0,9621
0.0,9622
0.0,9623
0.0,9624
0.0,9625
2.0,9626
0.0,9627
0.0,9628
0.0,9629
0.0,9630
0.0,9631
1.0,9632
0.0,9633
0.0,9634
6.0,9635
0.0,9636
0.0,9637
0.0,9638
0.0,9639
7.0,9640
0.0,9641
6.0,9642
0.0,9643
0.0,9644
2.0,9645
0.0,9646
0.0,9647
0.0,9648
0.0,9649
3.0,9650
0.0,9651
0.0,9652
0.0,9653
0.0,9654
0.0,9655
0.0,9656
0.0,9657
0.0,9658
5.0,9659
0.0,9660
0.0,9661
1.0,9662
3.0,9663
0.0,9664
0.0,9665
5.0,9666
0.0,9667
0.0,9668
0.0,9669
0.0,9670
0.0,9671
0.0,9672
1.0,9673
0.0,9674
0.0,9675
8.0,9676
0.0,9677
0.0,9678
6.0,9679
6.0,9680
2.0,9681
0.0,9682
0.0,9683
0.0,9684
0.0,9685
0.0,9686
0.0,9687
0.0,9688
0.0,9689
0.0,9690
0.0,9691
0.0,9692
0.0,9693
0.0,9694
0.0,9695
0.0,9696
2.0,9697
1.0,9698
0.0,9699
0.0,9700
0.0,9701
0.0,9702
0.0,9703
0.0,9704
0.0,9705
0.0,9706
3.0,9707
2.0,9708
1.0,9709
0.0,9710
0.0,9711
0.0,9712
0.0,9713
0.0,9714
0.0,9715
0.0,9716
0.0,9717
2.0,9718
0.0,9719
3.0,9720
0.0,9721
0.0,9722
0.0,9723
0.0,9724
0.0,9725
0.0,9726
0.0,9727
0.0,9728
2.0,9729
0.0,9730
0.0,9731
0.0,9732
0.0,9733
0.0,9734
1.0,9735
0.0,9736
0.0,9737
0.0,9738
0.0,9739
0.0,9740
2.0,9741
0.0,9742
0.0,9743
0.0,9744
0.0,9745
0.0,9746
0.0,9747
0.0,9748
5.0,9749
2.0,9750
0.0,9751
0.0,9752
0.0,9753
0.0,9754
0.0,9755
0.0,9756
0.0,9757
0.0,9758
0.0,9759
0.0,9760
0.0,9761
0.0,9762
2.0,9763
0.0,9764
0.0,9765
0.0,9766
1.0,9767
0.0,9768
0.0,9769
0.0,9770
0.0,9771
0.0,9772
0.0,9773
0.0,9774
1.0,9775
2.0,9776
0.0,9777
1.0,9778
0.0,9779
0.0,9780
0.0,9781
0.0,9782
8.0,9783
0.0,9784
0.0,9785
0.0,9786
0.0,9787
0.0,9788
6.0,9789
0.0,9790
0.0,9791
0.0,9792
0.0,9793
0.0,9794
0.0,9795
3.0,9796
1.0,9797
0.0,9798
0.0,9799
1.0,9800
0.0,9801
0.0,9802
0.0,9803
1.0,9804
3.0,9805
0.0,9806
0.0,9807
2.0,9808
0.0,9809
0.0,9810
0.0,9811
8.0,9812
0.0,9813
0.0,9814
0.0,9815
6.0,9816
0.0,9817
8.0,9818
0.0,9819
0.0,9820
0.0,9821
0.0,9822
0.0,9823
6.0,9824
0.0,9825
0.0,9826
0.0,9827
6.0,9828
0.0,9829
0.0,9830
0.0,9831
0.0,9832
0.0,9833
0.0,9834
0.0,9835
0.0,9836
0.0,9837
0.0,9838
0.0,9839
0.0,9840
0.0,9841
0.0,9842
0.0,9843
3.0,9844
8.0,9845
6.0,9846
3.0,9847
0.0,9848
0.0,9849
0.0,9850
0.0,9851
0.0,9852
0.0,9853
1.0,9854
6.0,9855
2.0,9856
2.0,9857
0.0,9858
0.0,9859
0.0,9860
0.0,9861
0.0,9862
0.0,9863
0.0,9864
0.0,9865
0.0,9866
0.0,9867
0.0,9868
0.0,9869
6.0,9870
0.0,9871
0.0,9872
0.0,9873
0.0,9874
0.0,9875
0.0,9876
0.0,9877
0.0,9878
0.0,9879
0.0,9880
0.0,9881
0.0,9882
0.0,9883
6.0,9884
0.0,9885
0.0,9886
0.0,9887
0.0,9888
0.0,9889
0.0,9890
0.0,9891
0.0,9892
0.0,9893
0.0,9894
0.0,9895
0.0,9896
0.0,9897
2.0,9898
0.0,9899
0.0,9900
0.0,9901
0.0,9902
0.0,9903
8.0,9904
0.0,9905
0.0,9906
0.0,9907
0.0,9908
0.0,9909
7.0,9910
0.0,9911
0.0,9912
0.0,9913
0.0,9914
0.0,9915
8.0,9916
0.0,9917
0.0,9918
0.0,9919
0.0,9920
8.0,9921
0.0,9922
0.0,9923
0.0,9924
0.0,9925
0.0,9926
0.0,9927
0.0,9928
0.0,9929
8.0,9930
0.0,9931
0.0,9932
0.0,9933
0.0,9934
0.0,9935
0.0,9936
0.0,9937
0.0,9938
3.0,9939
0.0,9940
0.0,9941
0.0,9942
0.0,9943
0.0,9944
0.0,9945
6.0,9946
0.0,9947
0.0,9948
0.0,9949
0.0,9950
0.0,9951
0.0,9952
0.0,9953
0.0,9954
2.0,9955
0.0,9956
0.0,9957
0.0,9958
1.0,9959
0.0,9960
0.0,9961
0.0,9962
3.0,9963
0.0,9964
0.0,9965
0.0,9966
0.0,9967
0.0,9968
0.0,9969
0.0,9970
0.0,9971
0.0,9972
2.0,9973
5.0,9974
0.0,9975
0.0,9976
0.0,9977
8.0,9978
3.0,9979
0.0,9980
0.0,9981
0.0,9982
0.0,9983
0.0,9984
0.0,9985
0.0,9986
0.0,9987
6.0,9988
0.0,9989
0.0,9990
0.0,9991
0.0,9992
0.0,9993
0.0,9994
0.0,9995
0.0,9996
0.0,9997
0.0,9998
0.0,9999
0.0,10000
3.0,10001
0.0,10002
6.0,10003
0.0,10004
0.0,10005
0.0,10006
0.0,10007
6.0,10008
1.0,10009
0.0,10010
0.0,10011
0.0,10012
0.0,10013
0.0,10014
0.0,10015
1.0,10016
0.0,10017
2.0,10018
1.0,10019
0.0,10020
0.0,10021
1.0,10022
2.0,10023
0.0,10024
2.0,10025
0.0,10026
1.0,10027
0.0,10028
2.0,10029
1.0,10030
0.0,10031
2.0,10032
0.0,10033
0.0,10034
0.0,10035
1.0,10036
0.0,10037
6.0,10038
0.0,10039
0.0,10040
0.0,10041
0.0,10042
0.0,10043
0.0,10044
0.0,10045
4.0,10046
1.0,10047
0.0,10048
0.0,10049
1.0,10050
0.0,10051
0.0,10052
0.0,10053
0.0,10054
0.0,10055
0.0,10056
0.0,10057
6.0,10058
0.0,10059
1.0,10060
0.0,10061
0.0,10062
0.0,10063
0.0,10064
0.0,10065
0.0,10066
1.0,10067
0.0,10068
0.0,10069
1.0,10070
0.0,10071
6.0,10072
0.0,10073
0.0,10074
0.0,10075
0.0,10076
0.0,10077
6.0,10078
0.0,10079
0.0,10080
5.0,10081
0.0,10082
0.0,10083
2.0,10084
0.0,10085
0.0,10086
2.0,10087
0.0,10088
0.0,10089
6.0,10090
0.0,10091
3.0,10092
0.0,10093
0.0,10094
0.0,10095
0.0,10096
0.0,10097
2.0,10098
0.0,10099
0.0,10100
0.0,10101
0.0,10102
0.0,10103
0.0,10104
0.0,10105
0.0,10106
0.0,10107
0.0,10108
2.0,10109
0.0,10110
0.0,10111
0.0,10112
0.0,10113
0.0,10114
1.0,10115
0.0,10116
0.0,10117
0.0,10118
1.0,10119
0.0,10120
1.0,10121
0.0,10122
0.0,10123
0.0,10124
0.0,10125
0.0,10126
0.0,10127
0.0,10128
0.0,10129
0.0,10130
0.0,10131
0.0,10132
0.0,10133
0.0,10134
0.0,10135
6.0,10136
0.0,10137
0.0,10138
3.0,10139
0.0,10140
0.0,10141
6.0,10142
0.0,10143
0.0,10144
0.0,10145
0.0,10146
0.0,10147
0.0,10148
0.0,10149
0.0,10150
0.0,10151
0.0,10152
6.0,10153
0.0,10154
1.0,10155
0.0,10156
0.0,10157
0.0,10158
0.0,10159
2.0,10160
0.0,10161
0.0,10162
0.0,10163
0.0,10164
0.0,10165
6.0,10166
0.0,10167
6.0,10168
0.0,10169
0.0,10170
1.0,10171
0.0,10172
0.0,10173
0.0,10174
2.0,10175
0.0,10176
1.0,10177
0.0,10178
0.0,10179
3.0,10180
8.0,10181
0.0,10182
0.0,10183
3.0,10184
0.0,10185
0.0,10186
0.0,10187
0.0,10188
0.0,10189
1.0,10190
0.0,10191
0.0,10192
0.0,10193
7.0,10194
6.0,10195
2.0,10196
0.0,10197
1.0,10198
0.0,10199
0.0,10200
0.0,10201
1.0,10202
0.0,10203
0.0,10204
0.0,10205
0.0,10206
0.0,10207
2.0,10208
4.0,10209
3.0,10210
0.0,10211
0.0,10212
0.0,10213
0.0,10214
0.0,10215
0.0,10216
0.0,10217
8.0,10218
0.0,10219
0.0,10220
2.0,10221
0.0,10222
0.0,10223
0.0,10224
0.0,10225
0.0,10226
0.0,10227
6.0,10228
0.0,10229
0.0,10230
0.0,10231
6.0,10232
1.0,10233
0.0,10234
0.0,10235
0.0,10236
3.0,10237
0.0,10238
0.0,10239
0.0,10240
0.0,10241
1.0,10242
0.0,10243
8.0,10244
0.0,10245
0.0,10246
0.0,10247
0.0,10248
3.0,10249
0.0,10250
0.0,10251
0.0,10252
1.0,10253
0.0,10254
3.0,10255
0.0,10256
0.0,10257
2.0,10258
3.0,10259
2.0,10260
0.0,10261
0.0,10262
0.0,10263
0.0,10264
0.0,10265
1.0,10266
0.0,10267
0.0,10268
1.0,10269
0.0,10270
1.0,10271
6.0,10272
0.0,10273
0.0,10274
1.0,10275
2.0,10276
6.0,10277
8.0,10278
0.0,10279
1.0,10280
0.0,10281
0.0,10282
0.0,10283
4.0,10284
0.0,10285
1.0,10286
1.0,10287
0.0,10288
0.0,10289
0.0,10290
0.0,10291
0.0,10292
1.0,10293
0.0,10294
0.0,10295
0.0,10296
1.0,10297
1.0,10298
1.0,10299
3.0,10300
3.0,10301
2.0,10302
1.0,10303
6.0,10304
0.0,10305
0.0,10306
5.0,10307
1.0,10308
6.0,10309
1.0,10310
0.0,10311
6.0,10312
3.0,10313
0.0,10314
0.0,10315
7.0,10316
6.0,10317
1.0,10318
0.0,10319
5.0,10320
6.0,10321
0.0,10322
1.0,10323
0.0,10324
0.0,10325
0.0,10326
0.0,10327
0.0,10328
0.0,10329
8.0,10330
0.0,10331
0.0,10332
0.0,10333
0.0,10334
0.0,10335
0.0,10336
2.0,10337
3.0,10338
7.0,10339
0.0,10340
0.0,10341
8.0,10342
1.0,10343
0.0,10344
3.0,10345
2.0,10346
0.0,10347
1.0,10348
0.0,10349
0.0,10350
1.0,10351
2.0,10352
8.0,10353
0.0,10354
0.0,10355
8.0,10356
1.0,10357
0.0,10358
0.0,10359
3.0,10360
3.0,10361
0.0,10362
0.0,10363
1.0,10364
0.0,10365
0.0,10366
0.0,10367
0.0,10368
0.0,10369
8.0,10370
1.0,10371
6.0,10372
6.0,10373
2.0,10374
2.0,10375
6.0,10376
8.0,10377
0.0,10378
0.0,10379
0.0,10380
0.0,10381
6.0,10382
0.0,10383
0.0,10384
0.0,10385
3.0,10386
0.0,10387
0.0,10388
0.0,10389
0.0,10390
1.0,10391
2.0,10392
1.0,10393
0.0,10394
2.0,10395
0.0,10396
1.0,10397
0.0,10398
0.0,10399
0.0,10400
0.0,10401
3.0,10402
0.0,10403
1.0,10404
0.0,10405
6.0,10406
0.0,10407
0.0,10408
0.0,10409
0.0,10410
8.0,10411
0.0,10412
6.0,10413
1.0,10414
0.0,10415
0.0,10416
0.0,10417
0.0,10418
1.0,10419
0.0,10420
1.0,10421
1.0,10422
8.0,10423
7.0,10424
6.0,10425
0.0,10426
0.0,10427
6.0,10428
3.0,10429
2.0,10430
1.0,10431
8.0,10432
8.0,10433
0.0,10434
0.0,10435
4.0,10436
0.0,10437
1.0,10438
0.0,10439
0.0,10440
6.0,10441
0.0,10442
1.0,10443
0.0,10444
0.0,10445
6.0,10446
0.0,10447
1.0,10448
6.0,10449
1.0,10450
6.0,10451
0.0,10452
7.0,10453
1.0,10454
0.0,10455
0.0,10456
1.0,10457
0.0,10458
0.0,10459
1.0,10460
8.0,10461
0.0,10462
0.0,10463
6.0,10464
7.0,10465
1.0,10466
0.0,10467
2.0,10468
1.0,10469
0.0,10470
0.0,10471
0.0,10472
2.0,10473
0.0,10474
6.0,10475
0.0,10476
2.0,10477
0.0,10478
6.0,10479
6.0,10480
6.0,10481
0.0,10482
0.0,10483
0.0,10484
0.0,10485
7.0,10486
0.0,10487
1.0,10488
0.0,10489
8.0,10490
8.0,10491
6.0,10492
6.0,10493
1.0,10494
0.0,10495
0.0,10496
0.0,10497
0.0,10498
4.0,10499
6.0,10500
0.0,10501
1.0,10502
0.0,10503
6.0,10504
0.0,10505
0.0,10506
0.0,10507
1.0,10508
1.0,10509
1.0,10510
0.0,10511
3.0,10512
0.0,10513
0.0,10514
2.0,10515
0.0,10516
0.0,10517
6.0,10518
1.0,10519
6.0,10520
0.0,10521
0.0,10522
6.0,10523
0.0,10524
6.0,10525
6.0,10526
0.0,10527
2.0,10528
1.0,10529
0.0,10530
8.0,10531
0.0,10532
4.0,10533
2.0,10534
2.0,10535
0.0,10536
2.0,10537
6.0,10538
0.0,10539
2.0,10540
2.0,10541
0.0,10542
0.0,10543
1.0,10544
0.0,10545
1.0,10546
2.0,10547
0.0,10548
4.0,10549
1.0,10550
0.0,10551
4.0,10552
0.0,10553
1.0,10554
0.0,10555
1.0,10556
1.0,10557
1.0,10558
0.0,10559
0.0,10560
0.0,10561
0.0,10562
7.0,10563
2.0,10564
0.0,10565
6.0,10566
0.0,10567
2.0,10568
0.0,10569
5.0,10570
1.0,10571
1.0,10572
0.0,10573
7.0,10574
8.0,10575
6.0,10576
1.0,10577
2.0,10578
1.0,10579
0.0,10580
0.0,10581
6.0,10582
6.0,10583
0.0,10584
6.0,10585
2.0,10586
6.0,10587
1.0,10588
6.0,10589
0.0,10590
1.0,10591
0.0,10592
1.0,10593
0.0,10594
6.0,10595
8.0,10596
0.0,10597
0.0,10598
0.0,10599
3.0,10600
0.0,10601
6.0,10602
1.0,10603
6.0,10604
0.0,10605
0.0,10606
0.0,10607
3.0,10608
7.0,10609
3.0,10610
8.0,10611
0.0,10612
0.0,10613
1.0,10614
0.0,10615
0.0,10616
0.0,10617
3.0,10618
0.0,10619
6.0,10620
3.0,10621
0.0,10622
1.0,10623
0.0,10624
0.0,10625
0.0,10626
0.0,10627
0.0,10628
0.0,10629
1.0,10630
0.0,10631
3.0,10632
2.0,10633
0.0,10634
2.0,10635
2.0,10636
0.0,10637
0.0,10638
0.0,10639
0.0,10640
1.0,10641
0.0,10642
0.0,10643
1.0,10644
8.0,10645
0.0,10646
0.0,10647
6.0,10648
0.0,10649
6.0,10650
2.0,10651
6.0,10652
8.0,10653
0.0,10654
0.0,10655
0.0,10656
0.0,10657
0.0,10658
1.0,10659
0.0,10660
0.0,10661
3.0,10662
0.0,10663
0.0,10664
1.0,10665
0.0,10666
1.0,10667
1.0,10668
0.0,10669
6.0,10670
6.0,10671
0.0,10672
0.0,10673
0.0,10674
0.0,10675
6.0,10676
0.0,10677
7.0,10678
0.0,10679
6.0,10680
8.0,10681
1.0,10682
0.0,10683
6.0,10684
0.0,10685
0.0,10686
1.0,10687
0.0,10688
6.0,10689
0.0,10690
1.0,10691
1.0,10692
0.0,10693
0.0,10694
0.0,10695
0.0,10696
0.0,10697
6.0,10698
0.0,10699
0.0,10700
1.0,10701
3.0,10702
0.0,10703
6.0,10704
0.0,10705
6.0,10706
1.0,10707
3.0,10708
0.0,10709
0.0,10710
8.0,10711
1.0,10712
0.0,10713
6.0,10714
0.0,10715
0.0,10716
1.0,10717
0.0,10718
6.0,10719
0.0,10720
0.0,10721
0.0,10722
0.0,10723
0.0,10724
6.0,10725
0.0,10726
0.0,10727
0.0,10728
1.0,10729
0.0,10730
0.0,10731
0.0,10732
6.0,10733
0.0,10734
1.0,10735
2.0,10736
0.0,10737
0.0,10738
0.0,10739
1.0,10740
0.0,10741
0.0,10742
6.0,10743
0.0,10744
0.0,10745
2.0,10746
6.0,10747
0.0,10748
6.0,10749
0.0,10750
2.0,10751
0.0,10752
1.0,10753
0.0,10754
6.0,10755
0.0,10756
1.0,10757
0.0,10758
0.0,10759
3.0,10760
2.0,10761
2.0,10762
0.0,10763
2.0,10764
6.0,10765
0.0,10766
0.0,10767
0.0,10768
7.0,10769
8.0,10770
0.0,10771
1.0,10772
1.0,10773
1.0,10774
1.0,10775
1.0,10776
1.0,10777
6.0,10778
1.0,10779
1.0,10780
0.0,10781
0.0,10782
0.0,10783
0.0,10784
6.0,10785
6.0,10786
2.0,10787
0.0,10788
0.0,10789
6.0,10790
0.0,10791
0.0,10792
7.0,10793
2.0,10794
0.0,10795
0.0,10796
0.0,10797
0.0,10798
0.0,10799
1.0,10800
0.0,10801
0.0,10802
1.0,10803
0.0,10804
6.0,10805
2.0,10806
0.0,10807
6.0,10808
0.0,10809
2.0,10810
0.0,10811
0.0,10812
0.0,10813
0.0,10814
6.0,10815
0.0,10816
7.0,10817
0.0,10818
0.0,10819
0.0,10820
0.0,10821
6.0,10822
6.0,10823
0.0,10824
0.0,10825
0.0,10826
2.0,10827
0.0,10828
2.0,10829
2.0,10830
0.0,10831
6.0,10832
1.0,10833
6.0,10834
1.0,10835
7.0,10836
0.0,10837
0.0,10838
0.0,10839
0.0,10840
5.0,10841
0.0,10842
2.0,10843
0.0,10844
8.0,10845
4.0,10846
3.0,10847
0.0,10848
2.0,10849
0.0,10850
0.0,10851
0.0,10852
3.0,10853
1.0,10854
1.0,10855
6.0,10856
0.0,10857
6.0,10858
0.0,10859
0.0,10860
0.0,10861
1.0,10862
0.0,10863
1.0,10864
0.0,10865
3.0,10866
0.0,10867
2.0,10868
1.0,10869
0.0,10870
1.0,10871
3.0,10872
2.0,10873
0.0,10874
6.0,10875
1.0,10876
2.0,10877
0.0,10878
6.0,10879
0.0,10880
0.0,10881
3.0,10882
0.0,10883
7.0,10884
0.0,10885
3.0,10886
0.0,10887
1.0,10888
6.0,10889
0.0,10890
0.0,10891
1.0,10892
6.0,10893
0.0,10894
1.0,10895
0.0,10896
6.0,10897
0.0,10898
0.0,10899
1.0,10900
0.0,10901
6.0,10902
1.0,10903
2.0,10904
1.0,10905
3.0,10906
1.0,10907
4.0,10908
0.0,10909
0.0,10910
1.0,10911
0.0,10912
6.0,10913
1.0,10914
0.0,10915
1.0,10916
2.0,10917
1.0,10918
0.0,10919
2.0,10920
2.0,10921
0.0,10922
6.0,10923
1.0,10924
2.0,10925
8.0,10926
1.0,10927
0.0,10928
1.0,10929
6.0,10930
2.0,10931
0.0,10932
0.0,10933
8.0,10934
3.0,10935
0.0,10936
0.0,10937
1.0,10938
1.0,10939
2.0,10940
1.0,10941
7.0,10942
2.0,10943
0.0,10944
2.0,10945
1.0,10946
2.0,10947
1.0,10948
1.0,10949
0.0,10950
1.0,10951
7.0,10952
8.0,10953
0.0,10954
7.0,10955
0.0,10956
0.0,10957
2.0,10958
6.0,10959
0.0,10960
1.0,10961
0.0,10962
0.0,10963
0.0,10964
1.0,10965
6.0,10966
1.0,10967
2.0,10968
1.0,10969
0.0,10970
7.0,10971
6.0,10972
3.0,10973
0.0,10974
2.0,10975
0.0,10976
2.0,10977
0.0,10978
6.0,10979
2.0,10980
0.0,10981
2.0,10982
0.0,10983
0.0,10984
0.0,10985
1.0,10986
1.0,10987
6.0,10988
3.0,10989
1.0,10990
0.0,10991
6.0,10992
8.0,10993
0.0,10994
0.0,10995
0.0,10996
0.0,10997
0.0,10998
0.0,10999
7.0,11000
1.0,11001
1.0,11002
1.0,11003
1.0,11004
1.0,11005
0.0,11006
0.0,11007
7.0,11008
0.0,11009
4.0,11010
1.0,11011
6.0,11012
2.0,11013
0.0,11014
4.0,11015
4.0,11016
0.0,11017
8.0,11018
0.0,11019
0.0,11020
0.0,11021
2.0,11022
8.0,11023
0.0,11024
1.0,11025
2.0,11026
0.0,11027
0.0,11028
1.0,11029
8.0,11030
0.0,11031
8.0,11032
0.0,11033
1.0,11034
0.0,11035
1.0,11036
6.0,11037
6.0,11038
4.0,11039
0.0,11040
0.0,11041
0.0,11042
0.0,11043
6.0,11044
2.0,11045
7.0,11046
2.0,11047
6.0,11048
6.0,11049
1.0,11050
2.0,11051
0.0,11052
8.0,11053
0.0,11054
2.0,11055
2.0,11056
0.0,11057
0.0,11058
0.0,11059
2.0,11060
6.0,11061
0.0,11062
0.0,11063
0.0,11064
0.0,11065
0.0,11066
1.0,11067
0.0,11068
1.0,11069
0.0,11070
6.0,11071
1.0,11072
3.0,11073
0.0,11074
1.0,11075
1.0,11076
1.0,11077
0.0,11078
0.0,11079
0.0,11080
0.0,11081
6.0,11082
0.0,11083
0.0,11084
0.0,11085
0.0,11086
6.0,11087
0.0,11088
2.0,11089
6.0,11090
1.0,11091
0.0,11092
0.0,11093
1.0,11094
0.0,11095
0.0,11096
0.0,11097
6.0,11098
6.0,11099
1.0,11100
0.0,11101
1.0,11102
8.0,11103
1.0,11104
0.0,11105
1.0,11106
5.0,11107
0.0,11108
1.0,11109
6.0,11110
2.0,11111
1.0,11112
1.0,11113
0.0,11114
8.0,11115
1.0,11116
7.0,11117
0.0,11118
1.0,11119
0.0,11120
2.0,11121
0.0,11122
0.0,11123
3.0,11124
3.0,11125
2.0,11126
0.0,11127
2.0,11128
6.0,11129
3.0,11130
2.0,11131
0.0,11132
2.0,11133
0.0,11134
0.0,11135
0.0,11136
0.0,11137
0.0,11138
0.0,11139
0.0,11140
0.0,11141
6.0,11142
6.0,11143
6.0,11144
2.0,11145
1.0,11146
0.0,11147
0.0,11148
0.0,11149
1.0,11150
0.0,11151
0.0,11152
0.0,11153
0.0,11154
0.0,11155
0.0,11156
0.0,11157
1.0,11158
0.0,11159
0.0,11160
0.0,11161
0.0,11162
2.0,11163
1.0,11164
0.0,11165
0.0,11166
0.0,11167
0.0,11168
0.0,11169
0.0,11170
1.0,11171
1.0,11172
1.0,11173
0.0,11174
1.0,11175
2.0,11176
0.0,11177
1.0,11178
0.0,11179
8.0,11180
0.0,11181
0.0,11182
6.0,11183
0.0,11184
1.0,11185
1.0,11186
4.0,11187
0.0,11188
0.0,11189
0.0,11190
3.0,11191
0.0,11192
0.0,11193
0.0,11194
0.0,11195
1.0,11196
0.0,11197
0.0,11198
0.0,11199
6.0,11200
2.0,11201
6.0,11202
0.0,11203
3.0,11204
6.0,11205
1.0,11206
0.0,11207
0.0,11208
0.0,11209
0.0,11210
1.0,11211
1.0,11212
6.0,11213
0.0,11214
0.0,11215
0.0,11216
1.0,11217
0.0,11218
0.0,11219
0.0,11220
0.0,11221
2.0,11222
1.0,11223
0.0,11224
6.0,11225
0.0,11226
0.0,11227
0.0,11228
1.0,11229
0.0,11230
2.0,11231
0.0,11232
2.0,11233
3.0,11234
0.0,11235
1.0,11236
1.0,11237
1.0,11238
0.0,11239
0.0,11240
1.0,11241
1.0,11242
1.0,11243
6.0,11244
1.0,11245
0.0,11246
6.0,11247
0.0,11248
2.0,11249
3.0,11250
1.0,11251
2.0,11252
8.0,11253
0.0,11254
1.0,11255
2.0,11256
0.0,11257
8.0,11258
0.0,11259
1.0,11260
0.0,11261
0.0,11262
1.0,11263
1.0,11264
1.0,11265
6.0,11266
3.0,11267
2.0,11268
6.0,11269
0.0,11270
0.0,11271
3.0,11272
7.0,11273
6.0,11274
0.0,11275
6.0,11276
0.0,11277
0.0,11278
0.0,11279
0.0,11280
0.0,11281
0.0,11282
1.0,11283
0.0,11284
0.0,11285
2.0,11286
0.0,11287
0.0,11288
0.0,11289
0.0,11290
0.0,11291
0.0,11292
2.0,11293
0.0,11294
4.0,11295
1.0,11296
2.0,11297
2.0,11298
0.0,11299
0.0,11300
0.0,11301
0.0,11302
0.0,11303
1.0,11304
1.0,11305
2.0,11306
1.0,11307
0.0,11308
6.0,11309
0.0,11310
0.0,11311
1.0,11312
6.0,11313
8.0,11314
2.0,11315
2.0,11316
0.0,11317
0.0,11318
7.0,11319
0.0,11320
2.0,11321
1.0,11322
0.0,11323
1.0,11324
1.0,11325
1.0,11326
6.0,11327
0.0,11328
0.0,11329
0.0,11330
3.0,11331
0.0,11332
0.0,11333
0.0,11334
0.0,11335
0.0,11336
0.0,11337
1.0,11338
6.0,11339
1.0,11340
1.0,11341
6.0,11342
0.0,11343
1.0,11344
3.0,11345
1.0,11346
6.0,11347
6.0,11348
0.0,11349
6.0,11350
0.0,11351
0.0,11352
6.0,11353
6.0,11354
0.0,11355
1.0,11356
6.0,11357
0.0,11358
2.0,11359
3.0,11360
1.0,11361
2.0,11362
0.0,11363
1.0,11364
0.0,11365
0.0,11366
7.0,11367
6.0,11368
1.0,11369
0.0,11370
0.0,11371
1.0,11372
1.0,11373
6.0,11374
2.0,11375
0.0,11376
0.0,11377
1.0,11378
0.0,11379
0.0,11380
0.0,11381
1.0,11382
3.0,11383
3.0,11384
0.0,11385
0.0,11386
0.0,11387
2.0,11388
2.0,11389
3.0,11390
0.0,11391
0.0,11392
0.0,11393
0.0,11394
0.0,11395
2.0,11396
1.0,11397
2.0,11398
0.0,11399
1.0,11400
0.0,11401
0.0,11402
0.0,11403
0.0,11404
8.0,11405
1.0,11406
8.0,11407
1.0,11408
4.0,11409
6.0,11410
0.0,11411
0.0,11412
0.0,11413
0.0,11414
0.0,11415
0.0,11416
0.0,11417
0.0,11418
6.0,11419
6.0,11420
1.0,11421
1.0,11422
7.0,11423
0.0,11424
3.0,11425
6.0,11426
0.0,11427
0.0,11428
6.0,11429
8.0,11430
1.0,11431
0.0,11432
0.0,11433
1.0,11434
6.0,11435
6.0,11436
4.0,11437
0.0,11438
0.0,11439
7.0,11440
0.0,11441
0.0,11442
2.0,11443
0.0,11444
2.0,11445
0.0,11446
1.0,11447
1.0,11448
8.0,11449
4.0,11450
2.0,11451
2.0,11452
6.0,11453
0.0,11454
0.0,11455
0.0,11456
2.0,11457
1.0,11458
7.0,11459
0.0,11460
0.0,11461
6.0,11462
0.0,11463
0.0,11464
0.0,11465
0.0,11466
3.0,11467
2.0,11468
2.0,11469
2.0,11470
0.0,11471
0.0,11472
0.0,11473
0.0,11474
8.0,11475
1.0,11476
1.0,11477
0.0,11478
0.0,11479
7.0,11480
2.0,11481
8.0,11482
2.0,11483
1.0,11484
1.0,11485
1.0,11486
0.0,11487
2.0,11488
6.0,11489
0.0,11490
8.0,11491
0.0,11492
0.0,11493
1.0,11494
0.0,11495
0.0,11496
1.0,11497
0.0,11498
2.0,11499
0.0,11500
3.0,11501
2.0,11502
0.0,11503
2.0,11504
0.0,11505
0.0,11506
1.0,11507
0.0,11508
0.0,11509
2.0,11510
0.0,11511
0.0,11512
6.0,11513
1.0,11514
0.0,11515
2.0,11516
2.0,11517
0.0,11518
6.0,11519
0.0,11520
1.0,11521
0.0,11522
2.0,11523
7.0,11524
0.0,11525
2.0,11526
0.0,11527
0.0,11528
0.0,11529
3.0,11530
0.0,11531
6.0,11532
0.0,11533
2.0,11534
6.0,11535
0.0,11536
2.0,11537
3.0,11538
2.0,11539
1.0,11540
0.0,11541
2.0,11542
6.0,11543
0.0,11544
0.0,11545
1.0,11546
1.0,11547
0.0,11548
1.0,11549
7.0,11550
0.0,11551
1.0,11552
2.0,11553
0.0,11554
2.0,11555
0.0,11556
0.0,11557
1.0,11558
6.0,11559
6.0,11560
1.0,11561
0.0,11562
3.0,11563
6.0,11564
0.0,11565
0.0,11566
0.0,11567
8.0,11568
0.0,11569
1.0,11570
0.0,11571
8.0,11572
1.0,11573
0.0,11574
0.0,11575
0.0,11576
6.0,11577
2.0,11578
0.0,11579
1.0,11580
0.0,11581
0.0,11582
0.0,11583
0.0,11584
0.0,11585
0.0,11586
1.0,11587
0.0,11588
3.0,11589
0.0,11590
0.0,11591
6.0,11592
0.0,11593
1.0,11594
4.0,11595
1.0,11596
0.0,11597
6.0,11598
6.0,11599
1.0,11600
8.0,11601
0.0,11602
1.0,11603
6.0,11604
0.0,11605
2.0,11606
0.0,11607
7.0,11608
6.0,11609
0.0,11610
6.0,11611
6.0,11612
1.0,11613
0.0,11614
2.0,11615
1.0,11616
6.0,11617
0.0,11618
0.0,11619
6.0,11620
2.0,11621
0.0,11622
8.0,11623
0.0,11624
0.0,11625
1.0,11626
0.0,11627
0.0,11628
0.0,11629
0.0,11630
0.0,11631
6.0,11632
0.0,11633
6.0,11634
0.0,11635
2.0,11636
0.0,11637
1.0,11638
2.0,11639
3.0,11640
3.0,11641
0.0,11642
1.0,11643
1.0,11644
0.0,11645
0.0,11646
8.0,11647
0.0,11648
0.0,11649
5.0,11650
0.0,11651
0.0,11652
0.0,11653
1.0,11654
2.0,11655
6.0,11656
0.0,11657
8.0,11658
0.0,11659
1.0,11660
7.0,11661
7.0,11662
6.0,11663
0.0,11664
0.0,11665
0.0,11666
2.0,11667
0.0,11668
1.0,11669
0.0,11670
2.0,11671
0.0,11672
0.0,11673
2.0,11674
0.0,11675
0.0,11676
3.0,11677
0.0,11678
0.0,11679
6.0,11680
2.0,11681
8.0,11682
1.0,11683
8.0,11684
1.0,11685
4.0,11686
0.0,11687
0.0,11688
0.0,11689
2.0,11690
1.0,11691
0.0,11692
2.0,11693
1.0,11694
4.0,11695
2.0,11696
0.0,11697
0.0,11698
0.0,11699
1.0,11700
0.0,11701
0.0,11702
1.0,11703
0.0,11704
6.0,11705
1.0,11706
1.0,11707
1.0,11708
1.0,11709
3.0,11710
2.0,11711
1.0,11712
0.0,11713
1.0,11714
0.0,11715
0.0,11716
7.0,11717
6.0,11718
0.0,11719
0.0,11720
0.0,11721
0.0,11722
0.0,11723
0.0,11724
1.0,11725
0.0,11726
1.0,11727
0.0,11728
0.0,11729
0.0,11730
1.0,11731
4.0,11732
2.0,11733
0.0,11734
0.0,11735
0.0,11736
1.0,11737
6.0,11738
1.0,11739
0.0,11740
6.0,11741
1.0,11742
0.0,11743
0.0,11744
6.0,11745
0.0,11746
6.0,11747
0.0,11748
6.0,11749
0.0,11750
6.0,11751
0.0,11752
2.0,11753
0.0,11754
0.0,11755
0.0,11756
6.0,11757
2.0,11758
6.0,11759
0.0,11760
0.0,11761
0.0,11762
2.0,11763
1.0,11764
0.0,11765
1.0,11766
1.0,11767
0.0,11768
6.0,11769
0.0,11770
0.0,11771
1.0,11772
0.0,11773
0.0,11774
6.0,11775
2.0,11776
2.0,11777
1.0,11778
0.0,11779
6.0,11780
8.0,11781
0.0,11782
0.0,11783
0.0,11784
2.0,11785
0.0,11786
6.0,11787
1.0,11788
8.0,11789
6.0,11790
0.0,11791
1.0,11792
1.0,11793
1.0,11794
0.0,11795
0.0,11796
1.0,11797
0.0,11798
0.0,11799
2.0,11800
0.0,11801
0.0,11802
0.0,11803
0.0,11804
1.0,11805
1.0,11806
0.0,11807
1.0,11808
1.0,11809
1.0,11810
4.0,11811
0.0,11812
2.0,11813
1.0,11814
0.0,11815
0.0,11816
6.0,11817
1.0,11818
0.0,11819
0.0,11820
0.0,11821
7.0,11822
0.0,11823
0.0,11824
2.0,11825
1.0,11826
0.0,11827
0.0,11828
0.0,11829
0.0,11830
1.0,11831
0.0,11832
0.0,11833
0.0,11834
8.0,11835
4.0,11836
6.0,11837
6.0,11838
0.0,11839
6.0,11840
0.0,11841
0.0,11842
0.0,11843
6.0,11844
1.0,11845
0.0,11846
0.0,11847
0.0,11848
0.0,11849
0.0,11850
0.0,11851
0.0,11852
1.0,11853
0.0,11854
0.0,11855
1.0,11856
1.0,11857
0.0,11858
0.0,11859
0.0,11860
0.0,11861
0.0,11862
0.0,11863
0.0,11864
0.0,11865
0.0,11866
0.0,11867
7.0,11868
0.0,11869
0.0,11870
0.0,11871
0.0,11872
0.0,11873
0.0,11874
1.0,11875
0.0,11876
0.0,11877
0.0,11878
1.0,11879
6.0,11880
0.0,11881
0.0,11882
0.0,11883
0.0,11884
6.0,11885
0.0,11886
0.0,11887
0.0,11888
2.0,11889
6.0,11890
0.0,11891
1.0,11892
0.0,11893
0.0,11894
2.0,11895
0.0,11896
3.0,11897
0.0,11898
3.0,11899
3.0,11900
3.0,11901
2.0,11902
0.0,11903
8.0,11904
2.0,11905
6.0,11906
1.0,11907
1.0,11908
1.0,11909
1.0,11910
6.0,11911
0.0,11912
1.0,11913
0.0,11914
6.0,11915
0.0,11916
0.0,11917
0.0,11918
1.0,11919
8.0,11920
0.0,11921
0.0,11922
2.0,11923
1.0,11924
0.0,11925
1.0,11926
2.0,11927
0.0,11928
0.0,11929
8.0,11930
0.0,11931
1.0,11932
4.0,11933
0.0,11934
0.0,11935
6.0,11936
1.0,11937
2.0,11938
1.0,11939
2.0,11940
0.0,11941
0.0,11942
0.0,11943
7.0,11944
1.0,11945
6.0,11946
7.0,11947
6.0,11948
1.0,11949
1.0,11950
6.0,11951
0.0,11952
0.0,11953
0.0,11954
8.0,11955
0.0,11956
0.0,11957
2.0,11958
6.0,11959
1.0,11960
1.0,11961
0.0,11962
0.0,11963
0.0,11964
0.0,11965
0.0,11966
0.0,11967
8.0,11968
6.0,11969
0.0,11970
0.0,11971
8.0,11972
1.0,11973
0.0,11974
0.0,11975
0.0,11976
0.0,11977
1.0,11978
0.0,11979
1.0,11980
0.0,11981
0.0,11982
1.0,11983
8.0,11984
0.0,11985
1.0,11986
1.0,11987
0.0,11988
7.0,11989
0.0,11990
0.0,11991
6.0,11992
3.0,11993
4.0,11994
0.0,11995
2.0,11996
0.0,11997
0.0,11998
1.0,11999
6.0,12000
7.0,12001
1.0,12002
6.0,12003
0.0,12004
4.0,12005
0.0,12006
0.0,12007
0.0,12008
0.0,12009
0.0,12010
0.0,12011
0.0,12012
3.0,12013
3.0,12014
7.0,12015
0.0,12016
0.0,12017
0.0,12018
6.0,12019
8.0,12020
2.0,12021
6.0,12022
1.0,12023
1.0,12024
0.0,12025
0.0,12026
1.0,12027
2.0,12028
6.0,12029
2.0,12030
1.0,12031
1.0,12032
0.0,12033
2.0,12034
0.0,12035
2.0,12036
0.0,12037
0.0,12038
1.0,12039
2.0,12040
8.0,12041
0.0,12042
7.0,12043
1.0,12044
0.0,12045
1.0,12046
2.0,12047
0.0,12048
0.0,12049
1.0,12050
0.0,12051
0.0,12052
0.0,12053
0.0,12054
1.0,12055
2.0,12056
0.0,12057
1.0,12058
0.0,12059
0.0,12060
0.0,12061
1.0,12062
6.0,12063
0.0,12064
0.0,12065
6.0,12066
1.0,12067
7.0,12068
0.0,12069
0.0,12070
2.0,12071
2.0,12072
6.0,12073
6.0,12074
0.0,12075
0.0,12076
6.0,12077
0.0,12078
2.0,12079
0.0,12080
0.0,12081
0.0,12082
1.0,12083
0.0,12084
0.0,12085
6.0,12086
0.0,12087
6.0,12088
0.0,12089
5.0,12090
1.0,12091
2.0,12092
8.0,12093
1.0,12094
0.0,12095
5.0,12096
0.0,12097
0.0,12098
0.0,12099
6.0,12100
2.0,12101
0.0,12102
1.0,12103
1.0,12104
0.0,12105
6.0,12106
1.0,12107
0.0,12108
0.0,12109
2.0,12110
1.0,12111
0.0,12112
0.0,12113
0.0,12114
0.0,12115
2.0,12116
2.0,12117
0.0,12118
2.0,12119
0.0,12120
1.0,12121
0.0,12122
4.0,12123
0.0,12124
2.0,12125
1.0,12126
2.0,12127
0.0,12128
0.0,12129
6.0,12130
7.0,12131
0.0,12132
0.0,12133
6.0,12134
6.0,12135
0.0,12136
6.0,12137
0.0,12138
0.0,12139
2.0,12140
0.0,12141
0.0,12142
1.0,12143
0.0,12144
8.0,12145
0.0,12146
1.0,12147
0.0,12148
0.0,12149
2.0,12150
1.0,12151
0.0,12152
0.0,12153
0.0,12154
6.0,12155
6.0,12156
2.0,12157
0.0,12158
2.0,12159
1.0,12160
0.0,12161
6.0,12162
2.0,12163
6.0,12164
1.0,12165
0.0,12166
1.0,12167
1.0,12168
0.0,12169
0.0,12170
0.0,12171
1.0,12172
7.0,12173
0.0,12174
2.0,12175
0.0,12176
1.0,12177
2.0,12178
0.0,12179
0.0,12180
2.0,12181
3.0,12182
0.0,12183
0.0,12184
0.0,12185
0.0,12186
0.0,12187
0.0,12188
0.0,12189
0.0,12190
0.0,12191
0.0,12192
0.0,12193
6.0,12194
1.0,12195
2.0,12196
0.0,12197
6.0,12198
0.0,12199
2.0,12200
0.0,12201
0.0,12202
0.0,12203
6.0,12204
0.0,12205
0.0,12206
0.0,12207
0.0,12208
8.0,12209
2.0,12210
6.0,12211
6.0,12212
1.0,12213
0.0,12214
2.0,12215
1.0,12216
0.0,12217
2.0,12218
1.0,12219
7.0,12220
0.0,12221
2.0,12222
0.0,12223
1.0,12224
0.0,12225
0.0,12226
1.0,12227
1.0,12228
7.0,12229
2.0,12230
0.0,12231
3.0,12232
1.0,12233
0.0,12234
7.0,12235
5.0,12236
0.0,12237
2.0,12238
8.0,12239
6.0,12240
7.0,12241
1.0,12242
1.0,12243
0.0,12244
0.0,12245
0.0,12246
8.0,12247
0.0,12248
0.0,12249
6.0,12250
3.0,12251
0.0,12252
0.0,12253
1.0,12254
0.0,12255
0.0,12256
0.0,12257
8.0,12258
6.0,12259
1.0,12260
0.0,12261
6.0,12262
0.0,12263
0.0,12264
6.0,12265
1.0,12266
1.0,12267
1.0,12268
4.0,12269
2.0,12270
0.0,12271
0.0,12272
1.0,12273
1.0,12274
1.0,12275
0.0,12276
6.0,12277
0.0,12278
6.0,12279
2.0,12280
1.0,12281
6.0,12282
8.0,12283
8.0,12284
0.0,12285
0.0,12286
0.0,12287
0.0,12288
1.0,12289
1.0,12290
8.0,12291
6.0,12292
1.0,12293
8.0,12294
0.0,12295
0.0,12296
0.0,12297
1.0,12298
0.0,12299
1.0,12300
1.0,12301
0.0,12302
0.0,12303
2.0,12304
0.0,12305
0.0,12306
8.0,12307
0.0,12308
6.0,12309
1.0,12310
8.0,12311
6.0,12312
0.0,12313
1.0,12314
0.0,12315
1.0,12316
7.0,12317
6.0,12318
0.0,12319
1.0,12320
0.0,12321
0.0,12322
1.0,12323
2.0,12324
1.0,12325
2.0,12326
1.0,12327
0.0,12328
1.0,12329
0.0,12330
2.0,12331
0.0,12332
0.0,12333
6.0,12334
8.0,12335
1.0,12336
1.0,12337
0.0,12338
0.0,12339
0.0,12340
2.0,12341
1.0,12342
1.0,12343
0.0,12344
1.0,12345
1.0,12346
6.0,12347
0.0,12348
0.0,12349
0.0,12350
0.0,12351
2.0,12352
0.0,12353
0.0,12354
0.0,12355
0.0,12356
0.0,12357
0.0,12358
0.0,12359
0.0,12360
0.0,12361
1.0,12362
7.0,12363
0.0,12364
8.0,12365
4.0,12366
0.0,12367
6.0,12368
0.0,12369
0.0,12370
1.0,12371
2.0,12372
0.0,12373
2.0,12374
1.0,12375
1.0,12376
3.0,12377
6.0,12378
3.0,12379
0.0,12380
0.0,12381
0.0,12382
0.0,12383
1.0,12384
6.0,12385
1.0,12386
8.0,12387
2.0,12388
0.0,12389
1.0,12390
0.0,12391
0.0,12392
1.0,12393
0.0,12394
0.0,12395
3.0,12396
8.0,12397
2.0,12398
0.0,12399
0.0,12400
0.0,12401
0.0,12402
1.0,12403
0.0,12404
0.0,12405
0.0,12406
8.0,12407
0.0,12408
0.0,12409
0.0,12410
6.0,12411
0.0,12412
0.0,12413
1.0,12414
0.0,12415
8.0,12416
0.0,12417
0.0,12418
6.0,12419
0.0,12420
0.0,12421
2.0,12422
3.0,12423
1.0,12424
0.0,12425
0.0,12426
0.0,12427
0.0,12428
4.0,12429
4.0,12430
6.0,12431
0.0,12432
1.0,12433
1.0,12434
2.0,12435
0.0,12436
1.0,12437
0.0,12438
1.0,12439
6.0,12440
0.0,12441
0.0,12442
0.0,12443
0.0,12444
1.0,12445
8.0,12446
0.0,12447
1.0,12448
0.0,12449
0.0,12450
0.0,12451
0.0,12452
8.0,12453
0.0,12454
0.0,12455
3.0,12456
1.0,12457
8.0,12458
0.0,12459
0.0,12460
2.0,12461
0.0,12462
0.0,12463
0.0,12464
0.0,12465
0.0,12466
0.0,12467
2.0,12468
0.0,12469
0.0,12470
3.0,12471
0.0,12472
0.0,12473
0.0,12474
0.0,12475
0.0,12476
0.0,12477
0.0,12478
0.0,12479
0.0,12480
0.0,12481
0.0,12482
0.0,12483
0.0,12484
0.0,12485
0.0,12486
0.0,12487
0.0,12488
2.0,12489
1.0,12490
1.0,12491
2.0,12492
1.0,12493
0.0,12494
0.0,12495
0.0,12496
0.0,12497
3.0,12498
6.0,12499
6.0,12500
0.0,12501
6.0,12502
8.0,12503
1.0,12504
0.0,12505
0.0,12506
2.0,12507
0.0,12508
0.0,12509
0.0,12510
0.0,12511
1.0,12512
0.0,12513
0.0,12514
2.0,12515
0.0,12516
0.0,12517
8.0,12518
8.0,12519
0.0,12520
1.0,12521
0.0,12522
0.0,12523
0.0,12524
0.0,12525
0.0,12526
6.0,12527
1.0,12528
0.0,12529
0.0,12530
1.0,12531
8.0,12532
0.0,12533
4.0,12534
0.0,12535
1.0,12536
0.0,12537
1.0,12538
1.0,12539
0.0,12540
2.0,12541
0.0,12542
1.0,12543
0.0,12544
2.0,12545
0.0,12546
0.0,12547
2.0,12548
2.0,12549
0.0,12550
0.0,12551
6.0,12552
5.0,12553
0.0,12554
2.0,12555
1.0,12556
0.0,12557
0.0,12558
0.0,12559
6.0,12560
0.0,12561
0.0,12562
1.0,12563
0.0,12564
3.0,12565
0.0,12566
0.0,12567
6.0,12568
3.0,12569
6.0,12570
1.0,12571
1.0,12572
2.0,12573
1.0,12574
8.0,12575
6.0,12576
1.0,12577
2.0,12578
0.0,12579
0.0,12580
1.0,12581
6.0,12582
0.0,12583
8.0,12584
6.0,12585
0.0,12586
1.0,12587
0.0,12588
0.0,12589
0.0,12590
0.0,12591
2.0,12592
2.0,12593
8.0,12594
5.0,12595
1.0,12596
3.0,12597
1.0,12598
0.0,12599
0.0,12600
1.0,12601
1.0,12602
0.0,12603
1.0,12604
0.0,12605
0.0,12606
6.0,12607
1.0,12608
6.0,12609
1.0,12610
3.0,12611
6.0,12612
1.0,12613
3.0,12614
6.0,12615
1.0,12616
0.0,12617
6.0,12618
0.0,12619
6.0,12620
6.0,12621
0.0,12622
1.0,12623
0.0,12624
0.0,12625
7.0,12626
0.0,12627
0.0,12628
0.0,12629
0.0,12630
3.0,12631
1.0,12632
6.0,12633
6.0,12634
0.0,12635
3.0,12636
1.0,12637
3.0,12638
0.0,12639
6.0,12640
3.0,12641
2.0,12642
0.0,12643
3.0,12644
3.0,12645
3.0,12646
2.0,12647
6.0,12648
1.0,12649
0.0,12650
1.0,12651
0.0,12652
3.0,12653
1.0,12654
0.0,12655
6.0,12656
3.0,12657
6.0,12658
0.0,12659
1.0,12660
0.0,12661
3.0,12662
6.0,12663
2.0,12664
1.0,12665
3.0,12666
3.0,12667
4.0,12668
2.0,12669
3.0,12670
1.0,12671
3.0,12672
1.0,12673
3.0,12674
4.0,12675
0.0,12676
0.0,12677
3.0,12678
1.0,12679
1.0,12680
0.0,12681
0.0,12682
0.0,12683
0.0,12684
1.0,12685
0.0,12686
0.0,12687
6.0,12688
0.0,12689
0.0,12690
0.0,12691
0.0,12692
7.0,12693
4.0,12694
1.0,12695
0.0,12696
8.0,12697
0.0,12698
6.0,12699
0.0,12700
1.0,12701
0.0,12702
0.0,12703
0.0,12704
7.0,12705
0.0,12706
1.0,12707
8.0,12708
8.0,12709
6.0,12710
2.0,12711
0.0,12712
1.0,12713
0.0,12714
3.0,12715
3.0,12716
7.0,12717
6.0,12718
1.0,12719
2.0,12720
1.0,12721
6.0,12722
3.0,12723
1.0,12724
6.0,12725
2.0,12726
3.0,12727
5.0,12728
1.0,12729
0.0,12730
0.0,12731
0.0,12732
1.0,12733
1.0,12734
1.0,12735
1.0,12736
1.0,12737
0.0,12738
6.0,12739
1.0,12740
0.0,12741
1.0,12742
1.0,12743
1.0,12744
2.0,12745
1.0,12746
3.0,12747
6.0,12748
6.0,12749
1.0,12750
1.0,12751
1.0,12752
0.0,12753
0.0,12754
0.0,12755
1.0,12756
0.0,12757
1.0,12758
0.0,12759
8.0,12760
3.0,12761
0.0,12762
0.0,12763
1.0,12764
1.0,12765
3.0,12766
7.0,12767
2.0,12768
6.0,12769
1.0,12770
1.0,12771
0.0,12772
6.0,12773
6.0,12774
0.0,12775
1.0,12776
0.0,12777
8.0,12778
0.0,12779
1.0,12780
6.0,12781
1.0,12782
1.0,12783
6.0,12784
0.0,12785
0.0,12786
0.0,12787
3.0,12788
0.0,12789
2.0,12790
0.0,12791
6.0,12792
0.0,12793
0.0,12794
0.0,12795
0.0,12796
6.0,12797
0.0,12798
0.0,12799
0.0,12800
1.0,12801
1.0,12802
0.0,12803
1.0,12804
8.0,12805
4.0,12806
3.0,12807
0.0,12808
0.0,12809
2.0,12810
0.0,12811
8.0,12812
0.0,12813
6.0,12814
8.0,12815
2.0,12816
0.0,12817
1.0,12818
1.0,12819
3.0,12820
8.0,12821
2.0,12822
6.0,12823
6.0,12824
0.0,12825
0.0,12826
1.0,12827
6.0,12828
0.0,12829
8.0,12830
0.0,12831
2.0,12832
6.0,12833
6.0,12834
6.0,12835
6.0,12836
6.0,12837
6.0,12838
1.0,12839
0.0,12840
0.0,12841
6.0,12842
1.0,12843
0.0,12844
0.0,12845
6.0,12846
6.0,12847
6.0,12848
6.0,12849
6.0,12850
6.0,12851
0.0,12852
6.0,12853
6.0,12854
0.0,12855
0.0,12856
6.0,12857
6.0,12858
0.0,12859
3.0,12860
1.0,12861
6.0,12862
0.0,12863
0.0,12864
1.0,12865
1.0,12866
6.0,12867
1.0,12868
1.0,12869
0.0,12870
0.0,12871
8.0,12872
2.0,12873
0.0,12874
0.0,12875
0.0,12876
1.0,12877
1.0,12878
1.0,12879
6.0,12880
6.0,12881
6.0,12882
0.0,12883
0.0,12884
0.0,12885
4.0,12886
1.0,12887
0.0,12888
1.0,12889
8.0,12890
1.0,12891
3.0,12892
0.0,12893
1.0,12894
0.0,12895
8.0,12896
6.0,12897
6.0,12898
1.0,12899
1.0,12900
3.0,12901
1.0,12902
0.0,12903
3.0,12904
0.0,12905
0.0,12906
2.0,12907
1.0,12908
0.0,12909
6.0,12910
0.0,12911
6.0,12912
4.0,12913
8.0,12914
6.0,12915
0.0,12916
5.0,12917
2.0,12918
0.0,12919
0.0,12920
1.0,12921
0.0,12922
1.0,12923
0.0,12924
1.0,12925
0.0,12926
1.0,12927
0.0,12928
1.0,12929
1.0,12930
0.0,12931
0.0,12932
0.0,12933
0.0,12934
0.0,12935
0.0,12936
0.0,12937
0.0,12938
0.0,12939
0.0,12940
0.0,12941
0.0,12942
0.0,12943
0.0,12944
0.0,12945
0.0,12946
0.0,12947
6.0,12948
0.0,12949
0.0,12950
0.0,12951
0.0,12952
0.0,12953
0.0,12954
0.0,12955
0.0,12956
0.0,12957
0.0,12958
0.0,12959
1.0,12960
0.0,12961
0.0,12962
0.0,12963
0.0,12964
5.0,12965
0.0,12966
0.0,12967
0.0,12968
0.0,12969
0.0,12970
0.0,12971
0.0,12972
0.0,12973
5.0,12974
0.0,12975
0.0,12976
2.0,12977
6.0,12978
0.0,12979
1.0,12980
0.0,12981
0.0,12982
6.0,12983
0.0,12984
0.0,12985
0.0,12986
6.0,12987
0.0,12988
6.0,12989
6.0,12990
0.0,12991
0.0,12992
0.0,12993
2.0,12994
0.0,12995
6.0,12996
1.0,12997
1.0,12998
0.0,12999
0.0,13000
0.0,13001
0.0,13002
0.0,13003
6.0,13004
0.0,13005
0.0,13006
0.0,13007
1.0,13008
5.0,13009
0.0,13010
0.0,13011
0.0,13012
0.0,13013
0.0,13014
0.0,13015
0.0,13016
0.0,13017
3.0,13018
0.0,13019
0.0,13020
0.0,13021
0.0,13022
0.0,13023
0.0,13024
0.0,13025
0.0,13026
0.0,13027
0.0,13028
0.0,13029
3.0,13030
0.0,13031
0.0,13032
0.0,13033
3.0,13034
7.0,13035
5.0,13036
0.0,13037
0.0,13038
0.0,13039
1.0,13040
0.0,13041
0.0,13042
0.0,13043
0.0,13044
0.0,13045
0.0,13046
1.0,13047
0.0,13048
0.0,13049
6.0,13050
0.0,13051
2.0,13052
0.0,13053
0.0,13054
8.0,13055
0.0,13056
0.0,13057
0.0,13058
2.0,13059
1.0,13060
3.0,13061
0.0,13062
0.0,13063
0.0,13064
0.0,13065
2.0,13066
0.0,13067
0.0,13068
0.0,13069
0.0,13070
0.0,13071
2.0,13072
0.0,13073
0.0,13074
6.0,13075
0.0,13076
0.0,13077
0.0,13078
0.0,13079
0.0,13080
0.0,13081
0.0,13082
0.0,13083
0.0,13084
6.0,13085
0.0,13086
0.0,13087
0.0,13088
2.0,13089
0.0,13090
0.0,13091
0.0,13092
0.0,13093
0.0,13094
8.0,13095
0.0,13096
6.0,13097
0.0,13098
0.0,13099
0.0,13100
2.0,13101
0.0,13102
0.0,13103
0.0,13104
0.0,13105
1.0,13106
0.0,13107
0.0,13108
0.0,13109
0.0,13110
0.0,13111
0.0,13112
0.0,13113
0.0,13114
0.0,13115
0.0,13116
0.0,13117
0.0,13118
0.0,13119
0.0,13120
0.0,13121
0.0,13122
0.0,13123
0.0,13124
0.0,13125
0.0,13126
0.0,13127
0.0,13128
0.0,13129
0.0,13130
0.0,13131
0.0,13132
0.0,13133
0.0,13134
0.0,13135
0.0,13136
0.0,13137
3.0,13138
0.0,13139
0.0,13140
1.0,13141
0.0,13142
0.0,13143
0.0,13144
0.0,13145
0.0,13146
0.0,13147
0.0,13148
0.0,13149
0.0,13150
1.0,13151
3.0,13152
1.0,13153
0.0,13154
0.0,13155
0.0,13156
0.0,13157
0.0,13158
0.0,13159
0.0,13160
0.0,13161
0.0,13162
0.0,13163
0.0,13164
0.0,13165
0.0,13166
0.0,13167
0.0,13168
0.0,13169
0.0,13170
0.0,13171
0.0,13172
0.0,13173
0.0,13174
0.0,13175
0.0,13176
3.0,13177
0.0,13178
0.0,13179
0.0,13180
0.0,13181
0.0,13182
0.0,13183
0.0,13184
0.0,13185
0.0,13186
0.0,13187
1.0,13188
0.0,13189
0.0,13190
0.0,13191
0.0,13192
0.0,13193
6.0,13194
0.0,13195
0.0,13196
0.0,13197
0.0,13198
0.0,13199
3.0,13200
0.0,13201
0.0,13202
1.0,13203
0.0,13204
0.0,13205
0.0,13206
0.0,13207
0.0,13208
0.0,13209
0.0,13210
0.0,13211
0.0,13212
0.0,13213
0.0,13214
0.0,13215
0.0,13216
1.0,13217
0.0,13218
1.0,13219
0.0,13220
0.0,13221
0.0,13222
3.0,13223
0.0,13224
0.0,13225
0.0,13226
0.0,13227
0.0,13228
8.0,13229
0.0,13230
0.0,13231
1.0,13232
0.0,13233
0.0,13234
0.0,13235
0.0,13236
0.0,13237
0.0,13238
0.0,13239
0.0,13240
1.0,13241
0.0,13242
0.0,13243
0.0,13244
0.0,13245
0.0,13246
0.0,13247
6.0,13248
8.0,13249
0.0,13250
0.0,13251
0.0,13252
0.0,13253
0.0,13254
0.0,13255
0.0,13256
0.0,13257
0.0,13258
0.0,13259
0.0,13260
0.0,13261
2.0,13262
0.0,13263
0.0,13264
0.0,13265
0.0,13266
0.0,13267
0.0,13268
0.0,13269
0.0,13270
0.0,13271
0.0,13272
0.0,13273
0.0,13274
0.0,13275
0.0,13276
0.0,13277
0.0,13278
8.0,13279
0.0,13280
0.0,13281
0.0,13282
0.0,13283
0.0,13284
0.0,13285
1.0,13286
0.0,13287
0.0,13288
0.0,13289
0.0,13290
0.0,13291
0.0,13292
0.0,13293
0.0,13294
0.0,13295
0.0,13296
0.0,13297
0.0,13298
0.0,13299
1.0,13300
0.0,13301
0.0,13302
0.0,13303
0.0,13304
0.0,13305
0.0,13306
0.0,13307
0.0,13308
0.0,13309
0.0,13310
0.0,13311
0.0,13312
0.0,13313
0.0,13314
0.0,13315
0.0,13316
0.0,13317
0.0,13318
0.0,13319
0.0,13320
0.0,13321
0.0,13322
0.0,13323
0.0,13324
6.0,13325
0.0,13326
0.0,13327
0.0,13328
0.0,13329
0.0,13330
0.0,13331
0.0,13332
0.0,13333
0.0,13334
6.0,13335
0.0,13336
0.0,13337
0.0,13338
0.0,13339
0.0,13340
0.0,13341
5.0,13342
2.0,13343
0.0,13344
4.0,13345
7.0,13346
0.0,13347
8.0,13348
1.0,13349
0.0,13350
1.0,13351
0.0,13352
0.0,13353
2.0,13354
0.0,13355
0.0,13356
6.0,13357
0.0,13358
8.0,13359
8.0,13360
8.0,13361
0.0,13362
0.0,13363
0.0,13364
6.0,13365
1.0,13366
0.0,13367
0.0,13368
1.0,13369
0.0,13370
0.0,13371
0.0,13372
6.0,13373
8.0,13374
0.0,13375
0.0,13376
0.0,13377
0.0,13378
0.0,13379
8.0,13380
0.0,13381
0.0,13382
0.0,13383
0.0,13384
0.0,13385
3.0,13386
0.0,13387
0.0,13388
0.0,13389
8.0,13390
0.0,13391
5.0,13392
0.0,13393
0.0,13394
0.0,13395
0.0,13396
0.0,13397
0.0,13398
0.0,13399
8.0,13400
0.0,13401
0.0,13402
0.0,13403
0.0,13404
0.0,13405
6.0,13406
0.0,13407
0.0,13408
0.0,13409
0.0,13410
1.0,13411
0.0,13412
0.0,13413
0.0,13414
0.0,13415
0.0,13416
0.0,13417
0.0,13418
8.0,13419
0.0,13420
0.0,13421
8.0,13422
6.0,13423
6.0,13424
0.0,13425
0.0,13426
0.0,13427
0.0,13428
0.0,13429
0.0,13430
0.0,13431
0.0,13432
0.0,13433
0.0,13434
0.0,13435
0.0,13436
0.0,13437
0.0,13438
0.0,13439
0.0,13440
0.0,13441
0.0,13442
0.0,13443
0.0,13444
2.0,13445
8.0,13446
0.0,13447
0.0,13448
0.0,13449
1.0,13450
1.0,13451
6.0,13452
0.0,13453
0.0,13454
0.0,13455
0.0,13456
6.0,13457
5.0,13458
0.0,13459
0.0,13460
1.0,13461
0.0,13462
0.0,13463
0.0,13464
3.0,13465
0.0,13466
1.0,13467
8.0,13468
0.0,13469
8.0,13470
0.0,13471
0.0,13472
0.0,13473
8.0,13474
0.0,13475
0.0,13476
0.0,13477
0.0,13478
0.0,13479
0.0,13480
8.0,13481
8.0,13482
0.0,13483
8.0,13484
0.0,13485
0.0,13486
0.0,13487
0.0,13488
0.0,13489
0.0,13490
0.0,13491
1.0,13492
0.0,13493
0.0,13494
0.0,13495
0.0,13496
8.0,13497
0.0,13498
0.0,13499
1.0,13500
0.0,13501
0.0,13502
0.0,13503
0.0,13504
0.0,13505
0.0,13506
5.0,13507
0.0,13508
0.0,13509
0.0,13510
0.0,13511
1.0,13512
0.0,13513
0.0,13514
0.0,13515
0.0,13516
0.0,13517
0.0,13518
0.0,13519
3.0,13520
1.0,13521
0.0,13522
0.0,13523
0.0,13524
0.0,13525
8.0,13526
0.0,13527
0.0,13528
0.0,13529
1.0,13530
6.0,13531
0.0,13532
0.0,13533
0.0,13534
6.0,13535
0.0,13536
1.0,13537
0.0,13538
0.0,13539
3.0,13540
1.0,13541
8.0,13542
0.0,13543
0.0,13544
0.0,13545
0.0,13546
0.0,13547
0.0,13548
1.0,13549
0.0,13550
0.0,13551
8.0,13552
0.0,13553
0.0,13554
0.0,13555
0.0,13556
0.0,13557
0.0,13558
0.0,13559
0.0,13560
0.0,13561
0.0,13562
0.0,13563
0.0,13564
0.0,13565
0.0,13566
0.0,13567
0.0,13568
1.0,13569
0.0,13570
0.0,13571
0.0,13572
0.0,13573
6.0,13574
8.0,13575
0.0,13576
0.0,13577
0.0,13578
0.0,13579
8.0,13580
0.0,13581
0.0,13582
0.0,13583
0.0,13584
5.0,13585
0.0,13586
0.0,13587
8.0,13588
0.0,13589
8.0,13590
5.0,13591
0.0,13592
0.0,13593
5.0,13594
0.0,13595
0.0,13596
0.0,13597
0.0,13598
1.0,13599
0.0,13600
5.0,13601
8.0,13602
8.0,13603
0.0,13604
2.0,13605
1.0,13606
0.0,13607
0.0,13608
0.0,13609
0.0,13610
0.0,13611
0.0,13612
0.0,13613
8.0,13614
0.0,13615
0.0,13616
5.0,13617
0.0,13618
6.0,13619
0.0,13620
0.0,13621
0.0,13622
5.0,13623
0.0,13624
5.0,13625
0.0,13626
0.0,13627
0.0,13628
6.0,13629
8.0,13630
8.0,13631
0.0,13632
1.0,13633
0.0,13634
0.0,13635
0.0,13636
0.0,13637
8.0,13638
0.0,13639
0.0,13640
0.0,13641
0.0,13642
0.0,13643
0.0,13644
1.0,13645
0.0,13646
0.0,13647
0.0,13648
0.0,13649
0.0,13650
0.0,13651
0.0,13652
0.0,13653
8.0,13654
0.0,13655
0.0,13656
0.0,13657
0.0,13658
8.0,13659
0.0,13660
0.0,13661
0.0,13662
0.0,13663
8.0,13664
8.0,13665
0.0,13666
0.0,13667
8.0,13668
0.0,13669
0.0,13670
0.0,13671
0.0,13672
5.0,13673
8.0,13674
5.0,13675
0.0,13676
0.0,13677
0.0,13678
8.0,13679
0.0,13680
0.0,13681
6.0,13682
1.0,13683
0.0,13684
3.0,13685
8.0,13686
0.0,13687
8.0,13688
0.0,13689
0.0,13690
0.0,13691
0.0,13692
0.0,13693
1.0,13694
0.0,13695
1.0,13696
0.0,13697
6.0,13698
0.0,13699
3.0,13700
0.0,13701
0.0,13702
0.0,13703
0.0,13704
0.0,13705
6.0,13706
0.0,13707
0.0,13708
0.0,13709
0.0,13710
0.0,13711
1.0,13712
3.0,13713
0.0,13714
0.0,13715
0.0,13716
0.0,13717
0.0,13718
0.0,13719
0.0,13720
0.0,13721
0.0,13722
0.0,13723
1.0,13724
0.0,13725
0.0,13726
0.0,13727
0.0,13728
0.0,13729
0.0,13730
0.0,13731
0.0,13732
0.0,13733
0.0,13734
0.0,13735
0.0,13736
0.0,13737
1.0,13738
1.0,13739
0.0,13740
0.0,13741
0.0,13742
0.0,13743
0.0,13744
0.0,13745
2.0,13746
0.0,13747
5.0,13748
5.0,13749
0.0,13750
5.0,13751
0.0,13752
0.0,13753
0.0,13754
0.0,13755
0.0,13756
0.0,13757
0.0,13758
0.0,13759
0.0,13760
0.0,13761
0.0,13762
0.0,13763
1.0,13764
6.0,13765
0.0,13766
0.0,13767
0.0,13768
0.0,13769
0.0,13770
0.0,13771
0.0,13772
0.0,13773
0.0,13774
0.0,13775
0.0,13776
0.0,13777
0.0,13778
0.0,13779
0.0,13780
5.0,13781
0.0,13782
0.0,13783
1.0,13784
0.0,13785
0.0,13786
0.0,13787
2.0,13788
0.0,13789
0.0,13790
0.0,13791
6.0,13792
6.0,13793
0.0,13794
0.0,13795
5.0,13796
0.0,13797
0.0,13798
0.0,13799
6.0,13800
8.0,13801
0.0,13802
0.0,13803
0.0,13804
0.0,13805
0.0,13806
0.0,13807
0.0,13808
0.0,13809
8.0,13810
0.0,13811
0.0,13812
0.0,13813
0.0,13814
0.0,13815
0.0,13816
8.0,13817
0.0,13818
0.0,13819
0.0,13820
0.0,13821
0.0,13822
0.0,13823
0.0,13824
0.0,13825
0.0,13826
6.0,13827
0.0,13828
0.0,13829
0.0,13830
1.0,13831
8.0,13832
8.0,13833
3.0,13834
0.0,13835
3.0,13836
0.0,13837
0.0,13838
8.0,13839
0.0,13840
0.0,13841
0.0,13842
0.0,13843
0.0,13844
0.0,13845
0.0,13846
3.0,13847
3.0,13848
0.0,13849
0.0,13850
0.0,13851
0.0,13852
0.0,13853
3.0,13854
5.0,13855
5.0,13856
1.0,13857
0.0,13858
0.0,13859
0.0,13860
0.0,13861
0.0,13862
0.0,13863
0.0,13864
0.0,13865
0.0,13866
0.0,13867
0.0,13868
0.0,13869
1.0,13870
5.0,13871
0.0,13872
0.0,13873
0.0,13874
1.0,13875
0.0,13876
0.0,13877
0.0,13878
0.0,13879
0.0,13880
0.0,13881
0.0,13882
8.0,13883
0.0,13884
0.0,13885
0.0,13886
0.0,13887
0.0,13888
8.0,13889
1.0,13890
0.0,13891
2.0,13892
8.0,13893
0.0,13894
0.0,13895
0.0,13896
0.0,13897
0.0,13898
8.0,13899
8.0,13900
0.0,13901
1.0,13902
2.0,13903
0.0,13904
0.0,13905
0.0,13906
0.0,13907
0.0,13908
3.0,13909
0.0,13910
0.0,13911
0.0,13912
0.0,13913
0.0,13914
0.0,13915
0.0,13916
0.0,13917
0.0,13918
0.0,13919
0.0,13920
0.0,13921
8.0,13922
0.0,13923
0.0,13924
0.0,13925
8.0,13926
0.0,13927
0.0,13928
0.0,13929
0.0,13930
0.0,13931
0.0,13932
0.0,13933
5.0,13934
3.0,13935
0.0,13936
8.0,13937
0.0,13938
0.0,13939
6.0,13940
0.0,13941
2.0,13942
5.0,13943
4.0,13944
0.0,13945
5.0,13946
0.0,13947
0.0,13948
0.0,13949
0.0,13950
1.0,13951
0.0,13952
0.0,13953
0.0,13954
0.0,13955
0.0,13956
0.0,13957
0.0,13958
0.0,13959
0.0,13960
0.0,13961
0.0,13962
0.0,13963
0.0,13964
0.0,13965
8.0,13966
0.0,13967
0.0,13968
1.0,13969
0.0,13970
0.0,13971
0.0,13972
2.0,13973
1.0,13974
0.0,13975
1.0,13976
5.0,13977
0.0,13978
0.0,13979
0.0,13980
0.0,13981
1.0,13982
1.0,13983
8.0,13984
0.0,13985
0.0,13986
0.0,13987
0.0,13988
0.0,13989
0.0,13990
0.0,13991
1.0,13992
0.0,13993
0.0,13994
0.0,13995
1.0,13996
0.0,13997
5.0,13998
0.0,13999
0.0,14000
0.0,14001
0.0,14002
6.0,14003
1.0,14004
0.0,14005
1.0,14006
1.0,14007
5.0,14008
0.0,14009
5.0,14010
0.0,14011
0.0,14012
0.0,14013
0.0,14014
0.0,14015
1.0,14016
0.0,14017
1.0,14018
0.0,14019
0.0,14020
0.0,14021
3.0,14022
0.0,14023
1.0,14024
0.0,14025
0.0,14026
1.0,14027
0.0,14028
0.0,14029
0.0,14030
0.0,14031
0.0,14032
3.0,14033
0.0,14034
0.0,14035
0.0,14036
5.0,14037
0.0,14038
0.0,14039
0.0,14040
0.0,14041
5.0,14042
0.0,14043
0.0,14044
8.0,14045
0.0,14046
0.0,14047
0.0,14048
3.0,14049
0.0,14050
0.0,14051
0.0,14052
6.0,14053
0.0,14054
0.0,14055
0.0,14056
0.0,14057
0.0,14058
0.0,14059
0.0,14060
0.0,14061
0.0,14062
3.0,14063
0.0,14064
3.0,14065
5.0,14066
0.0,14067
8.0,14068
0.0,14069
0.0,14070
0.0,14071
0.0,14072
0.0,14073
6.0,14074
0.0,14075
0.0,14076
0.0,14077
0.0,14078
1.0,14079
8.0,14080
0.0,14081
0.0,14082
0.0,14083
0.0,14084
0.0,14085
0.0,14086
0.0,14087
2.0,14088
0.0,14089
2.0,14090
0.0,14091
5.0,14092
1.0,14093
0.0,14094
0.0,14095
5.0,14096
1.0,14097
8.0,14098
0.0,14099
0.0,14100
0.0,14101
3.0,14102
5.0,14103
8.0,14104
0.0,14105
0.0,14106
2.0,14107
6.0,14108
0.0,14109
0.0,14110
1.0,14111
0.0,14112
6.0,14113
0.0,14114
2.0,14115
3.0,14116
0.0,14117
0.0,14118
0.0,14119
0.0,14120
0.0,14121
0.0,14122
0.0,14123
6.0,14124
0.0,14125
0.0,14126
0.0,14127
1.0,14128
0.0,14129
0.0,14130
0.0,14131
0.0,14132
0.0,14133
0.0,14134
0.0,14135
0.0,14136
0.0,14137
0.0,14138
0.0,14139
0.0,14140
0.0,14141
8.0,14142
0.0,14143
0.0,14144
0.0,14145
0.0,14146
0.0,14147
0.0,14148
1.0,14149
8.0,14150
5.0,14151
0.0,14152
2.0,14153
0.0,14154
5.0,14155
1.0,14156
0.0,14157
0.0,14158
0.0,14159
0.0,14160
1.0,14161
0.0,14162
0.0,14163
5.0,14164
0.0,14165
5.0,14166
0.0,14167
0.0,14168
0.0,14169
0.0,14170
0.0,14171
0.0,14172
0.0,14173
0.0,14174
5.0,14175
1.0,14176
0.0,14177
2.0,14178
1.0,14179
0.0,14180
0.0,14181
0.0,14182
0.0,14183
0.0,14184
0.0,14185
0.0,14186
0.0,14187
0.0,14188
0.0,14189
0.0,14190
0.0,14191
0.0,14192
0.0,14193
0.0,14194
0.0,14195
0.0,14196
0.0,14197
8.0,14198
0.0,14199
5.0,14200
0.0,14201
0.0,14202
0.0,14203
1.0,14204
8.0,14205
0.0,14206
0.0,14207
2.0,14208
0.0,14209
0.0,14210
0.0,14211
0.0,14212
0.0,14213
0.0,14214
0.0,14215
0.0,14216
0.0,14217
8.0,14218
0.0,14219
0.0,14220
0.0,14221
0.0,14222
8.0,14223
0.0,14224
0.0,14225
0.0,14226
0.0,14227
0.0,14228
0.0,14229
1.0,14230
0.0,14231
0.0,14232
0.0,14233
0.0,14234
0.0,14235
0.0,14236
8.0,14237
0.0,14238
0.0,14239
0.0,14240
2.0,14241
1.0,14242
6.0,14243
2.0,14244
0.0,14245
0.0,14246
0.0,14247
0.0,14248
0.0,14249
0.0,14250
2.0,14251
0.0,14252
0.0,14253
0.0,14254
0.0,14255
0.0,14256
0.0,14257
0.0,14258
0.0,14259
0.0,14260
5.0,14261
0.0,14262
4.0,14263
0.0,14264
5.0,14265
0.0,14266
6.0,14267
0.0,14268
6.0,14269
0.0,14270
0.0,14271
2.0,14272
0.0,14273
0.0,14274
2.0,14275
6.0,14276
6.0,14277
0.0,14278
0.0,14279
0.0,14280
5.0,14281
1.0,14282
0.0,14283
0.0,14284
0.0,14285
0.0,14286
0.0,14287
0.0,14288
0.0,14289
0.0,14290
0.0,14291
6.0,14292
0.0,14293
0.0,14294
0.0,14295
0.0,14296
0.0,14297
0.0,14298
0.0,14299
6.0,14300
0.0,14301
0.0,14302
8.0,14303
0.0,14304
0.0,14305
0.0,14306
6.0,14307
0.0,14308
0.0,14309
0.0,14310
3.0,14311
8.0,14312
0.0,14313
0.0,14314
0.0,14315
0.0,14316
0.0,14317
0.0,14318
0.0,14319
0.0,14320
0.0,14321
0.0,14322
0.0,14323
8.0,14324
0.0,14325
5.0,14326
1.0,14327
0.0,14328
0.0,14329
0.0,14330
0.0,14331
0.0,14332
0.0,14333
0.0,14334
0.0,14335
0.0,14336
0.0,14337
0.0,14338
0.0,14339
0.0,14340
1.0,14341
0.0,14342
1.0,14343
8.0,14344
0.0,14345
0.0,14346
0.0,14347
0.0,14348
0.0,14349
1.0,14350
0.0,14351
0.0,14352
0.0,14353
0.0,14354
0.0,14355
0.0,14356
0.0,14357
1.0,14358
0.0,14359
0.0,14360
0.0,14361
0.0,14362
0.0,14363
0.0,14364
0.0,14365
6.0,14366
0.0,14367
0.0,14368
2.0,14369
1.0,14370
0.0,14371
0.0,14372
0.0,14373
2.0,14374
0.0,14375
0.0,14376
8.0,14377
0.0,14378
0.0,14379
0.0,14380
0.0,14381
0.0,14382
0.0,14383
0.0,14384
0.0,14385
0.0,14386
0.0,14387
0.0,14388
0.0,14389
0.0,14390
0.0,14391
0.0,14392
8.0,14393
0.0,14394
0.0,14395
0.0,14396
0.0,14397
6.0,14398
0.0,14399
0.0,14400
0.0,14401
0.0,14402
0.0,14403
0.0,14404
0.0,14405
0.0,14406
1.0,14407
0.0,14408
0.0,14409
0.0,14410
0.0,14411
0.0,14412
0.0,14413
0.0,14414
0.0,14415
0.0,14416
0.0,14417
0.0,14418
0.0,14419
0.0,14420
0.0,14421
0.0,14422
0.0,14423
0.0,14424
0.0,14425
0.0,14426
0.0,14427
0.0,14428
0.0,14429
0.0,14430
0.0,14431
0.0,14432
0.0,14433
0.0,14434
0.0,14435
0.0,14436
0.0,14437
8.0,14438
0.0,14439
8.0,14440
0.0,14441
0.0,14442
8.0,14443
0.0,14444
0.0,14445
0.0,14446
0.0,14447
0.0,14448
2.0,14449
0.0,14450
0.0,14451
0.0,14452
0.0,14453
5.0,14454
0.0,14455
0.0,14456
0.0,14457
0.0,14458
0.0,14459
0.0,14460
0.0,14461
1.0,14462
5.0,14463
0.0,14464
0.0,14465
0.0,14466
8.0,14467
2.0,14468
6.0,14469
0.0,14470
0.0,14471
2.0,14472
0.0,14473
0.0,14474
0.0,14475
0.0,14476
0.0,14477
0.0,14478
0.0,14479
6.0,14480
0.0,14481
0.0,14482
6.0,14483
0.0,14484
0.0,14485
8.0,14486
0.0,14487
0.0,14488
8.0,14489
0.0,14490
0.0,14491
1.0,14492
0.0,14493
0.0,14494
8.0,14495
0.0,14496
0.0,14497
0.0,14498
0.0,14499
0.0,14500
0.0,14501
0.0,14502
0.0,14503
2.0,14504
0.0,14505
0.0,14506
0.0,14507
0.0,14508
0.0,14509
1.0,14510
0.0,14511
0.0,14512
3.0,14513
0.0,14514
0.0,14515
0.0,14516
0.0,14517
0.0,14518
8.0,14519
0.0,14520
8.0,14521
0.0,14522
0.0,14523
6.0,14524
0.0,14525
0.0,14526
0.0,14527
0.0,14528
0.0,14529
0.0,14530
0.0,14531
0.0,14532
0.0,14533
0.0,14534
0.0,14535
2.0,14536
0.0,14537
0.0,14538
0.0,14539
0.0,14540
0.0,14541
0.0,14542
5.0,14543
0.0,14544
1.0,14545
0.0,14546
0.0,14547
0.0,14548
0.0,14549
0.0,14550
0.0,14551
0.0,14552
0.0,14553
0.0,14554
0.0,14555
0.0,14556
0.0,14557
0.0,14558
0.0,14559
0.0,14560
0.0,14561
0.0,14562
0.0,14563
0.0,14564
0.0,14565
0.0,14566
0.0,14567
0.0,14568
0.0,14569
0.0,14570
0.0,14571
0.0,14572
0.0,14573
5.0,14574
1.0,14575
0.0,14576
0.0,14577
0.0,14578
1.0,14579
0.0,14580
0.0,14581
0.0,14582
0.0,14583
0.0,14584
6.0,14585
6.0,14586
0.0,14587
0.0,14588
0.0,14589
0.0,14590
0.0,14591
0.0,14592
6.0,14593
0.0,14594
3.0,14595
0.0,14596
2.0,14597
0.0,14598
3.0,14599
3.0,14600
3.0,14601
0.0,14602
3.0,14603
3.0,14604
3.0,14605
3.0,14606
3.0,14607
5.0,14608
0.0,14609
0.0,14610
0.0,14611
3.0,14612
3.0,14613
0.0,14614
0.0,14615
2.0,14616
0.0,14617
0.0,14618
0.0,14619
0.0,14620
0.0,14621
0.0,14622
0.0,14623
0.0,14624
0.0,14625
0.0,14626
8.0,14627
0.0,14628
0.0,14629
0.0,14630
0.0,14631
0.0,14632
6.0,14633
3.0,14634
8.0,14635
3.0,14636
5.0,14637
0.0,14638
3.0,14639
0.0,14640
0.0,14641
6.0,14642
0.0,14643
0.0,14644
0.0,14645
8.0,14646
0.0,14647
0.0,14648
0.0,14649
8.0,14650
8.0,14651
3.0,14652
0.0,14653
6.0,14654
3.0,14655
0.0,14656
0.0,14657
0.0,14658
0.0,14659
0.0,14660
0.0,14661
0.0,14662
0.0,14663
0.0,14664
0.0,14665
0.0,14666
0.0,14667
0.0,14668
0.0,14669
0.0,14670
0.0,14671
0.0,14672
0.0,14673
0.0,14674
0.0,14675
0.0,14676
0.0,14677
3.0,14678
0.0,14679
0.0,14680
0.0,14681
0.0,14682
0.0,14683
0.0,14684
3.0,14685
0.0,14686
0.0,14687
0.0,14688
5.0,14689
0.0,14690
0.0,14691
0.0,14692
0.0,14693
0.0,14694
0.0,14695
0.0,14696
0.0,14697
0.0,14698
2.0,14699
0.0,14700
0.0,14701
0.0,14702
0.0,14703
0.0,14704
0.0,14705
0.0,14706
0.0,14707
0.0,14708
0.0,14709
0.0,14710
5.0,14711
0.0,14712
0.0,14713
6.0,14714
0.0,14715
0.0,14716
0.0,14717
0.0,14718
0.0,14719
0.0,14720
0.0,14721
0.0,14722
0.0,14723
2.0,14724
1.0,14725
0.0,14726
2.0,14727
0.0,14728
0.0,14729
6.0,14730
0.0,14731
8.0,14732
5.0,14733
5.0,14734
0.0,14735
8.0,14736
0.0,14737
0.0,14738
0.0,14739
0.0,14740
0.0,14741
0.0,14742
0.0,14743
0.0,14744
0.0,14745
0.0,14746
0.0,14747
3.0,14748
0.0,14749
0.0,14750
0.0,14751
3.0,14752
0.0,14753
3.0,14754
8.0,14755
0.0,14756
0.0,14757
0.0,14758
0.0,14759
0.0,14760
0.0,14761
0.0,14762
0.0,14763
0.0,14764
0.0,14765
1.0,14766
0.0,14767
0.0,14768
0.0,14769
3.0,14770
0.0,14771
1.0,14772
6.0,14773
5.0,14774
5.0,14775
0.0,14776
0.0,14777
0.0,14778
0.0,14779
0.0,14780
0.0,14781
3.0,14782
0.0,14783
0.0,14784
0.0,14785
0.0,14786
0.0,14787
0.0,14788
0.0,14789
0.0,14790
0.0,14791
0.0,14792
0.0,14793
0.0,14794
0.0,14795
0.0,14796
0.0,14797
6.0,14798
0.0,14799
1.0,14800
3.0,14801
0.0,14802
2.0,14803
3.0,14804
3.0,14805
0.0,14806
0.0,14807
0.0,14808
0.0,14809
0.0,14810
0.0,14811
6.0,14812
0.0,14813
3.0,14814
0.0,14815
0.0,14816
0.0,14817
0.0,14818
0.0,14819
0.0,14820
0.0,14821
6.0,14822
0.0,14823
5.0,14824
0.0,14825
0.0,14826
0.0,14827
0.0,14828
3.0,14829
0.0,14830
0.0,14831
6.0,14832
0.0,14833
0.0,14834
6.0,14835
0.0,14836
0.0,14837
0.0,14838
3.0,14839
0.0,14840
1.0,14841
1.0,14842
1.0,14843
0.0,14844
0.0,14845
0.0,14846
0.0,14847
5.0,14848
2.0,14849
1.0,14850
0.0,14851
0.0,14852
2.0,14853
1.0,14854
1.0,14855
0.0,14856
0.0,14857
3.0,14858
0.0,14859
0.0,14860
0.0,14861
0.0,14862
2.0,14863
1.0,14864
3.0,14865
0.0,14866
0.0,14867
0.0,14868
0.0,14869
0.0,14870
0.0,14871
0.0,14872
0.0,14873
1.0,14874
1.0,14875
0.0,14876
0.0,14877
0.0,14878
0.0,14879
1.0,14880
3.0,14881
0.0,14882
3.0,14883
0.0,14884
0.0,14885
0.0,14886
0.0,14887
0.0,14888
0.0,14889
1.0,14890
6.0,14891
3.0,14892
3.0,14893
6.0,14894
0.0,14895
0.0,14896
0.0,14897
0.0,14898
0.0,14899
3.0,14900
0.0,14901
0.0,14902
5.0,14903
1.0,14904
3.0,14905
0.0,14906
0.0,14907
0.0,14908
0.0,14909
0.0,14910
0.0,14911
0.0,14912
0.0,14913
0.0,14914
0.0,14915
3.0,14916
3.0,14917
0.0,14918
0.0,14919
0.0,14920
1.0,14921
0.0,14922
0.0,14923
0.0,14924
0.0,14925
0.0,14926
0.0,14927
0.0,14928
0.0,14929
1.0,14930
0.0,14931
0.0,14932
0.0,14933
0.0,14934
0.0,14935
1.0,14936
0.0,14937
0.0,14938
1.0,14939
0.0,14940
0.0,14941
0.0,14942
0.0,14943
0.0,14944
0.0,14945
1.0,14946
0.0,14947
0.0,14948
0.0,14949
3.0,14950
0.0,14951
0.0,14952
0.0,14953
0.0,14954
0.0,14955
0.0,14956
0.0,14957
1.0,14958
0.0,14959
0.0,14960
0.0,14961
0.0,14962
0.0,14963
3.0,14964
0.0,14965
0.0,14966
0.0,14967
0.0,14968
3.0,14969
0.0,14970
0.0,14971
0.0,14972
0.0,14973
3.0,14974
0.0,14975
0.0,14976
6.0,14977
1.0,14978
6.0,14979
0.0,14980
0.0,14981
0.0,14982
0.0,14983
0.0,14984
0.0,14985
0.0,14986
0.0,14987
0.0,14988
0.0,14989
0.0,14990
0.0,14991
3.0,14992
0.0,14993
3.0,14994
3.0,14995
0.0,14996
0.0,14997
0.0,14998
0.0,14999
0.0,15000
0.0,15001
0.0,15002
0.0,15003
0.0,15004
0.0,15005
0.0,15006
0.0,15007
0.0,15008
0.0,15009
0.0,15010
0.0,15011
0.0,15012
0.0,15013
0.0,15014
0.0,15015
0.0,15016
3.0,15017
0.0,15018
0.0,15019
0.0,15020
0.0,15021
0.0,15022
0.0,15023
0.0,15024
0.0,15025
0.0,15026
0.0,15027
0.0,15028
1.0,15029
1.0,15030
0.0,15031
0.0,15032
0.0,15033
3.0,15034
0.0,15035
0.0,15036
0.0,15037
0.0,15038
1.0,15039
0.0,15040
0.0,15041
0.0,15042
0.0,15043
0.0,15044
0.0,15045
0.0,15046
0.0,15047
0.0,15048
0.0,15049
0.0,15050
0.0,15051
0.0,15052
0.0,15053
0.0,15054
0.0,15055
0.0,15056
0.0,15057
0.0,15058
0.0,15059
0.0,15060
0.0,15061
0.0,15062
0.0,15063
0.0,15064
0.0,15065
0.0,15066
0.0,15067
3.0,15068
0.0,15069
0.0,15070
1.0,15071
3.0,15072
6.0,15073
3.0,15074
3.0,15075
0.0,15076
0.0,15077
0.0,15078
0.0,15079
0.0,15080
0.0,15081
0.0,15082
0.0,15083
3.0,15084
3.0,15085
0.0,15086
0.0,15087
0.0,15088
0.0,15089
0.0,15090
0.0,15091
0.0,15092
0.0,15093
0.0,15094
0.0,15095
0.0,15096
0.0,15097
0.0,15098
0.0,15099
0.0,15100
0.0,15101
0.0,15102
0.0,15103
0.0,15104
0.0,15105
0.0,15106
0.0,15107
0.0,15108
0.0,15109
0.0,15110
0.0,15111
0.0,15112
8.0,15113
0.0,15114
0.0,15115
0.0,15116
0.0,15117
0.0,15118
0.0,15119
0.0,15120
0.0,15121
0.0,15122
0.0,15123
0.0,15124
0.0,15125
0.0,15126
0.0,15127
0.0,15128
0.0,15129
0.0,15130
0.0,15131
0.0,15132
0.0,15133
0.0,15134
3.0,15135
3.0,15136
3.0,15137
0.0,15138
6.0,15139
0.0,15140
2.0,15141
0.0,15142
2.0,15143
0.0,15144
0.0,15145
0.0,15146
0.0,15147
0.0,15148
0.0,15149
0.0,15150
0.0,15151
0.0,15152
0.0,15153
0.0,15154
3.0,15155
0.0,15156
3.0,15157
3.0,15158
0.0,15159
0.0,15160
0.0,15161
0.0,15162
0.0,15163
0.0,15164
0.0,15165
6.0,15166
0.0,15167
0.0,15168
0.0,15169
0.0,15170
0.0,15171
1.0,15172
0.0,15173
0.0,15174
7.0,15175
0.0,15176
0.0,15177
0.0,15178
6.0,15179
0.0,15180
0.0,15181
0.0,15182
0.0,15183
0.0,15184
3.0,15185
0.0,15186
1.0,15187
0.0,15188
0.0,15189
0.0,15190
0.0,15191
0.0,15192
0.0,15193
0.0,15194
0.0,15195
0.0,15196
0.0,15197
0.0,15198
0.0,15199
0.0,15200
0.0,15201
0.0,15202
0.0,15203
3.0,15204
0.0,15205
0.0,15206
0.0,15207
0.0,15208
0.0,15209
0.0,15210
0.0,15211
0.0,15212
0.0,15213
0.0,15214
0.0,15215
0.0,15216
3.0,15217
0.0,15218
0.0,15219
0.0,15220
0.0,15221
0.0,15222
0.0,15223
0.0,15224
0.0,15225
0.0,15226
0.0,15227
0.0,15228
0.0,15229
0.0,15230
0.0,15231
3.0,15232
0.0,15233
0.0,15234
0.0,15235
0.0,15236
0.0,15237
0.0,15238
0.0,15239
0.0,15240
3.0,15241
0.0,15242
0.0,15243
0.0,15244
0.0,15245
0.0,15246
3.0,15247
0.0,15248
0.0,15249
0.0,15250
0.0,15251
0.0,15252
0.0,15253
0.0,15254
1.0,15255
0.0,15256
0.0,15257
0.0,15258
0.0,15259
0.0,15260
0.0,15261
0.0,15262
0.0,15263
0.0,15264
0.0,15265
0.0,15266
0.0,15267
0.0,15268
0.0,15269
0.0,15270
0.0,15271
0.0,15272
0.0,15273
0.0,15274
0.0,15275
8.0,15276
0.0,15277
0.0,15278
0.0,15279
0.0,15280
0.0,15281
0.0,15282
0.0,15283
0.0,15284
6.0,15285
0.0,15286
0.0,15287
0.0,15288
0.0,15289
0.0,15290
0.0,15291
0.0,15292
0.0,15293
0.0,15294
6.0,15295
3.0,15296
0.0,15297
0.0,15298
3.0,15299
3.0,15300
0.0,15301
0.0,15302
0.0,15303
0.0,15304
0.0,15305
0.0,15306
0.0,15307
0.0,15308
0.0,15309
3.0,15310
0.0,15311
0.0,15312
0.0,15313
0.0,15314
0.0,15315
0.0,15316
0.0,15317
0.0,15318
0.0,15319
3.0,15320
0.0,15321
0.0,15322
0.0,15323
0.0,15324
0.0,15325
0.0,15326
0.0,15327
0.0,15328
3.0,15329
0.0,15330
0.0,15331
0.0,15332
0.0,15333
0.0,15334
0.0,15335
0.0,15336
0.0,15337
0.0,15338
0.0,15339
0.0,15340
0.0,15341
0.0,15342
0.0,15343
0.0,15344
0.0,15345
3.0,15346
2.0,15347
0.0,15348
0.0,15349
0.0,15350
0.0,15351
3.0,15352
0.0,15353
3.0,15354
0.0,15355
0.0,15356
3.0,15357
0.0,15358
0.0,15359
0.0,15360
6.0,15361
0.0,15362
3.0,15363
0.0,15364
0.0,15365
0.0,15366
0.0,15367
1.0,15368
0.0,15369
0.0,15370
0.0,15371
0.0,15372
0.0,15373
0.0,15374
0.0,15375
8.0,15376
0.0,15377
0.0,15378
0.0,15379
0.0,15380
0.0,15381
0.0,15382
0.0,15383
0.0,15384
0.0,15385
0.0,15386
0.0,15387
0.0,15388
0.0,15389
0.0,15390
0.0,15391
0.0,15392
3.0,15393
0.0,15394
0.0,15395
0.0,15396
0.0,15397
0.0,15398
1.0,15399
0.0,15400
0.0,15401
0.0,15402
0.0,15403
0.0,15404
0.0,15405
0.0,15406
0.0,15407
0.0,15408
0.0,15409
3.0,15410
0.0,15411
0.0,15412
0.0,15413
0.0,15414
0.0,15415
0.0,15416
0.0,15417
6.0,15418
0.0,15419
0.0,15420
0.0,15421
0.0,15422
0.0,15423
0.0,15424
0.0,15425
0.0,15426
7.0,15427
3.0,15428
3.0,15429
0.0,15430
3.0,15431
3.0,15432
3.0,15433
0.0,15434
1.0,15435
3.0,15436
0.0,15437
0.0,15438
3.0,15439
3.0,15440
0.0,15441
0.0,15442
0.0,15443
3.0,15444
0.0,15445
0.0,15446
3.0,15447
0.0,15448
1.0,15449
0.0,15450
0.0,15451
0.0,15452
0.0,15453
0.0,15454
3.0,15455
0.0,15456
0.0,15457
3.0,15458
3.0,15459
0.0,15460
1.0,15461
3.0,15462
3.0,15463
3.0,15464
3.0,15465
0.0,15466
0.0,15467
0.0,15468
0.0,15469
0.0,15470
0.0,15471
0.0,15472
0.0,15473
0.0,15474
6.0,15475
0.0,15476
0.0,15477
0.0,15478
0.0,15479
3.0,15480
0.0,15481
0.0,15482
0.0,15483
0.0,15484
0.0,15485
3.0,15486
0.0,15487
3.0,15488
0.0,15489
2.0,15490
3.0,15491
0.0,15492
0.0,15493
0.0,15494
3.0,15495
0.0,15496
0.0,15497
3.0,15498
3.0,15499
0.0,15500
0.0,15501
1.0,15502
5.0,15503
3.0,15504
0.0,15505
0.0,15506
0.0,15507
0.0,15508
0.0,15509
0.0,15510
0.0,15511
0.0,15512
0.0,15513
0.0,15514
0.0,15515
0.0,15516
0.0,15517
0.0,15518
0.0,15519
4.0,15520
0.0,15521
0.0,15522
0.0,15523
0.0,15524
0.0,15525
0.0,15526
0.0,15527
3.0,15528
0.0,15529
0.0,15530
3.0,15531
0.0,15532
0.0,15533
0.0,15534
0.0,15535
0.0,15536
0.0,15537
0.0,15538
0.0,15539
0.0,15540
3.0,15541
0.0,15542
3.0,15543
0.0,15544
0.0,15545
3.0,15546
1.0,15547
3.0,15548
6.0,15549
0.0,15550
0.0,15551
3.0,15552
3.0,15553
0.0,15554
0.0,15555
0.0,15556
0.0,15557
0.0,15558
3.0,15559
0.0,15560
0.0,15561
0.0,15562
0.0,15563
0.0,15564
0.0,15565
0.0,15566
3.0,15567
0.0,15568
0.0,15569
0.0,15570
0.0,15571
0.0,15572
0.0,15573
0.0,15574
0.0,15575
0.0,15576
0.0,15577
0.0,15578
3.0,15579
0.0,15580
0.0,15581
0.0,15582
3.0,15583
0.0,15584
0.0,15585
0.0,15586
0.0,15587
0.0,15588
0.0,15589
0.0,15590
0.0,15591
0.0,15592
0.0,15593
0.0,15594
0.0,15595
2.0,15596
0.0,15597
0.0,15598
0.0,15599
0.0,15600
0.0,15601
0.0,15602
0.0,15603
0.0,15604
0.0,15605
0.0,15606
0.0,15607
3.0,15608
0.0,15609
0.0,15610
0.0,15611
0.0,15612
0.0,15613
0.0,15614
0.0,15615
0.0,15616
0.0,15617
0.0,15618
0.0,15619
0.0,15620
0.0,15621
0.0,15622
0.0,15623
0.0,15624
0.0,15625
0.0,15626
0.0,15627
0.0,15628
6.0,15629
0.0,15630
0.0,15631
0.0,15632
0.0,15633
0.0,15634
0.0,15635
0.0,15636
0.0,15637
0.0,15638
0.0,15639
0.0,15640
0.0,15641
0.0,15642
0.0,15643
0.0,15644
0.0,15645
0.0,15646
6.0,15647
0.0,15648
0.0,15649
0.0,15650
0.0,15651
0.0,15652
0.0,15653
0.0,15654
0.0,15655
6.0,15656
0.0,15657
0.0,15658
3.0,15659
0.0,15660
0.0,15661
0.0,15662
0.0,15663
0.0,15664
0.0,15665
0.0,15666
0.0,15667
0.0,15668
0.0,15669
0.0,15670
0.0,15671
0.0,15672
0.0,15673
0.0,15674
0.0,15675
3.0,15676
0.0,15677
0.0,15678
0.0,15679
0.0,15680
3.0,15681
0.0,15682
0.0,15683
0.0,15684
0.0,15685
0.0,15686
0.0,15687
0.0,15688
0.0,15689
0.0,15690
0.0,15691
0.0,15692
0.0,15693
0.0,15694
0.0,15695
3.0,15696
0.0,15697
0.0,15698
0.0,15699
0.0,15700
0.0,15701
0.0,15702
0.0,15703
0.0,15704
0.0,15705
0.0,15706
0.0,15707
0.0,15708
0.0,15709
0.0,15710
0.0,15711
0.0,15712
0.0,15713
3.0,15714
0.0,15715
0.0,15716
0.0,15717
0.0,15718
0.0,15719
0.0,15720
0.0,15721
0.0,15722
0.0,15723
0.0,15724
0.0,15725
0.0,15726
0.0,15727
0.0,15728
0.0,15729
0.0,15730
0.0,15731
0.0,15732
0.0,15733
0.0,15734
0.0,15735
0.0,15736
3.0,15737
0.0,15738
0.0,15739
0.0,15740
0.0,15741
0.0,15742
0.0,15743
0.0,15744
0.0,15745
0.0,15746
0.0,15747
0.0,15748
0.0,15749
0.0,15750
0.0,15751
0.0,15752
0.0,15753
0.0,15754
0.0,15755
0.0,15756
0.0,15757
6.0,15758
0.0,15759
0.0,15760
0.0,15761
0.0,15762
0.0,15763
0.0,15764
0.0,15765
0.0,15766
3.0,15767
0.0,15768
0.0,15769
1.0,15770
3.0,15771
0.0,15772
2.0,15773
4.0,15774
0.0,15775
0.0,15776
8.0,15777
0.0,15778
2.0,15779
2.0,15780
0.0,15781
0.0,15782
0.0,15783
0.0,15784
0.0,15785
3.0,15786
3.0,15787
0.0,15788
3.0,15789
2.0,15790
0.0,15791
0.0,15792
2.0,15793
0.0,15794
0.0,15795
0.0,15796
0.0,15797
0.0,15798
0.0,15799
2.0,15800
0.0,15801
0.0,15802
0.0,15803
0.0,15804
3.0,15805
0.0,15806
0.0,15807
0.0,15808
0.0,15809
3.0,15810
0.0,15811
0.0,15812
1.0,15813
0.0,15814
0.0,15815
2.0,15816
2.0,15817
0.0,15818
0.0,15819
0.0,15820
0.0,15821
0.0,15822
2.0,15823
0.0,15824
0.0,15825
0.0,15826
3.0,15827
3.0,15828
0.0,15829
3.0,15830
0.0,15831
0.0,15832
0.0,15833
1.0,15834
0.0,15835
0.0,15836
6.0,15837
0.0,15838
3.0,15839
0.0,15840
4.0,15841
0.0,15842
0.0,15843
0.0,15844
0.0,15845
0.0,15846
6.0,15847
0.0,15848
0.0,15849
0.0,15850
0.0,15851
0.0,15852
0.0,15853
0.0,15854
0.0,15855
0.0,15856
2.0,15857
3.0,15858
0.0,15859
3.0,15860
0.0,15861
0.0,15862
3.0,15863
0.0,15864
0.0,15865
0.0,15866
0.0,15867
0.0,15868
0.0,15869
3.0,15870
0.0,15871
0.0,15872
0.0,15873
0.0,15874
0.0,15875
0.0,15876
0.0,15877
1.0,15878
0.0,15879
0.0,15880
0.0,15881
0.0,15882
0.0,15883
3.0,15884
3.0,15885
3.0,15886
0.0,15887
0.0,15888
0.0,15889
0.0,15890
0.0,15891
3.0,15892
3.0,15893
0.0,15894
3.0,15895
0.0,15896
0.0,15897
0.0,15898
0.0,15899
0.0,15900
0.0,15901
0.0,15902
3.0,15903
1.0,15904
3.0,15905
0.0,15906
3.0,15907
0.0,15908
0.0,15909
0.0,15910
0.0,15911
0.0,15912
0.0,15913
0.0,15914
0.0,15915
0.0,15916
0.0,15917
0.0,15918
6.0,15919
0.0,15920
0.0,15921
0.0,15922
0.0,15923
0.0,15924
0.0,15925
0.0,15926
0.0,15927
0.0,15928
0.0,15929
0.0,15930
0.0,15931
0.0,15932
0.0,15933
0.0,15934
1.0,15935
0.0,15936
0.0,15937
0.0,15938
0.0,15939
0.0,15940
0.0,15941
0.0,15942
0.0,15943
0.0,15944
3.0,15945
6.0,15946
0.0,15947
0.0,15948
0.0,15949
0.0,15950
0.0,15951
0.0,15952
0.0,15953
0.0,15954
0.0,15955
0.0,15956
0.0,15957
0.0,15958
0.0,15959
0.0,15960
0.0,15961
0.0,15962
0.0,15963
0.0,15964
6.0,15965
0.0,15966
0.0,15967
0.0,15968
3.0,15969
0.0,15970
0.0,15971
0.0,15972
0.0,15973
0.0,15974
0.0,15975
0.0,15976
0.0,15977
0.0,15978
0.0,15979
0.0,15980
0.0,15981
0.0,15982
0.0,15983
0.0,15984
3.0,15985
0.0,15986
0.0,15987
0.0,15988
0.0,15989
0.0,15990
0.0,15991
0.0,15992
0.0,15993
0.0,15994
0.0,15995
1.0,15996
0.0,15997
0.0,15998
0.0,15999
0.0,16000
0.0,16001
0.0,16002
0.0,16003
0.0,16004
0.0,16005
0.0,16006
0.0,16007
0.0,16008
0.0,16009
0.0,16010
0.0,16011
0.0,16012
0.0,16013
0.0,16014
0.0,16015
1.0,16016
0.0,16017
0.0,16018
0.0,16019
0.0,16020
0.0,16021
2.0,16022
0.0,16023
0.0,16024
0.0,16025
0.0,16026
0.0,16027
0.0,16028
0.0,16029
0.0,16030
0.0,16031
8.0,16032
0.0,16033
0.0,16034
0.0,16035
0.0,16036
0.0,16037
0.0,16038
0.0,16039
0.0,16040
0.0,16041
0.0,16042
0.0,16043
0.0,16044
0.0,16045
0.0,16046
0.0,16047
0.0,16048
0.0,16049
0.0,16050
0.0,16051
0.0,16052
0.0,16053
0.0,16054
0.0,16055
5.0,16056
0.0,16057
0.0,16058
3.0,16059
3.0,16060
3.0,16061
0.0,16062
0.0,16063
6.0,16064
0.0,16065
0.0,16066
0.0,16067
0.0,16068
0.0,16069
0.0,16070
0.0,16071
0.0,16072
0.0,16073
0.0,16074
0.0,16075
0.0,16076
0.0,16077
0.0,16078
0.0,16079
0.0,16080
0.0,16081
0.0,16082
0.0,16083
0.0,16084
0.0,16085
0.0,16086
0.0,16087
7.0,16088
0.0,16089
0.0,16090
0.0,16091
0.0,16092
0.0,16093
0.0,16094
0.0,16095
0.0,16096
0.0,16097
0.0,16098
0.0,16099
3.0,16100
0.0,16101
0.0,16102
3.0,16103
0.0,16104
3.0,16105
0.0,16106
0.0,16107
0.0,16108
0.0,16109
0.0,16110
0.0,16111
0.0,16112
0.0,16113
3.0,16114
0.0,16115
6.0,16116
0.0,16117
0.0,16118
0.0,16119
0.0,16120
0.0,16121
0.0,16122
2.0,16123
0.0,16124
0.0,16125
0.0,16126
0.0,16127
0.0,16128
1.0,16129
0.0,16130
0.0,16131
0.0,16132
0.0,16133
3.0,16134
0.0,16135
3.0,16136
3.0,16137
0.0,16138
0.0,16139
0.0,16140
0.0,16141
0.0,16142
0.0,16143
1.0,16144
0.0,16145
3.0,16146
0.0,16147
0.0,16148
5.0,16149
3.0,16150
0.0,16151
0.0,16152
0.0,16153
0.0,16154
0.0,16155
3.0,16156
0.0,16157
0.0,16158
0.0,16159
2.0,16160
0.0,16161
0.0,16162
5.0,16163
0.0,16164
0.0,16165
0.0,16166
0.0,16167
0.0,16168
0.0,16169
0.0,16170
0.0,16171
0.0,16172
0.0,16173
0.0,16174
0.0,16175
0.0,16176
0.0,16177
0.0,16178
1.0,16179
0.0,16180
0.0,16181
0.0,16182
0.0,16183
0.0,16184
0.0,16185
0.0,16186
0.0,16187
0.0,16188
0.0,16189
0.0,16190
0.0,16191
0.0,16192
0.0,16193
0.0,16194
0.0,16195
0.0,16196
0.0,16197
0.0,16198
0.0,16199
0.0,16200
0.0,16201
0.0,16202
3.0,16203
0.0,16204
0.0,16205
0.0,16206
0.0,16207
0.0,16208
0.0,16209
0.0,16210
0.0,16211
0.0,16212
0.0,16213
0.0,16214
0.0,16215
0.0,16216
0.0,16217
0.0,16218
0.0,16219
0.0,16220
0.0,16221
0.0,16222
0.0,16223
0.0,16224
0.0,16225
0.0,16226
0.0,16227
0.0,16228
0.0,16229
0.0,16230
0.0,16231
0.0,16232
0.0,16233
0.0,16234
0.0,16235
0.0,16236
0.0,16237
0.0,16238
0.0,16239
0.0,16240
0.0,16241
0.0,16242
0.0,16243
0.0,16244
0.0,16245
0.0,16246
0.0,16247
0.0,16248
0.0,16249
0.0,16250
0.0,16251
2.0,16252
0.0,16253
3.0,16254
3.0,16255
0.0,16256
3.0,16257
3.0,16258
0.0,16259
1.0,16260
0.0,16261
0.0,16262
0.0,16263
0.0,16264
0.0,16265
0.0,16266
0.0,16267
8.0,16268
0.0,16269
2.0,16270
0.0,16271
0.0,16272
0.0,16273
0.0,16274
0.0,16275
0.0,16276
0.0,16277
0.0,16278
0.0,16279
0.0,16280
0.0,16281
0.0,16282
0.0,16283
0.0,16284
0.0,16285
0.0,16286
0.0,16287
0.0,16288
0.0,16289
0.0,16290
0.0,16291
0.0,16292
7.0,16293
7.0,16294
7.0,16295
1.0,16296
7.0,16297
7.0,16298
7.0,16299
7.0,16300
7.0,16301
7.0,16302
7.0,16303
7.0,16304
7.0,16305
7.0,16306
7.0,16307
7.0,16308
7.0,16309
7.0,16310
7.0,16311
0.0,16312
7.0,16313
7.0,16314
7.0,16315
7.0,16316
7.0,16317
7.0,16318
7.0,16319
7.0,16320
7.0,16321
7.0,16322
7.0,16323
7.0,16324
7.0,16325
7.0,16326
7.0,16327
7.0,16328
7.0,16329
7.0,16330
7.0,16331
7.0,16332
7.0,16333
7.0,16334
7.0,16335
7.0,16336
7.0,16337
7.0,16338
7.0,16339
7.0,16340
7.0,16341
7.0,16342
7.0,16343
7.0,16344
7.0,16345
7.0,16346
7.0,16347
7.0,16348
7.0,16349
7.0,16350
0.0,16351
7.0,16352
7.0,16353
7.0,16354
7.0,16355
7.0,16356
7.0,16357
7.0,16358
7.0,16359
7.0,16360
7.0,16361
7.0,16362
7.0,16363
7.0,16364
7.0,16365
7.0,16366
7.0,16367
7.0,16368
7.0,16369
7.0,16370
7.0,16371
7.0,16372
7.0,16373
7.0,16374
0.0,16375
7.0,16376
7.0,16377
7.0,16378
7.0,16379
7.0,16380
7.0,16381
7.0,16382
7.0,16383
7.0,16384
7.0,16385
7.0,16386
7.0,16387
7.0,16388
0.0,16389
7.0,16390
7.0,16391
7.0,16392
7.0,16393
7.0,16394
7.0,16395
7.0,16396
7.0,16397
7.0,16398
7.0,16399
7.0,16400
7.0,16401
3.0,16402
7.0,16403
7.0,16404
7.0,16405
7.0,16406
7.0,16407
7.0,16408
7.0,16409
0.0,16410
7.0,16411
7.0,16412
7.0,16413
7.0,16414
7.0,16415
7.0,16416
7.0,16417
7.0,16418
7.0,16419
7.0,16420
7.0,16421
7.0,16422
7.0,16423
0.0,16424
7.0,16425
7.0,16426
7.0,16427
7.0,16428
7.0,16429
7.0,16430
0.0,16431
7.0,16432
7.0,16433
7.0,16434
7.0,16435
7.0,16436
7.0,16437
7.0,16438
7.0,16439
7.0,16440
7.0,16441
6.0,16442
7.0,16443
7.0,16444
7.0,16445
7.0,16446
7.0,16447
7.0,16448
7.0,16449
7.0,16450
7.0,16451
7.0,16452
7.0,16453
7.0,16454
7.0,16455
7.0,16456
7.0,16457
7.0,16458
7.0,16459
7.0,16460
7.0,16461
7.0,16462
7.0,16463
0.0,16464
7.0,16465
7.0,16466
7.0,16467
2.0,16468
7.0,16469
7.0,16470
7.0,16471
7.0,16472
0.0,16473
7.0,16474
7.0,16475
7.0,16476
7.0,16477
7.0,16478
7.0,16479
7.0,16480
7.0,16481
7.0,16482
7.0,16483
7.0,16484
1.0,16485
7.0,16486
7.0,16487
0.0,16488
7.0,16489
0.0,16490
7.0,16491
7.0,16492
7.0,16493
7.0,16494
7.0,16495
7.0,16496
0.0,16497
7.0,16498
1.0,16499
0.0,16500
7.0,16501
1.0,16502
0.0,16503
7.0,16504
7.0,16505
7.0,16506
7.0,16507
7.0,16508
6.0,16509
0.0,16510
6.0,16511
0.0,16512
6.0,16513
0.0,16514
6.0,16515
7.0,16516
7.0,16517
1.0,16518
0.0,16519
0.0,16520
6.0,16521
7.0,16522
0.0,16523
7.0,16524
7.0,16525
1.0,16526
6.0,16527
1.0,16528
1.0,16529
0.0,16530
3.0,16531
1.0,16532
1.0,16533
0.0,16534
7.0,16535
0.0,16536
1.0,16537
7.0,16538
0.0,16539
7.0,16540
1.0,16541
7.0,16542
0.0,16543
1.0,16544
7.0,16545
7.0,16546
0.0,16547
7.0,16548
7.0,16549
7.0,16550
6.0,16551
7.0,16552
7.0,16553
7.0,16554
0.0,16555
7.0,16556
7.0,16557
7.0,16558
1.0,16559
0.0,16560
7.0,16561
7.0,16562
0.0,16563
7.0,16564
7.0,16565
7.0,16566
0.0,16567
7.0,16568
7.0,16569
7.0,16570
7.0,16571
0.0,16572
7.0,16573
0.0,16574
7.0,16575
7.0,16576
0.0,16577
7.0,16578
0.0,16579
7.0,16580
7.0,16581
7.0,16582
1.0,16583
6.0,16584
3.0,16585
0.0,16586
7.0,16587
7.0,16588
7.0,16589
0.0,16590
7.0,16591
0.0,16592
0.0,16593
0.0,16594
7.0,16595
7.0,16596
0.0,16597
0.0,16598
1.0,16599
7.0,16600
7.0,16601
7.0,16602
7.0,16603
1.0,16604
7.0,16605
7.0,16606
1.0,16607
7.0,16608
7.0,16609
7.0,16610
7.0,16611
7.0,16612
7.0,16613
8.0,16614
7.0,16615
7.0,16616
7.0,16617
0.0,16618
8.0,16619
0.0,16620
7.0,16621
7.0,16622
7.0,16623
7.0,16624
0.0,16625
7.0,16626
7.0,16627
1.0,16628
0.0,16629
7.0,16630
7.0,16631
6.0,16632
0.0,16633
7.0,16634
7.0,16635
6.0,16636
7.0,16637
7.0,16638
7.0,16639
7.0,16640
7.0,16641
7.0,16642
0.0,16643
7.0,16644
7.0,16645
7.0,16646
7.0,16647
7.0,16648
7.0,16649
7.0,16650
7.0,16651
7.0,16652
7.0,16653
7.0,16654
7.0,16655
1.0,16656
1.0,16657
7.0,16658
7.0,16659
7.0,16660
0.0,16661
7.0,16662
7.0,16663
1.0,16664
7.0,16665
7.0,16666
7.0,16667
7.0,16668
7.0,16669
7.0,16670
7.0,16671
7.0,16672
7.0,16673
0.0,16674
7.0,16675
7.0,16676
7.0,16677
7.0,16678
7.0,16679
0.0,16680
7.0,16681
7.0,16682
7.0,16683
7.0,16684
3.0,16685
0.0,16686
7.0,16687
7.0,16688
7.0,16689
0.0,16690
7.0,16691
7.0,16692
7.0,16693
7.0,16694
6.0,16695
7.0,16696
1.0,16697
7.0,16698
7.0,16699
7.0,16700
7.0,16701
7.0,16702
7.0,16703
7.0,16704
0.0,16705
8.0,16706
7.0,16707
7.0,16708
0.0,16709
0.0,16710
7.0,16711
0.0,16712
0.0,16713
7.0,16714
6.0,16715
0.0,16716
7.0,16717
7.0,16718
6.0,16719
5.0,16720
0.0,16721
7.0,16722
7.0,16723
7.0,16724
7.0,16725
7.0,16726
0.0,16727
0.0,16728
0.0,16729
7.0,16730
0.0,16731
7.0,16732
7.0,16733
7.0,16734
7.0,16735
6.0,16736
7.0,16737
7.0,16738
7.0,16739
5.0,16740
7.0,16741
7.0,16742
0.0,16743
0.0,16744
7.0,16745
1.0,16746
0.0,16747
7.0,16748
7.0,16749
7.0,16750
7.0,16751
7.0,16752
6.0,16753
7.0,16754
6.0,16755
7.0,16756
7.0,16757
7.0,16758
0.0,16759
7.0,16760
7.0,16761
7.0,16762
7.0,16763
7.0,16764
7.0,16765
7.0,16766
7.0,16767
6.0,16768
0.0,16769
0.0,16770
0.0,16771
7.0,16772
7.0,16773
7.0,16774
7.0,16775
7.0,16776
6.0,16777
0.0,16778
7.0,16779
7.0,16780
7.0,16781
7.0,16782
7.0,16783
1.0,16784
7.0,16785
7.0,16786
7.0,16787
7.0,16788
7.0,16789
6.0,16790
7.0,16791
7.0,16792
7.0,16793
7.0,16794
7.0,16795
7.0,16796
7.0,16797
7.0,16798
7.0,16799
7.0,16800
7.0,16801
7.0,16802
0.0,16803
7.0,16804
7.0,16805
1.0,16806
7.0,16807
7.0,16808
7.0,16809
6.0,16810
7.0,16811
1.0,16812
7.0,16813
7.0,16814
7.0,16815
7.0,16816
7.0,16817
7.0,16818
6.0,16819
7.0,16820
7.0,16821
0.0,16822
7.0,16823
7.0,16824
6.0,16825
7.0,16826
7.0,16827
7.0,16828
7.0,16829
7.0,16830
7.0,16831
7.0,16832
7.0,16833
7.0,16834
1.0,16835
0.0,16836
0.0,16837
7.0,16838
0.0,16839
0.0,16840
7.0,16841
7.0,16842
7.0,16843
7.0,16844
7.0,16845
7.0,16846
7.0,16847
7.0,16848
7.0,16849
7.0,16850
7.0,16851
7.0,16852
7.0,16853
7.0,16854
7.0,16855
7.0,16856
0.0,16857
7.0,16858
7.0,16859
7.0,16860
7.0,16861
7.0,16862
7.0,16863
7.0,16864
7.0,16865
7.0,16866
7.0,16867
7.0,16868
0.0,16869
7.0,16870
0.0,16871
6.0,16872
7.0,16873
7.0,16874
7.0,16875
7.0,16876
7.0,16877
7.0,16878
7.0,16879
7.0,16880
7.0,16881
6.0,16882
7.0,16883
7.0,16884
2.0,16885
0.0,16886
7.0,16887
7.0,16888
7.0,16889
7.0,16890
7.0,16891
7.0,16892
7.0,16893
1.0,16894
7.0,16895
7.0,16896
1.0,16897
7.0,16898
7.0,16899
1.0,16900
7.0,16901
7.0,16902
0.0,16903
0.0,16904
0.0,16905
2.0,16906
7.0,16907
7.0,16908
7.0,16909
7.0,16910
7.0,16911
7.0,16912
7.0,16913
7.0,16914
7.0,16915
7.0,16916
7.0,16917
7.0,16918
6.0,16919
7.0,16920
7.0,16921
7.0,16922
7.0,16923
0.0,16924
7.0,16925
7.0,16926
0.0,16927
7.0,16928
7.0,16929
7.0,16930
0.0,16931
7.0,16932
7.0,16933
8.0,16934
7.0,16935
7.0,16936
7.0,16937
7.0,16938
7.0,16939
7.0,16940
7.0,16941
7.0,16942
7.0,16943
7.0,16944
7.0,16945
7.0,16946
7.0,16947
7.0,16948
7.0,16949
7.0,16950
7.0,16951
7.0,16952
7.0,16953
7.0,16954
7.0,16955
7.0,16956
7.0,16957
7.0,16958
7.0,16959
0.0,16960
0.0,16961
7.0,16962
7.0,16963
7.0,16964
7.0,16965
7.0,16966
7.0,16967
7.0,16968
7.0,16969
7.0,16970
0.0,16971
7.0,16972
1.0,16973
7.0,16974
7.0,16975
1.0,16976
7.0,16977
0.0,16978
7.0,16979
7.0,16980
1.0,16981
7.0,16982
7.0,16983
7.0,16984
1.0,16985
7.0,16986
7.0,16987
7.0,16988
7.0,16989
7.0,16990
7.0,16991
3.0,16992
0.0,16993
7.0,16994
3.0,16995
0.0,16996
7.0,16997
1.0,16998
7.0,16999
7.0,17000
7.0,17001
7.0,17002
6.0,17003
7.0,17004
1.0,17005
7.0,17006
7.0,17007
7.0,17008
6.0,17009
7.0,17010
7.0,17011
7.0,17012
7.0,17013
7.0,17014
7.0,17015
7.0,17016
7.0,17017
1.0,17018
7.0,17019
7.0,17020
7.0,17021
7.0,17022
7.0,17023
7.0,17024
6.0,17025
7.0,17026
1.0,17027
7.0,17028
7.0,17029
7.0,17030
7.0,17031
7.0,17032
3.0,17033
7.0,17034
7.0,17035
7.0,17036
7.0,17037
3.0,17038
7.0,17039
7.0,17040
7.0,17041
3.0,17042
7.0,17043
3.0,17044
7.0,17045
7.0,17046
7.0,17047
7.0,17048
7.0,17049
7.0,17050
7.0,17051
7.0,17052
7.0,17053
7.0,17054
7.0,17055
0.0,17056
1.0,17057
7.0,17058
7.0,17059
7.0,17060
7.0,17061
7.0,17062
7.0,17063
6.0,17064
3.0,17065
7.0,17066
7.0,17067
7.0,17068
7.0,17069
7.0,17070
7.0,17071
0.0,17072
3.0,17073
0.0,17074
0.0,17075
0.0,17076
7.0,17077
7.0,17078
7.0,17079
0.0,17080
7.0,17081
0.0,17082
0.0,17083
7.0,17084
7.0,17085
0.0,17086
7.0,17087
7.0,17088
7.0,17089
7.0,17090
7.0,17091
7.0,17092
7.0,17093
7.0,17094
7.0,17095
7.0,17096
0.0,17097
3.0,17098
7.0,17099
1.0,17100
7.0,17101
7.0,17102
7.0,17103
0.0,17104
7.0,17105
7.0,17106
7.0,17107
7.0,17108
6.0,17109
7.0,17110
7.0,17111
7.0,17112
7.0,17113
7.0,17114
6.0,17115
7.0,17116
7.0,17117
0.0,17118
7.0,17119
7.0,17120
7.0,17121
7.0,17122
1.0,17123
6.0,17124
7.0,17125
7.0,17126
7.0,17127
7.0,17128
7.0,17129
7.0,17130
7.0,17131
0.0,17132
6.0,17133
7.0,17134
7.0,17135
7.0,17136
7.0,17137
7.0,17138
7.0,17139
7.0,17140
7.0,17141
7.0,17142
7.0,17143
7.0,17144
7.0,17145
1.0,17146
7.0,17147
7.0,17148
7.0,17149
7.0,17150
7.0,17151
7.0,17152
1.0,17153
0.0,17154
7.0,17155
7.0,17156
7.0,17157
7.0,17158
7.0,17159
7.0,17160
7.0,17161
0.0,17162
7.0,17163
7.0,17164
7.0,17165
7.0,17166
7.0,17167
7.0,17168
7.0,17169
7.0,17170
7.0,17171
7.0,17172
7.0,17173
7.0,17174
7.0,17175
0.0,17176
7.0,17177
1.0,17178
7.0,17179
1.0,17180
7.0,17181
7.0,17182
7.0,17183
7.0,17184
7.0,17185
7.0,17186
0.0,17187
0.0,17188
7.0,17189
7.0,17190
7.0,17191
7.0,17192
7.0,17193
0.0,17194
7.0,17195
7.0,17196
6.0,17197
7.0,17198
7.0,17199
7.0,17200
1.0,17201
7.0,17202
7.0,17203
7.0,17204
7.0,17205
7.0,17206
1.0,17207
1.0,17208
1.0,17209
1.0,17210
1.0,17211
1.0,17212
1.0,17213
1.0,17214
1.0,17215
1.0,17216
1.0,17217
1.0,17218
1.0,17219
6.0,17220
1.0,17221
1.0,17222
1.0,17223
6.0,17224
0.0,17225
6.0,17226
1.0,17227
1.0,17228
1.0,17229
1.0,17230
1.0,17231
1.0,17232
1.0,17233
1.0,17234
1.0,17235
1.0,17236
1.0,17237
0.0,17238
0.0,17239
1.0,17240
1.0,17241
1.0,17242
1.0,17243
1.0,17244
1.0,17245
1.0,17246
1.0,17247
1.0,17248
6.0,17249
1.0,17250
1.0,17251
1.0,17252
1.0,17253
1.0,17254
1.0,17255
1.0,17256
0.0,17257
1.0,17258
1.0,17259
1.0,17260
1.0,17261
1.0,17262
1.0,17263
1.0,17264
1.0,17265
1.0,17266
1.0,17267
1.0,17268
1.0,17269
1.0,17270
1.0,17271
1.0,17272
1.0,17273
1.0,17274
1.0,17275
1.0,17276
6.0,17277
1.0,17278
1.0,17279
0.0,17280
1.0,17281
1.0,17282
1.0,17283
0.0,17284
1.0,17285
1.0,17286
1.0,17287
1.0,17288
1.0,17289
1.0,17290
6.0,17291
1.0,17292
1.0,17293
1.0,17294
1.0,17295
1.0,17296
1.0,17297
1.0,17298
1.0,17299
1.0,17300
1.0,17301
1.0,17302
1.0,17303
1.0,17304
6.0,17305
1.0,17306
1.0,17307
1.0,17308
1.0,17309
1.0,17310
1.0,17311
1.0,17312
1.0,17313
1.0,17314
1.0,17315
1.0,17316
6.0,17317
1.0,17318
1.0,17319
1.0,17320
1.0,17321
1.0,17322
1.0,17323
1.0,17324
1.0,17325
0.0,17326
6.0,17327
6.0,17328
1.0,17329
1.0,17330
1.0,17331
1.0,17332
1.0,17333
1.0,17334
1.0,17335
1.0,17336
1.0,17337
1.0,17338
1.0,17339
1.0,17340
1.0,17341
1.0,17342
1.0,17343
1.0,17344
1.0,17345
1.0,17346
1.0,17347
1.0,17348
1.0,17349
1.0,17350
1.0,17351
0.0,17352
1.0,17353
1.0,17354
1.0,17355
1.0,17356
1.0,17357
1.0,17358
1.0,17359
6.0,17360
6.0,17361
1.0,17362
1.0,17363
1.0,17364
1.0,17365
1.0,17366
1.0,17367
1.0,17368
0.0,17369
1.0,17370
1.0,17371
1.0,17372
1.0,17373
6.0,17374
1.0,17375
1.0,17376
1.0,17377
1.0,17378
1.0,17379
1.0,17380
1.0,17381
0.0,17382
1.0,17383
1.0,17384
6.0,17385
1.0,17386
1.0,17387
1.0,17388
1.0,17389
0.0,17390
1.0,17391
1.0,17392
6.0,17393
1.0,17394
0.0,17395
1.0,17396
1.0,17397
0.0,17398
1.0,17399
1.0,17400
6.0,17401
1.0,17402
1.0,17403
1.0,17404
1.0,17405
1.0,17406
1.0,17407
1.0,17408
1.0,17409
6.0,17410
1.0,17411
1.0,17412
1.0,17413
1.0,17414
1.0,17415
1.0,17416
1.0,17417
1.0,17418
0.0,17419
1.0,17420
1.0,17421
1.0,17422
1.0,17423
1.0,17424
1.0,17425
1.0,17426
1.0,17427
1.0,17428
1.0,17429
1.0,17430
1.0,17431
1.0,17432
1.0,17433
1.0,17434
1.0,17435
1.0,17436
1.0,17437
1.0,17438
1.0,17439
1.0,17440
1.0,17441
1.0,17442
1.0,17443
1.0,17444
1.0,17445
1.0,17446
1.0,17447
1.0,17448
1.0,17449
6.0,17450
1.0,17451
1.0,17452
1.0,17453
6.0,17454
1.0,17455
1.0,17456
1.0,17457
1.0,17458
1.0,17459
1.0,17460
1.0,17461
0.0,17462
6.0,17463
1.0,17464
1.0,17465
1.0,17466
1.0,17467
1.0,17468
1.0,17469
1.0,17470
1.0,17471
6.0,17472
6.0,17473
1.0,17474
0.0,17475
1.0,17476
1.0,17477
1.0,17478
1.0,17479
1.0,17480
1.0,17481
1.0,17482
1.0,17483
6.0,17484
1.0,17485
1.0,17486
1.0,17487
1.0,17488
1.0,17489
1.0,17490
1.0,17491
1.0,17492
1.0,17493
1.0,17494
1.0,17495
1.0,17496
1.0,17497
0.0,17498
1.0,17499
1.0,17500
1.0,17501
1.0,17502
1.0,17503
1.0,17504
1.0,17505
6.0,17506
1.0,17507
1.0,17508
1.0,17509
1.0,17510
1.0,17511
1.0,17512
1.0,17513
1.0,17514
1.0,17515
1.0,17516
1.0,17517
1.0,17518
1.0,17519
1.0,17520
1.0,17521
1.0,17522
1.0,17523
1.0,17524
1.0,17525
1.0,17526
1.0,17527
1.0,17528
1.0,17529
1.0,17530
6.0,17531
1.0,17532
0.0,17533
1.0,17534
1.0,17535
1.0,17536
1.0,17537
1.0,17538
1.0,17539
1.0,17540
0.0,17541
1.0,17542
1.0,17543
1.0,17544
1.0,17545
1.0,17546
0.0,17547
1.0,17548
1.0,17549
1.0,17550
1.0,17551
1.0,17552
1.0,17553
1.0,17554
1.0,17555
6.0,17556
1.0,17557
1.0,17558
1.0,17559
1.0,17560
1.0,17561
1.0,17562
1.0,17563
1.0,17564
1.0,17565
1.0,17566
1.0,17567
1.0,17568
1.0,17569
1.0,17570
0.0,17571
6.0,17572
6.0,17573
1.0,17574
6.0,17575
1.0,17576
1.0,17577
1.0,17578
1.0,17579
6.0,17580
1.0,17581
1.0,17582
1.0,17583
1.0,17584
1.0,17585
1.0,17586
0.0,17587
1.0,17588
1.0,17589
1.0,17590
1.0,17591
1.0,17592
1.0,17593
1.0,17594
1.0,17595
1.0,17596
6.0,17597
0.0,17598
1.0,17599
1.0,17600
1.0,17601
1.0,17602
6.0,17603
1.0,17604
1.0,17605
1.0,17606
1.0,17607
1.0,17608
1.0,17609
1.0,17610
6.0,17611
1.0,17612
1.0,17613
1.0,17614
1.0,17615
1.0,17616
1.0,17617
1.0,17618
0.0,17619
1.0,17620
1.0,17621
1.0,17622
0.0,17623
1.0,17624
1.0,17625
1.0,17626
6.0,17627
1.0,17628
1.0,17629
1.0,17630
1.0,17631
1.0,17632
0.0,17633
1.0,17634
1.0,17635
1.0,17636
1.0,17637
1.0,17638
1.0,17639
1.0,17640
1.0,17641
1.0,17642
1.0,17643
1.0,17644
8.0,17645
1.0,17646
6.0,17647
1.0,17648
1.0,17649
1.0,17650
1.0,17651
1.0,17652
1.0,17653
1.0,17654
1.0,17655
6.0,17656
1.0,17657
1.0,17658
1.0,17659
1.0,17660
1.0,17661
1.0,17662
1.0,17663
1.0,17664
1.0,17665
1.0,17666
0.0,17667
1.0,17668
1.0,17669
1.0,17670
1.0,17671
0.0,17672
0.0,17673
1.0,17674
1.0,17675
1.0,17676
1.0,17677
0.0,17678
1.0,17679
1.0,17680
1.0,17681
1.0,17682
6.0,17683
6.0,17684
1.0,17685
1.0,17686
1.0,17687
1.0,17688
0.0,17689
6.0,17690
1.0,17691
1.0,17692
1.0,17693
1.0,17694
1.0,17695
1.0,17696
1.0,17697
1.0,17698
1.0,17699
0.0,17700
1.0,17701
1.0,17702
1.0,17703
6.0,17704
1.0,17705
8.0,17706
1.0,17707
1.0,17708
1.0,17709
1.0,17710
1.0,17711
1.0,17712
1.0,17713
1.0,17714
1.0,17715
1.0,17716
1.0,17717
1.0,17718
1.0,17719
1.0,17720
1.0,17721
1.0,17722
1.0,17723
1.0,17724
1.0,17725
1.0,17726
1.0,17727
1.0,17728
1.0,17729
1.0,17730
1.0,17731
1.0,17732
1.0,17733
1.0,17734
1.0,17735
1.0,17736
1.0,17737
1.0,17738
1.0,17739
1.0,17740
1.0,17741
1.0,17742
1.0,17743
1.0,17744
1.0,17745
1.0,17746
1.0,17747
1.0,17748
1.0,17749
1.0,17750
1.0,17751
1.0,17752
1.0,17753
1.0,17754
1.0,17755
1.0,17756
1.0,17757
1.0,17758
1.0,17759
0.0,17760
1.0,17761
1.0,17762
1.0,17763
1.0,17764
1.0,17765
1.0,17766
1.0,17767
1.0,17768
1.0,17769
1.0,17770
1.0,17771
1.0,17772
1.0,17773
1.0,17774
1.0,17775
1.0,17776
6.0,17777
1.0,17778
1.0,17779
1.0,17780
1.0,17781
1.0,17782
1.0,17783
1.0,17784
1.0,17785
1.0,17786
1.0,17787
1.0,17788
1.0,17789
1.0,17790
1.0,17791
1.0,17792
1.0,17793
1.0,17794
1.0,17795
1.0,17796
0.0,17797
1.0,17798
1.0,17799
1.0,17800
1.0,17801
1.0,17802
1.0,17803
1.0,17804
1.0,17805
1.0,17806
1.0,17807
1.0,17808
1.0,17809
1.0,17810
1.0,17811
0.0,17812
1.0,17813
1.0,17814
1.0,17815
1.0,17816
1.0,17817
1.0,17818
1.0,17819
1.0,17820
1.0,17821
1.0,17822
1.0,17823
1.0,17824
1.0,17825
1.0,17826
1.0,17827
1.0,17828
1.0,17829
1.0,17830
1.0,17831
1.0,17832
1.0,17833
1.0,17834
1.0,17835
1.0,17836
1.0,17837
0.0,17838
1.0,17839
1.0,17840
1.0,17841
1.0,17842
1.0,17843
1.0,17844
1.0,17845
1.0,17846
1.0,17847
1.0,17848
1.0,17849
1.0,17850
1.0,17851
1.0,17852
1.0,17853
1.0,17854
1.0,17855
1.0,17856
1.0,17857
1.0,17858
1.0,17859
1.0,17860
1.0,17861
1.0,17862
1.0,17863
1.0,17864
1.0,17865
1.0,17866
1.0,17867
1.0,17868
1.0,17869
1.0,17870
6.0,17871
1.0,17872
1.0,17873
1.0,17874
1.0,17875
1.0,17876
1.0,17877
1.0,17878
1.0,17879
1.0,17880
1.0,17881
1.0,17882
1.0,17883
0.0,17884
1.0,17885
1.0,17886
1.0,17887
1.0,17888
1.0,17889
1.0,17890
1.0,17891
1.0,17892
1.0,17893
1.0,17894
1.0,17895
1.0,17896
1.0,17897
1.0,17898
1.0,17899
6.0,17900
0.0,17901
1.0,17902
1.0,17903
1.0,17904
1.0,17905
1.0,17906
1.0,17907
1.0,17908
1.0,17909
1.0,17910
1.0,17911
1.0,17912
1.0,17913
1.0,17914
1.0,17915
1.0,17916
1.0,17917
1.0,17918
1.0,17919
1.0,17920
1.0,17921
1.0,17922
1.0,17923
1.0,17924
1.0,17925
1.0,17926
1.0,17927
1.0,17928
1.0,17929
1.0,17930
1.0,17931
1.0,17932
1.0,17933
1.0,17934
1.0,17935
1.0,17936
1.0,17937
1.0,17938
1.0,17939
1.0,17940
1.0,17941
1.0,17942
1.0,17943
1.0,17944
1.0,17945
1.0,17946
1.0,17947
1.0,17948
1.0,17949
1.0,17950
1.0,17951
1.0,17952
1.0,17953
1.0,17954
1.0,17955
1.0,17956
1.0,17957
1.0,17958
1.0,17959
1.0,17960
1.0,17961
1.0,17962
1.0,17963
1.0,17964
1.0,17965
1.0,17966
1.0,17967
1.0,17968
1.0,17969
1.0,17970
0.0,17971
1.0,17972
1.0,17973
1.0,17974
1.0,17975
1.0,17976
1.0,17977
1.0,17978
1.0,17979
1.0,17980
1.0,17981
1.0,17982
1.0,17983
1.0,17984
1.0,17985
0.0,17986
1.0,17987
1.0,17988
1.0,17989
1.0,17990
1.0,17991
1.0,17992
1.0,17993
1.0,17994
1.0,17995
1.0,17996
1.0,17997
1.0,17998
1.0,17999
1.0,18000
1.0,18001
1.0,18002
1.0,18003
1.0,18004
1.0,18005
1.0,18006
1.0,18007
1.0,18008
1.0,18009
1.0,18010
1.0,18011
1.0,18012
1.0,18013
1.0,18014
1.0,18015
1.0,18016
1.0,18017
1.0,18018
1.0,18019
1.0,18020
0.0,18021
1.0,18022
0.0,18023
1.0,18024
1.0,18025
1.0,18026
1.0,18027
1.0,18028
1.0,18029
1.0,18030
1.0,18031
1.0,18032
1.0,18033
1.0,18034
1.0,18035
1.0,18036
1.0,18037
1.0,18038
1.0,18039
1.0,18040
1.0,18041
1.0,18042
1.0,18043
1.0,18044
1.0,18045
1.0,18046
1.0,18047
1.0,18048
1.0,18049
1.0,18050
1.0,18051
1.0,18052
1.0,18053
1.0,18054
1.0,18055
1.0,18056
0.0,18057
1.0,18058
1.0,18059
1.0,18060
6.0,18061
1.0,18062
1.0,18063
1.0,18064
1.0,18065
1.0,18066
1.0,18067
1.0,18068
1.0,18069
1.0,18070
1.0,18071
1.0,18072
1.0,18073
1.0,18074
0.0,18075
1.0,18076
1.0,18077
1.0,18078
1.0,18079
1.0,18080
1.0,18081
1.0,18082
1.0,18083
6.0,18084
1.0,18085
1.0,18086
1.0,18087
1.0,18088
1.0,18089
1.0,18090
1.0,18091
1.0,18092
1.0,18093
1.0,18094
1.0,18095
1.0,18096
1.0,18097
1.0,18098
1.0,18099
1.0,18100
1.0,18101
1.0,18102
1.0,18103
1.0,18104
1.0,18105
1.0,18106
1.0,18107
1.0,18108
1.0,18109
1.0,18110
1.0,18111
6.0,18112
1.0,18113
1.0,18114
1.0,18115
1.0,18116
1.0,18117
1.0,18118
1.0,18119
1.0,18120
1.0,18121
1.0,18122
0.0,18123
1.0,18124
1.0,18125
1.0,18126
1.0,18127
1.0,18128
1.0,18129
1.0,18130
1.0,18131
1.0,18132
1.0,18133
1.0,18134
6.0,18135
1.0,18136
3.0,18137
1.0,18138
1.0,18139
1.0,18140
1.0,18141
1.0,18142
1.0,18143
1.0,18144
1.0,18145
1.0,18146
1.0,18147
6.0,18148
1.0,18149
1.0,18150
1.0,18151
1.0,18152
3.0,18153
6.0,18154
6.0,18155
6.0,18156
1.0,18157
1.0,18158
1.0,18159
0.0,18160
0.0,18161
1.0,18162
3.0,18163
1.0,18164
1.0,18165
1.0,18166
1.0,18167
1.0,18168
0.0,18169
1.0,18170
3.0,18171
3.0,18172
1.0,18173
7.0,18174
1.0,18175
1.0,18176
1.0,18177
3.0,18178
1.0,18179
1.0,18180
0.0,18181
1.0,18182
6.0,18183
1.0,18184
1.0,18185
1.0,18186
1.0,18187
1.0,18188
1.0,18189
1.0,18190
1.0,18191
1.0,18192
8.0,18193
1.0,18194
3.0,18195
7.0,18196
1.0,18197
6.0,18198
8.0,18199
1.0,18200
1.0,18201
1.0,18202
1.0,18203
1.0,18204
0.0,18205
0.0,18206
1.0,18207
1.0,18208
1.0,18209
1.0,18210
1.0,18211
8.0,18212
1.0,18213
1.0,18214
1.0,18215
3.0,18216
1.0,18217
1.0,18218
1.0,18219
0.0,18220
1.0,18221
6.0,18222
1.0,18223
1.0,18224
1.0,18225
1.0,18226
1.0,18227
1.0,18228
1.0,18229
6.0,18230
1.0,18231
1.0,18232
1.0,18233
1.0,18234
1.0,18235
1.0,18236
1.0,18237
1.0,18238
1.0,18239
1.0,18240
1.0,18241
1.0,18242
1.0,18243
1.0,18244
1.0,18245
1.0,18246
1.0,18247
1.0,18248
1.0,18249
1.0,18250
1.0,18251
1.0,18252
1.0,18253
1.0,18254
1.0,18255
1.0,18256
1.0,18257
1.0,18258
1.0,18259
1.0,18260
1.0,18261
1.0,18262
1.0,18263
1.0,18264
1.0,18265
1.0,18266
1.0,18267
1.0,18268
1.0,18269
1.0,18270
1.0,18271
1.0,18272
1.0,18273
1.0,18274
1.0,18275
1.0,18276
1.0,18277
1.0,18278
1.0,18279
0.0,18280
1.0,18281
1.0,18282
1.0,18283
6.0,18284
1.0,18285
1.0,18286
1.0,18287
1.0,18288
1.0,18289
1.0,18290
1.0,18291
1.0,18292
1.0,18293
1.0,18294
1.0,18295
1.0,18296
1.0,18297
1.0,18298
1.0,18299
1.0,18300
1.0,18301
1.0,18302
1.0,18303
1.0,18304
0.0,18305
1.0,18306
1.0,18307
1.0,18308
1.0,18309
1.0,18310
1.0,18311
1.0,18312
1.0,18313
1.0,18314
6.0,18315
1.0,18316
1.0,18317
6.0,18318
0.0,18319
0.0,18320
3.0,18321
1.0,18322
1.0,18323
1.0,18324
1.0,18325
6.0,18326
1.0,18327
1.0,18328
1.0,18329
1.0,18330
1.0,18331
1.0,18332
0.0,18333
1.0,18334
1.0,18335
0.0,18336
6.0,18337
0.0,18338
1.0,18339
1.0,18340
1.0,18341
0.0,18342
1.0,18343
0.0,18344
1.0,18345
1.0,18346
1.0,18347
1.0,18348
1.0,18349
3.0,18350
1.0,18351
1.0,18352
1.0,18353
7.0,18354
1.0,18355
1.0,18356
1.0,18357
1.0,18358
1.0,18359
1.0,18360
1.0,18361
1.0,18362
1.0,18363
1.0,18364
1.0,18365
1.0,18366
1.0,18367
1.0,18368
1.0,18369
1.0,18370
1.0,18371
3.0,18372
1.0,18373
1.0,18374
1.0,18375
0.0,18376
1.0,18377
1.0,18378
6.0,18379
1.0,18380
1.0,18381
0.0,18382
1.0,18383
1.0,18384
1.0,18385
1.0,18386
1.0,18387
1.0,18388
1.0,18389
1.0,18390
1.0,18391
1.0,18392
1.0,18393
1.0,18394
1.0,18395
1.0,18396
0.0,18397
1.0,18398
1.0,18399
1.0,18400
0.0,18401
1.0,18402
1.0,18403
1.0,18404
1.0,18405
1.0,18406
1.0,18407
1.0,18408
1.0,18409
1.0,18410
1.0,18411
1.0,18412
0.0,18413
1.0,18414
1.0,18415
1.0,18416
0.0,18417
1.0,18418
1.0,18419
0.0,18420
1.0,18421
1.0,18422
1.0,18423
1.0,18424
6.0,18425
1.0,18426
6.0,18427
1.0,18428
1.0,18429
1.0,18430
1.0,18431
1.0,18432
1.0,18433
1.0,18434
1.0,18435
1.0,18436
1.0,18437
1.0,18438
1.0,18439
1.0,18440
1.0,18441
6.0,18442
1.0,18443
0.0,18444
1.0,18445
1.0,18446
1.0,18447
1.0,18448
1.0,18449
1.0,18450
1.0,18451
6.0,18452
5.0,18453
1.0,18454
1.0,18455
1.0,18456
1.0,18457
1.0,18458
1.0,18459
0.0,18460
1.0,18461
1.0,18462
1.0,18463
1.0,18464
1.0,18465
1.0,18466
1.0,18467
1.0,18468
1.0,18469
1.0,18470
1.0,18471
8.0,18472
1.0,18473
1.0,18474
1.0,18475
1.0,18476
1.0,18477
1.0,18478
1.0,18479
1.0,18480
1.0,18481
1.0,18482
1.0,18483
1.0,18484
1.0,18485
6.0,18486
6.0,18487
1.0,18488
1.0,18489
1.0,18490
1.0,18491
1.0,18492
1.0,18493
1.0,18494
1.0,18495
1.0,18496
1.0,18497
1.0,18498
1.0,18499
1.0,18500
1.0,18501
6.0,18502
1.0,18503
1.0,18504
1.0,18505
0.0,18506
1.0,18507
1.0,18508
1.0,18509
1.0,18510
1.0,18511
1.0,18512
1.0,18513
1.0,18514
1.0,18515
1.0,18516
1.0,18517
1.0,18518
1.0,18519
1.0,18520
1.0,18521
1.0,18522
1.0,18523
1.0,18524
1.0,18525
6.0,18526
8.0,18527
1.0,18528
1.0,18529
1.0,18530
1.0,18531
1.0,18532
1.0,18533
1.0,18534
1.0,18535
1.0,18536
0.0,18537
1.0,18538
1.0,18539
1.0,18540
1.0,18541
6.0,18542
1.0,18543
1.0,18544
1.0,18545
0.0,18546
1.0,18547
1.0,18548
1.0,18549
1.0,18550
1.0,18551
1.0,18552
0.0,18553
1.0,18554
1.0,18555
1.0,18556
1.0,18557
1.0,18558
1.0,18559
1.0,18560
1.0,18561
1.0,18562
1.0,18563
1.0,18564
1.0,18565
0.0,18566
1.0,18567
1.0,18568
1.0,18569
1.0,18570
3.0,18571
1.0,18572
1.0,18573
1.0,18574
1.0,18575
1.0,18576
1.0,18577
1.0,18578
1.0,18579
1.0,18580
1.0,18581
3.0,18582
1.0,18583
1.0,18584
1.0,18585
1.0,18586
1.0,18587
1.0,18588
6.0,18589
1.0,18590
1.0,18591
1.0,18592
1.0,18593
1.0,18594
1.0,18595
1.0,18596
1.0,18597
1.0,18598
1.0,18599
1.0,18600
1.0,18601
1.0,18602
1.0,18603
1.0,18604
1.0,18605
1.0,18606
6.0,18607
1.0,18608
1.0,18609
1.0,18610
6.0,18611
1.0,18612
0.0,18613
6.0,18614
1.0,18615
1.0,18616
1.0,18617
1.0,18618
1.0,18619
1.0,18620
6.0,18621
1.0,18622
1.0,18623
1.0,18624
1.0,18625
1.0,18626
1.0,18627
1.0,18628
1.0,18629
1.0,18630
1.0,18631
0.0,18632
1.0,18633
1.0,18634
1.0,18635
1.0,18636
1.0,18637
1.0,18638
1.0,18639
1.0,18640
1.0,18641
1.0,18642
1.0,18643
1.0,18644
1.0,18645
0.0,18646
1.0,18647
1.0,18648
1.0,18649
1.0,18650
1.0,18651
6.0,18652
1.0,18653
1.0,18654
1.0,18655
1.0,18656
1.0,18657
1.0,18658
1.0,18659
1.0,18660
1.0,18661
1.0,18662
1.0,18663
1.0,18664
8.0,18665
1.0,18666
1.0,18667
1.0,18668
1.0,18669
1.0,18670
1.0,18671
1.0,18672
1.0,18673
1.0,18674
0.0,18675
1.0,18676
1.0,18677
1.0,18678
1.0,18679
0.0,18680
1.0,18681
1.0,18682
1.0,18683
1.0,18684
1.0,18685
1.0,18686
0.0,18687
1.0,18688
1.0,18689
1.0,18690
1.0,18691
1.0,18692
0.0,18693
1.0,18694
1.0,18695
1.0,18696
1.0,18697
1.0,18698
1.0,18699
0.0,18700
1.0,18701
1.0,18702
1.0,18703
1.0,18704
6.0,18705
0.0,18706
1.0,18707
1.0,18708
1.0,18709
6.0,18710
1.0,18711
1.0,18712
1.0,18713
1.0,18714
0.0,18715
1.0,18716
1.0,18717
1.0,18718
1.0,18719
1.0,18720
1.0,18721
1.0,18722
1.0,18723
1.0,18724
0.0,18725
1.0,18726
1.0,18727
1.0,18728
1.0,18729
1.0,18730
1.0,18731
1.0,18732
1.0,18733
6.0,18734
1.0,18735
0.0,18736
1.0,18737
0.0,18738
1.0,18739
1.0,18740
1.0,18741
1.0,18742
1.0,18743
1.0,18744
3.0,18745
1.0,18746
1.0,18747
1.0,18748
1.0,18749
6.0,18750
1.0,18751
1.0,18752
1.0,18753
6.0,18754
1.0,18755
1.0,18756
0.0,18757
1.0,18758
1.0,18759
1.0,18760
1.0,18761
1.0,18762
1.0,18763
1.0,18764
1.0,18765
0.0,18766
1.0,18767
1.0,18768
1.0,18769
1.0,18770
1.0,18771
1.0,18772
1.0,18773
0.0,18774
1.0,18775
1.0,18776
1.0,18777
1.0,18778
1.0,18779
1.0,18780
1.0,18781
1.0,18782
1.0,18783
0.0,18784
1.0,18785
1.0,18786
1.0,18787
1.0,18788
1.0,18789
1.0,18790
1.0,18791
1.0,18792
1.0,18793
1.0,18794
1.0,18795
1.0,18796
1.0,18797
1.0,18798
1.0,18799
1.0,18800
1.0,18801
1.0,18802
1.0,18803
1.0,18804
1.0,18805
1.0,18806
1.0,18807
1.0,18808
1.0,18809
6.0,18810
0.0,18811
1.0,18812
1.0,18813
1.0,18814
1.0,18815
1.0,18816
1.0,18817
1.0,18818
1.0,18819
1.0,18820
1.0,18821
1.0,18822
1.0,18823
1.0,18824
1.0,18825
0.0,18826
1.0,18827
1.0,18828
1.0,18829
1.0,18830
1.0,18831
1.0,18832
1.0,18833
1.0,18834
1.0,18835
1.0,18836
1.0,18837
1.0,18838
1.0,18839
1.0,18840
1.0,18841
1.0,18842
1.0,18843
0.0,18844
6.0,18845
1.0,18846
0.0,18847
1.0,18848
1.0,18849
1.0,18850
1.0,18851
1.0,18852
1.0,18853
1.0,18854
1.0,18855
1.0,18856
1.0,18857
1.0,18858
1.0,18859
1.0,18860
1.0,18861
1.0,18862
0.0,18863
1.0,18864
1.0,18865
1.0,18866
1.0,18867
1.0,18868
1.0,18869
1.0,18870
1.0,18871
0.0,18872
1.0,18873
1.0,18874
1.0,18875
1.0,18876
1.0,18877
1.0,18878
1.0,18879
1.0,18880
1.0,18881
1.0,18882
1.0,18883
1.0,18884
1.0,18885
1.0,18886
1.0,18887
1.0,18888
1.0,18889
1.0,18890
1.0,18891
1.0,18892
1.0,18893
1.0,18894
1.0,18895
1.0,18896
1.0,18897
1.0,18898
1.0,18899
1.0,18900
1.0,18901
1.0,18902
1.0,18903
1.0,18904
1.0,18905
1.0,18906
1.0,18907
6.0,18908
1.0,18909
1.0,18910
1.0,18911
1.0,18912
1.0,18913
1.0,18914
1.0,18915
1.0,18916
1.0,18917
1.0,18918
1.0,18919
1.0,18920
1.0,18921
1.0,18922
1.0,18923
1.0,18924
3.0,18925
1.0,18926
1.0,18927
1.0,18928
1.0,18929
1.0,18930
1.0,18931
1.0,18932
1.0,18933
1.0,18934
1.0,18935
1.0,18936
6.0,18937
1.0,18938
1.0,18939
1.0,18940
1.0,18941
1.0,18942
1.0,18943
1.0,18944
1.0,18945
1.0,18946
1.0,18947
1.0,18948
1.0,18949
1.0,18950
1.0,18951
1.0,18952
1.0,18953
1.0,18954
1.0,18955
1.0,18956
1.0,18957
1.0,18958
1.0,18959
1.0,18960
1.0,18961
1.0,18962
1.0,18963
1.0,18964
1.0,18965
1.0,18966
1.0,18967
1.0,18968
1.0,18969
1.0,18970
1.0,18971
1.0,18972
1.0,18973
1.0,18974
1.0,18975
1.0,18976
1.0,18977
1.0,18978
1.0,18979
1.0,18980
1.0,18981
1.0,18982
1.0,18983
1.0,18984
1.0,18985
1.0,18986
1.0,18987
1.0,18988
1.0,18989
6.0,18990
3.0,18991
1.0,18992
1.0,18993
1.0,18994
1.0,18995
1.0,18996
6.0,18997
1.0,18998
1.0,18999
1.0,19000
1.0,19001
1.0,19002
1.0,19003
1.0,19004
1.0,19005
1.0,19006
1.0,19007
1.0,19008
1.0,19009
1.0,19010
1.0,19011
1.0,19012
1.0,19013
1.0,19014
1.0,19015
1.0,19016
1.0,19017
1.0,19018
1.0,19019
1.0,19020
1.0,19021
1.0,19022
0.0,19023
1.0,19024
0.0,19025
1.0,19026
1.0,19027
1.0,19028
1.0,19029
1.0,19030
1.0,19031
1.0,19032
6.0,19033
1.0,19034
0.0,19035
1.0,19036
0.0,19037
1.0,19038
1.0,19039
1.0,19040
1.0,19041
1.0,19042
1.0,19043
1.0,19044
1.0,19045
1.0,19046
1.0,19047
1.0,19048
1.0,19049
1.0,19050
1.0,19051
1.0,19052
1.0,19053
1.0,19054
1.0,19055
1.0,19056
1.0,19057
1.0,19058
1.0,19059
1.0,19060
0.0,19061
1.0,19062
1.0,19063
1.0,19064
1.0,19065
1.0,19066
1.0,19067
1.0,19068
1.0,19069
1.0,19070
1.0,19071
6.0,19072
1.0,19073
1.0,19074
1.0,19075
1.0,19076
1.0,19077
1.0,19078
1.0,19079
1.0,19080
1.0,19081
1.0,19082
1.0,19083
1.0,19084
1.0,19085
1.0,19086
1.0,19087
1.0,19088
1.0,19089
1.0,19090
1.0,19091
1.0,19092
0.0,19093
1.0,19094
1.0,19095
1.0,19096
1.0,19097
1.0,19098
1.0,19099
1.0,19100
1.0,19101
1.0,19102
1.0,19103
1.0,19104
1.0,19105
1.0,19106
1.0,19107
1.0,19108
1.0,19109
1.0,19110
1.0,19111
1.0,19112
1.0,19113
8.0,19114
1.0,19115
1.0,19116
1.0,19117
1.0,19118
1.0,19119
1.0,19120
1.0,19121
1.0,19122
6.0,19123
6.0,19124
1.0,19125
1.0,19126
1.0,19127
1.0,19128
1.0,19129
1.0,19130
1.0,19131
1.0,19132
1.0,19133
1.0,19134
1.0,19135
1.0,19136
6.0,19137
1.0,19138
1.0,19139
1.0,19140
1.0,19141
1.0,19142
0.0,19143
1.0,19144
1.0,19145
1.0,19146
1.0,19147
1.0,19148
1.0,19149
1.0,19150
1.0,19151
1.0,19152
1.0,19153
1.0,19154
1.0,19155
1.0,19156
1.0,19157
1.0,19158
1.0,19159
1.0,19160
1.0,19161
1.0,19162
1.0,19163
1.0,19164
1.0,19165
1.0,19166
1.0,19167
1.0,19168
1.0,19169
1.0,19170
1.0,19171
1.0,19172
1.0,19173
1.0,19174
1.0,19175
1.0,19176
1.0,19177
1.0,19178
1.0,19179
3.0,19180
1.0,19181
1.0,19182
0.0,19183
0.0,19184
6.0,19185
1.0,19186
0.0,19187
1.0,19188
1.0,19189
1.0,19190
1.0,19191
1.0,19192
1.0,19193
6.0,19194
1.0,19195
1.0,19196
1.0,19197
0.0,19198
1.0,19199
1.0,19200
1.0,19201
1.0,19202
1.0,19203
1.0,19204
1.0,19205
1.0,19206
1.0,19207
1.0,19208
1.0,19209
6.0,19210
1.0,19211
1.0,19212
1.0,19213
1.0,19214
1.0,19215
1.0,19216
1.0,19217
1.0,19218
1.0,19219
1.0,19220
1.0,19221
1.0,19222
1.0,19223
1.0,19224
1.0,19225
6.0,19226
1.0,19227
1.0,19228
1.0,19229
1.0,19230
1.0,19231
6.0,19232
1.0,19233
1.0,19234
1.0,19235
1.0,19236
1.0,19237
1.0,19238
1.0,19239
1.0,19240
1.0,19241
1.0,19242
1.0,19243
1.0,19244
1.0,19245
1.0,19246
1.0,19247
1.0,19248
1.0,19249
1.0,19250
1.0,19251
1.0,19252
1.0,19253
1.0,19254
1.0,19255
1.0,19256
1.0,19257
6.0,19258
1.0,19259
1.0,19260
1.0,19261
1.0,19262
1.0,19263
1.0,19264
1.0,19265
1.0,19266
1.0,19267
1.0,19268
1.0,19269
1.0,19270
1.0,19271
1.0,19272
1.0,19273
1.0,19274
1.0,19275
1.0,19276
1.0,19277
1.0,19278
1.0,19279
1.0,19280
1.0,19281
1.0,19282
1.0,19283
1.0,19284
1.0,19285
1.0,19286
1.0,19287
1.0,19288
1.0,19289
1.0,19290
1.0,19291
1.0,19292
3.0,19293
1.0,19294
6.0,19295
1.0,19296
1.0,19297
1.0,19298
1.0,19299
1.0,19300
1.0,19301
1.0,19302
1.0,19303
1.0,19304
1.0,19305
1.0,19306
1.0,19307
1.0,19308
1.0,19309
1.0,19310
1.0,19311
0.0,19312
1.0,19313
1.0,19314
1.0,19315
1.0,19316
1.0,19317
1.0,19318
1.0,19319
1.0,19320
1.0,19321
1.0,19322
1.0,19323
1.0,19324
1.0,19325
1.0,19326
1.0,19327
1.0,19328
1.0,19329
1.0,19330
1.0,19331
1.0,19332
1.0,19333
1.0,19334
1.0,19335
6.0,19336
1.0,19337
1.0,19338
1.0,19339
1.0,19340
1.0,19341
1.0,19342
1.0,19343
1.0,19344
6.0,19345
1.0,19346
1.0,19347
1.0,19348
1.0,19349
1.0,19350
1.0,19351
1.0,19352
1.0,19353
1.0,19354
1.0,19355
0.0,19356
1.0,19357
0.0,19358
1.0,19359
1.0,19360
1.0,19361
1.0,19362
1.0,19363
1.0,19364
1.0,19365
1.0,19366
1.0,19367
1.0,19368
1.0,19369
1.0,19370
1.0,19371
6.0,19372
1.0,19373
1.0,19374
1.0,19375
1.0,19376
1.0,19377
1.0,19378
1.0,19379
1.0,19380
1.0,19381
1.0,19382
1.0,19383
1.0,19384
1.0,19385
1.0,19386
1.0,19387
1.0,19388
1.0,19389
0.0,19390
1.0,19391
1.0,19392
1.0,19393
1.0,19394
1.0,19395
1.0,19396
1.0,19397
0.0,19398
1.0,19399
1.0,19400
1.0,19401
1.0,19402
2.0,19403
1.0,19404
1.0,19405
1.0,19406
1.0,19407
1.0,19408
1.0,19409
6.0,19410
1.0,19411
6.0,19412
1.0,19413
1.0,19414
1.0,19415
1.0,19416
1.0,19417
1.0,19418
1.0,19419
1.0,19420
1.0,19421
1.0,19422
0.0,19423
1.0,19424
1.0,19425
1.0,19426
6.0,19427
1.0,19428
0.0,19429
1.0,19430
1.0,19431
1.0,19432
1.0,19433
1.0,19434
0.0,19435
1.0,19436
1.0,19437
1.0,19438
1.0,19439
1.0,19440
1.0,19441
1.0,19442
1.0,19443
6.0,19444
1.0,19445
1.0,19446
1.0,19447
1.0,19448
1.0,19449
1.0,19450
1.0,19451
1.0,19452
1.0,19453
6.0,19454
1.0,19455
1.0,19456
1.0,19457
1.0,19458
1.0,19459
1.0,19460
1.0,19461
1.0,19462
1.0,19463
1.0,19464
1.0,19465
1.0,19466
1.0,19467
1.0,19468
1.0,19469
1.0,19470
1.0,19471
1.0,19472
1.0,19473
1.0,19474
1.0,19475
1.0,19476
1.0,19477
1.0,19478
1.0,19479
1.0,19480
1.0,19481
1.0,19482
1.0,19483
1.0,19484
1.0,19485
1.0,19486
1.0,19487
1.0,19488
1.0,19489
1.0,19490
1.0,19491
1.0,19492
1.0,19493
1.0,19494
1.0,19495
1.0,19496
1.0,19497
1.0,19498
1.0,19499
1.0,19500
1.0,19501
1.0,19502
1.0,19503
1.0,19504
1.0,19505
3.0,19506
1.0,19507
3.0,19508
6.0,19509
1.0,19510
0.0,19511
0.0,19512
1.0,19513
1.0,19514
0.0,19515
1.0,19516
0.0,19517
0.0,19518
1.0,19519
1.0,19520
0.0,19521
1.0,19522
1.0,19523
1.0,19524
1.0,19525
1.0,19526
1.0,19527
1.0,19528
1.0,19529
1.0,19530
1.0,19531
1.0,19532
1.0,19533
1.0,19534
1.0,19535
1.0,19536
1.0,19537
1.0,19538
1.0,19539
1.0,19540
1.0,19541
1.0,19542
1.0,19543
1.0,19544
1.0,19545
1.0,19546
1.0,19547
6.0,19548
6.0,19549
1.0,19550
1.0,19551
1.0,19552
1.0,19553
1.0,19554
1.0,19555
3.0,19556
1.0,19557
1.0,19558
1.0,19559
1.0,19560
1.0,19561
1.0,19562
1.0,19563
0.0,19564
1.0,19565
1.0,19566
1.0,19567
1.0,19568
1.0,19569
1.0,19570
1.0,19571
1.0,19572
1.0,19573
1.0,19574
1.0,19575
1.0,19576
1.0,19577
1.0,19578
1.0,19579
1.0,19580
0.0,19581
1.0,19582
1.0,19583
1.0,19584
1.0,19585
1.0,19586
1.0,19587
1.0,19588
1.0,19589
1.0,19590
1.0,19591
1.0,19592
1.0,19593
1.0,19594
0.0,19595
1.0,19596
1.0,19597
1.0,19598
0.0,19599
1.0,19600
1.0,19601
1.0,19602
6.0,19603
1.0,19604
1.0,19605
1.0,19606
1.0,19607
1.0,19608
1.0,19609
1.0,19610
1.0,19611
1.0,19612
1.0,19613
1.0,19614
1.0,19615
1.0,19616
1.0,19617
1.0,19618
1.0,19619
1.0,19620
1.0,19621
1.0,19622
1.0,19623
1.0,19624
1.0,19625
1.0,19626
1.0,19627
1.0,19628
1.0,19629
1.0,19630
1.0,19631
0.0,19632
1.0,19633
1.0,19634
1.0,19635
1.0,19636
1.0,19637
1.0,19638
1.0,19639
1.0,19640
1.0,19641
1.0,19642
1.0,19643
1.0,19644
1.0,19645
1.0,19646
1.0,19647
0.0,19648
2.0,19649
1.0,19650
1.0,19651
1.0,19652
0.0,19653
1.0,19654
1.0,19655
1.0,19656
1.0,19657
1.0,19658
1.0,19659
1.0,19660
1.0,19661
1.0,19662
1.0,19663
0.0,19664
1.0,19665
1.0,19666
1.0,19667
1.0,19668
1.0,19669
1.0,19670
1.0,19671
6.0,19672
1.0,19673
1.0,19674
1.0,19675
1.0,19676
1.0,19677
1.0,19678
1.0,19679
1.0,19680
1.0,19681
1.0,19682
1.0,19683
1.0,19684
1.0,19685
1.0,19686
1.0,19687
1.0,19688
1.0,19689
1.0,19690
0.0,19691
1.0,19692
1.0,19693
1.0,19694
1.0,19695
1.0,19696
1.0,19697
1.0,19698
1.0,19699
1.0,19700
1.0,19701
1.0,19702
1.0,19703
1.0,19704
1.0,19705
1.0,19706
1.0,19707
1.0,19708
1.0,19709
1.0,19710
1.0,19711
1.0,19712
1.0,19713
1.0,19714
1.0,19715
1.0,19716
1.0,19717
1.0,19718
1.0,19719
1.0,19720
0.0,19721
1.0,19722
1.0,19723
1.0,19724
1.0,19725
1.0,19726
1.0,19727
1.0,19728
1.0,19729
1.0,19730
1.0,19731
1.0,19732
1.0,19733
1.0,19734
6.0,19735
1.0,19736
1.0,19737
1.0,19738
1.0,19739
1.0,19740
1.0,19741
1.0,19742
1.0,19743
1.0,19744
1.0,19745
1.0,19746
1.0,19747
1.0,19748
1.0,19749
1.0,19750
1.0,19751
1.0,19752
1.0,19753
1.0,19754
1.0,19755
1.0,19756
1.0,19757
1.0,19758
1.0,19759
1.0,19760
1.0,19761
6.0,19762
1.0,19763
1.0,19764
0.0,19765
1.0,19766
0.0,19767
1.0,19768
1.0,19769
1.0,19770
1.0,19771
1.0,19772
1.0,19773
1.0,19774
1.0,19775
1.0,19776
1.0,19777
1.0,19778
1.0,19779
1.0,19780
1.0,19781
1.0,19782
1.0,19783
1.0,19784
1.0,19785
1.0,19786
1.0,19787
1.0,19788
1.0,19789
1.0,19790
6.0,19791
1.0,19792
1.0,19793
1.0,19794
1.0,19795
1.0,19796
1.0,19797
1.0,19798
1.0,19799
1.0,19800
1.0,19801
1.0,19802
1.0,19803
1.0,19804
1.0,19805
1.0,19806
1.0,19807
1.0,19808
1.0,19809
1.0,19810
1.0,19811
1.0,19812
1.0,19813
1.0,19814
1.0,19815
1.0,19816
1.0,19817
1.0,19818
1.0,19819
1.0,19820
1.0,19821
1.0,19822
1.0,19823
1.0,19824
1.0,19825
1.0,19826
1.0,19827
1.0,19828
1.0,19829
1.0,19830
6.0,19831
1.0,19832
1.0,19833
1.0,19834
1.0,19835
1.0,19836
1.0,19837
1.0,19838
8.0,19839
8.0,19840
8.0,19841
8.0,19842
8.0,19843
8.0,19844
8.0,19845
8.0,19846
8.0,19847
6.0,19848
8.0,19849
8.0,19850
8.0,19851
8.0,19852
8.0,19853
8.0,19854
8.0,19855
8.0,19856
8.0,19857
8.0,19858
8.0,19859
8.0,19860
8.0,19861
8.0,19862
8.0,19863
8.0,19864
8.0,19865
8.0,19866
8.0,19867
8.0,19868
8.0,19869
8.0,19870
8.0,19871
8.0,19872
8.0,19873
8.0,19874
8.0,19875
8.0,19876
0.0,19877
8.0,19878
8.0,19879
8.0,19880
8.0,19881
8.0,19882
8.0,19883
8.0,19884
8.0,19885
8.0,19886
8.0,19887
8.0,19888
8.0,19889
8.0,19890
8.0,19891
8.0,19892
8.0,19893
8.0,19894
8.0,19895
8.0,19896
8.0,19897
8.0,19898
8.0,19899
8.0,19900
8.0,19901
8.0,19902
8.0,19903
8.0,19904
8.0,19905
8.0,19906
8.0,19907
8.0,19908
8.0,19909
8.0,19910
8.0,19911
8.0,19912
8.0,19913
8.0,19914
8.0,19915
8.0,19916
8.0,19917
8.0,19918
8.0,19919
8.0,19920
8.0,19921
8.0,19922
8.0,19923
1.0,19924
8.0,19925
8.0,19926
8.0,19927
8.0,19928
8.0,19929
8.0,19930
8.0,19931
8.0,19932
8.0,19933
8.0,19934
8.0,19935
8.0,19936
8.0,19937
8.0,19938
8.0,19939
8.0,19940
8.0,19941
8.0,19942
8.0,19943
8.0,19944
8.0,19945
8.0,19946
3.0,19947
8.0,19948
8.0,19949
8.0,19950
8.0,19951
8.0,19952
8.0,19953
8.0,19954
8.0,19955
8.0,19956
8.0,19957
8.0,19958
8.0,19959
8.0,19960
8.0,19961
8.0,19962
8.0,19963
8.0,19964
8.0,19965
8.0,19966
8.0,19967
8.0,19968
8.0,19969
8.0,19970
8.0,19971
8.0,19972
8.0,19973
8.0,19974
8.0,19975
8.0,19976
8.0,19977
3.0,19978
8.0,19979
8.0,19980
1.0,19981
8.0,19982
8.0,19983
8.0,19984
8.0,19985
8.0,19986
8.0,19987
8.0,19988
8.0,19989
8.0,19990
8.0,19991
8.0,19992
8.0,19993
8.0,19994
8.0,19995
8.0,19996
8.0,19997
8.0,19998
8.0,19999
8.0,20000
8.0,20001
8.0,20002
8.0,20003
8.0,20004
8.0,20005
8.0,20006
8.0,20007
8.0,20008
8.0,20009
8.0,20010
8.0,20011
6.0,20012
8.0,20013
8.0,20014
8.0,20015
8.0,20016
8.0,20017
8.0,20018
8.0,20019
8.0,20020
8.0,20021
8.0,20022
8.0,20023
8.0,20024
8.0,20025
8.0,20026
8.0,20027
8.0,20028
8.0,20029
8.0,20030
8.0,20031
8.0,20032
8.0,20033
8.0,20034
8.0,20035
8.0,20036
8.0,20037
8.0,20038
8.0,20039
8.0,20040
8.0,20041
8.0,20042
8.0,20043
8.0,20044
8.0,20045
8.0,20046
8.0,20047
8.0,20048
8.0,20049
8.0,20050
8.0,20051
8.0,20052
8.0,20053
8.0,20054
8.0,20055
5.0,20056
8.0,20057
8.0,20058
0.0,20059
8.0,20060
8.0,20061
8.0,20062
8.0,20063
8.0,20064
8.0,20065
8.0,20066
8.0,20067
8.0,20068
8.0,20069
8.0,20070
0.0,20071
8.0,20072
8.0,20073
8.0,20074
8.0,20075
8.0,20076
8.0,20077
8.0,20078
8.0,20079
8.0,20080
8.0,20081
0.0,20082
0.0,20083
6.0,20084
0.0,20085
8.0,20086
8.0,20087
8.0,20088
8.0,20089
8.0,20090
8.0,20091
8.0,20092
8.0,20093
8.0,20094
0.0,20095
8.0,20096
1.0,20097
6.0,20098
8.0,20099
8.0,20100
8.0,20101
8.0,20102
1.0,20103
8.0,20104
8.0,20105
8.0,20106
8.0,20107
8.0,20108
8.0,20109
0.0,20110
8.0,20111
8.0,20112
0.0,20113
8.0,20114
8.0,20115
8.0,20116
5.0,20117
8.0,20118
8.0,20119
0.0,20120
8.0,20121
8.0,20122
8.0,20123
6.0,20124
6.0,20125
8.0,20126
8.0,20127
8.0,20128
8.0,20129
0.0,20130
8.0,20131
8.0,20132
8.0,20133
8.0,20134
8.0,20135
8.0,20136
8.0,20137
8.0,20138
8.0,20139
8.0,20140
8.0,20141
8.0,20142
8.0,20143
8.0,20144
8.0,20145
8.0,20146
8.0,20147
5.0,20148
8.0,20149
8.0,20150
6.0,20151
8.0,20152
1.0,20153
8.0,20154
8.0,20155
8.0,20156
8.0,20157
8.0,20158
8.0,20159
8.0,20160
8.0,20161
8.0,20162
8.0,20163
8.0,20164
8.0,20165
8.0,20166
8.0,20167
8.0,20168
8.0,20169
8.0,20170
8.0,20171
8.0,20172
8.0,20173
8.0,20174
8.0,20175
8.0,20176
8.0,20177
8.0,20178
8.0,20179
8.0,20180
8.0,20181
5.0,20182
8.0,20183
8.0,20184
5.0,20185
8.0,20186
8.0,20187
8.0,20188
8.0,20189
1.0,20190
8.0,20191
0.0,20192
8.0,20193
8.0,20194
8.0,20195
8.0,20196
8.0,20197
8.0,20198
8.0,20199
8.0,20200
8.0,20201
8.0,20202
8.0,20203
8.0,20204
8.0,20205
8.0,20206
8.0,20207
1.0,20208
8.0,20209
6.0,20210
8.0,20211
8.0,20212
8.0,20213
8.0,20214
8.0,20215
8.0,20216
1.0,20217
8.0,20218
6.0,20219
6.0,20220
8.0,20221
8.0,20222
5.0,20223
8.0,20224
8.0,20225
8.0,20226
8.0,20227
8.0,20228
8.0,20229
8.0,20230
8.0,20231
8.0,20232
8.0,20233
8.0,20234
8.0,20235
8.0,20236
8.0,20237
5.0,20238
8.0,20239
8.0,20240
8.0,20241
8.0,20242
8.0,20243
0.0,20244
8.0,20245
8.0,20246
8.0,20247
8.0,20248
8.0,20249
8.0,20250
8.0,20251
6.0,20252
8.0,20253
8.0,20254
8.0,20255
1.0,20256
8.0,20257
8.0,20258
8.0,20259
8.0,20260
8.0,20261
8.0,20262
8.0,20263
8.0,20264
8.0,20265
8.0,20266
8.0,20267
5.0,20268
8.0,20269
0.0,20270
1.0,20271
8.0,20272
8.0,20273
8.0,20274
8.0,20275
8.0,20276
8.0,20277
8.0,20278
1.0,20279
8.0,20280
8.0,20281
3.0,20282
8.0,20283
8.0,20284
1.0,20285
8.0,20286
8.0,20287
8.0,20288
8.0,20289
3.0,20290
8.0,20291
8.0,20292
6.0,20293
8.0,20294
8.0,20295
8.0,20296
8.0,20297
5.0,20298
5.0,20299
8.0,20300
8.0,20301
8.0,20302
8.0,20303
8.0,20304
6.0,20305
8.0,20306
8.0,20307
8.0,20308
0.0,20309
8.0,20310
1.0,20311
8.0,20312
6.0,20313
8.0,20314
8.0,20315
8.0,20316
8.0,20317
8.0,20318
8.0,20319
8.0,20320
6.0,20321
8.0,20322
8.0,20323
8.0,20324
8.0,20325
8.0,20326
8.0,20327
8.0,20328
6.0,20329
8.0,20330
0.0,20331
8.0,20332
8.0,20333
8.0,20334
8.0,20335
8.0,20336
8.0,20337
8.0,20338
8.0,20339
8.0,20340
6.0,20341
8.0,20342
8.0,20343
5.0,20344
5.0,20345
8.0,20346
8.0,20347
8.0,20348
5.0,20349
8.0,20350
5.0,20351
8.0,20352
5.0,20353
8.0,20354
0.0,20355
8.0,20356
0.0,20357
8.0,20358
8.0,20359
8.0,20360
8.0,20361
8.0,20362
2.0,20363
0.0,20364
6.0,20365
8.0,20366
8.0,20367
0.0,20368
8.0,20369
8.0,20370
8.0,20371
8.0,20372
8.0,20373
1.0,20374
8.0,20375
8.0,20376
8.0,20377
8.0,20378
8.0,20379
8.0,20380
8.0,20381
1.0,20382
8.0,20383
8.0,20384
8.0,20385
8.0,20386
8.0,20387
8.0,20388
8.0,20389
8.0,20390
6.0,20391
8.0,20392
8.0,20393
8.0,20394
8.0,20395
8.0,20396
8.0,20397
8.0,20398
8.0,20399
8.0,20400
6.0,20401
8.0,20402
6.0,20403
8.0,20404
8.0,20405
8.0,20406
8.0,20407
8.0,20408
8.0,20409
8.0,20410
8.0,20411
8.0,20412
8.0,20413
6.0,20414
8.0,20415
2.0,20416
8.0,20417
8.0,20418
2.0,20419
8.0,20420
8.0,20421
8.0,20422
8.0,20423
8.0,20424
0.0,20425
8.0,20426
8.0,20427
8.0,20428
8.0,20429
8.0,20430
8.0,20431
8.0,20432
8.0,20433
8.0,20434
8.0,20435
8.0,20436
8.0,20437
8.0,20438
8.0,20439
5.0,20440
8.0,20441
8.0,20442
8.0,20443
5.0,20444
1.0,20445
8.0,20446
5.0,20447
8.0,20448
8.0,20449
8.0,20450
1.0,20451
8.0,20452
8.0,20453
8.0,20454
8.0,20455
8.0,20456
8.0,20457
3.0,20458
8.0,20459
8.0,20460
8.0,20461
1.0,20462
8.0,20463
6.0,20464
8.0,20465
8.0,20466
8.0,20467
8.0,20468
8.0,20469
8.0,20470
8.0,20471
0.0,20472
0.0,20473
8.0,20474
8.0,20475
0.0,20476
8.0,20477
8.0,20478
8.0,20479
8.0,20480
8.0,20481
8.0,20482
8.0,20483
2.0,20484
8.0,20485
6.0,20486
6.0,20487
8.0,20488
1.0,20489
8.0,20490
0.0,20491
8.0,20492
8.0,20493
8.0,20494
8.0,20495
6.0,20496
0.0,20497
0.0,20498
0.0,20499
8.0,20500
8.0,20501
8.0,20502
8.0,20503
0.0,20504
8.0,20505
8.0,20506
8.0,20507
8.0,20508
8.0,20509
8.0,20510
8.0,20511
5.0,20512
8.0,20513
8.0,20514
8.0,20515
6.0,20516
8.0,20517
8.0,20518
8.0,20519
8.0,20520
8.0,20521
8.0,20522
5.0,20523
8.0,20524
8.0,20525
8.0,20526
5.0,20527
5.0,20528
8.0,20529
8.0,20530
8.0,20531
8.0,20532
8.0,20533
0.0,20534
8.0,20535
5.0,20536
8.0,20537
8.0,20538
8.0,20539
8.0,20540
8.0,20541
8.0,20542
8.0,20543
5.0,20544
8.0,20545
8.0,20546
8.0,20547
5.0,20548
8.0,20549
5.0,20550
8.0,20551
8.0,20552
8.0,20553
8.0,20554
8.0,20555
0.0,20556
8.0,20557
8.0,20558
3.0,20559
8.0,20560
8.0,20561
8.0,20562
8.0,20563
8.0,20564
8.0,20565
8.0,20566
8.0,20567
8.0,20568
8.0,20569
8.0,20570
8.0,20571
8.0,20572
8.0,20573
5.0,20574
8.0,20575
8.0,20576
5.0,20577
8.0,20578
8.0,20579
8.0,20580
6.0,20581
8.0,20582
8.0,20583
8.0,20584
8.0,20585
8.0,20586
8.0,20587
5.0,20588
8.0,20589
8.0,20590
8.0,20591
8.0,20592
3.0,20593
8.0,20594
8.0,20595
8.0,20596
8.0,20597
8.0,20598
0.0,20599
8.0,20600
8.0,20601
8.0,20602
8.0,20603
8.0,20604
8.0,20605
8.0,20606
8.0,20607
8.0,20608
5.0,20609
5.0,20610
5.0,20611
8.0,20612
8.0,20613
8.0,20614
8.0,20615
8.0,20616
8.0,20617
8.0,20618
6.0,20619
8.0,20620
8.0,20621
8.0,20622
5.0,20623
8.0,20624
8.0,20625
8.0,20626
8.0,20627
1.0,20628
8.0,20629
8.0,20630
8.0,20631
8.0,20632
8.0,20633
8.0,20634
8.0,20635
8.0,20636
8.0,20637
8.0,20638
8.0,20639
6.0,20640
8.0,20641
8.0,20642
0.0,20643
8.0,20644
8.0,20645
8.0,20646
1.0,20647
8.0,20648
8.0,20649
8.0,20650
8.0,20651
8.0,20652
8.0,20653
8.0,20654
8.0,20655
8.0,20656
8.0,20657
8.0,20658
6.0,20659
8.0,20660
3.0,20661
8.0,20662
8.0,20663
8.0,20664
1.0,20665
8.0,20666
8.0,20667
8.0,20668
8.0,20669
8.0,20670
8.0,20671
8.0,20672
8.0,20673
8.0,20674
8.0,20675
8.0,20676
8.0,20677
8.0,20678
8.0,20679
8.0,20680
8.0,20681
8.0,20682
8.0,20683
8.0,20684
8.0,20685
8.0,20686
8.0,20687
8.0,20688
8.0,20689
8.0,20690
8.0,20691
8.0,20692
8.0,20693
8.0,20694
8.0,20695
6.0,20696
8.0,20697
8.0,20698
8.0,20699
8.0,20700
6.0,20701
8.0,20702
8.0,20703
0.0,20704
8.0,20705
8.0,20706
8.0,20707
8.0,20708
8.0,20709
8.0,20710
8.0,20711
8.0,20712
8.0,20713
8.0,20714
8.0,20715
8.0,20716
8.0,20717
1.0,20718
8.0,20719
8.0,20720
8.0,20721
8.0,20722
8.0,20723
8.0,20724
8.0,20725
8.0,20726
8.0,20727
8.0,20728
8.0,20729
8.0,20730
8.0,20731
8.0,20732
8.0,20733
8.0,20734
8.0,20735
8.0,20736
8.0,20737
1.0,20738
8.0,20739
8.0,20740
8.0,20741
8.0,20742
8.0,20743
8.0,20744
8.0,20745
8.0,20746
8.0,20747
8.0,20748
8.0,20749
8.0,20750
8.0,20751
8.0,20752
8.0,20753
8.0,20754
8.0,20755
8.0,20756
8.0,20757
8.0,20758
8.0,20759
8.0,20760
8.0,20761
8.0,20762
8.0,20763
8.0,20764
8.0,20765
8.0,20766
8.0,20767
8.0,20768
8.0,20769
8.0,20770
8.0,20771
8.0,20772
8.0,20773
8.0,20774
8.0,20775
8.0,20776
8.0,20777
8.0,20778
8.0,20779
8.0,20780
8.0,20781
8.0,20782
8.0,20783
8.0,20784
8.0,20785
8.0,20786
8.0,20787
8.0,20788
8.0,20789
8.0,20790
8.0,20791
8.0,20792
1.0,20793
8.0,20794
8.0,20795
8.0,20796
8.0,20797
8.0,20798
8.0,20799
8.0,20800
8.0,20801
8.0,20802
8.0,20803
3.0,20804
8.0,20805
8.0,20806
8.0,20807
8.0,20808
8.0,20809
8.0,20810
8.0,20811
8.0,20812
8.0,20813
8.0,20814
8.0,20815
8.0,20816
8.0,20817
8.0,20818
8.0,20819
8.0,20820
8.0,20821
8.0,20822
8.0,20823
8.0,20824
8.0,20825
8.0,20826
8.0,20827
0.0,20828
8.0,20829
8.0,20830
8.0,20831
8.0,20832
8.0,20833
8.0,20834
8.0,20835
8.0,20836
8.0,20837
8.0,20838
8.0,20839
8.0,20840
8.0,20841
8.0,20842
8.0,20843
8.0,20844
8.0,20845
8.0,20846
8.0,20847
8.0,20848
8.0,20849
8.0,20850
8.0,20851
8.0,20852
0.0,20853
1.0,20854
8.0,20855
8.0,20856
8.0,20857
8.0,20858
8.0,20859
8.0,20860
0.0,20861
8.0,20862
8.0,20863
8.0,20864
3.0,20865
8.0,20866
8.0,20867
8.0,20868
8.0,20869
0.0,20870
8.0,20871
8.0,20872
8.0,20873
8.0,20874
8.0,20875
8.0,20876
8.0,20877
8.0,20878
8.0,20879
8.0,20880
8.0,20881
8.0,20882
8.0,20883
0.0,20884
8.0,20885
8.0,20886
8.0,20887
8.0,20888
8.0,20889
8.0,20890
8.0,20891
8.0,20892
8.0,20893
8.0,20894
8.0,20895
8.0,20896
8.0,20897
8.0,20898
8.0,20899
8.0,20900
8.0,20901
8.0,20902
8.0,20903
8.0,20904
8.0,20905
8.0,20906
8.0,20907
8.0,20908
8.0,20909
8.0,20910
8.0,20911
3.0,20912
8.0,20913
8.0,20914
8.0,20915
8.0,20916
8.0,20917
8.0,20918
6.0,20919
8.0,20920
8.0,20921
8.0,20922
8.0,20923
8.0,20924
8.0,20925
8.0,20926
8.0,20927
3.0,20928
6.0,20929
8.0,20930
8.0,20931
8.0,20932
8.0,20933
8.0,20934
8.0,20935
8.0,20936
8.0,20937
8.0,20938
8.0,20939
8.0,20940
8.0,20941
8.0,20942
3.0,20943
8.0,20944
8.0,20945
8.0,20946
0.0,20947
8.0,20948
8.0,20949
8.0,20950
8.0,20951
8.0,20952
8.0,20953
8.0,20954
8.0,20955
8.0,20956
8.0,20957
8.0,20958
8.0,20959
8.0,20960
8.0,20961
8.0,20962
8.0,20963
2.0,20964
2.0,20965
2.0,20966
2.0,20967
2.0,20968
2.0,20969
2.0,20970
2.0,20971
2.0,20972
2.0,20973
2.0,20974
2.0,20975
2.0,20976
2.0,20977
2.0,20978
2.0,20979
3.0,20980
2.0,20981
2.0,20982
2.0,20983
2.0,20984
2.0,20985
2.0,20986
2.0,20987
2.0,20988
2.0,20989
2.0,20990
2.0,20991
2.0,20992
2.0,20993
2.0,20994
2.0,20995
2.0,20996
2.0,20997
2.0,20998
2.0,20999
2.0,21000
2.0,21001
2.0,21002
2.0,21003
2.0,21004
2.0,21005
2.0,21006
2.0,21007
2.0,21008
2.0,21009
2.0,21010
2.0,21011
2.0,21012
2.0,21013
2.0,21014
2.0,21015
2.0,21016
0.0,21017
2.0,21018
2.0,21019
2.0,21020
2.0,21021
2.0,21022
2.0,21023
2.0,21024
2.0,21025
2.0,21026
2.0,21027
2.0,21028
0.0,21029
2.0,21030
2.0,21031
2.0,21032
2.0,21033
2.0,21034
2.0,21035
2.0,21036
2.0,21037
2.0,21038
2.0,21039
2.0,21040
2.0,21041
2.0,21042
2.0,21043
2.0,21044
2.0,21045
2.0,21046
2.0,21047
2.0,21048
2.0,21049
2.0,21050
2.0,21051
2.0,21052
2.0,21053
2.0,21054
2.0,21055
2.0,21056
2.0,21057
2.0,21058
2.0,21059
2.0,21060
2.0,21061
2.0,21062
2.0,21063
2.0,21064
2.0,21065
2.0,21066
2.0,21067
2.0,21068
2.0,21069
2.0,21070
2.0,21071
2.0,21072
2.0,21073
2.0,21074
2.0,21075
2.0,21076
2.0,21077
2.0,21078
2.0,21079
2.0,21080
2.0,21081
2.0,21082
2.0,21083
2.0,21084
2.0,21085
2.0,21086
2.0,21087
2.0,21088
2.0,21089
2.0,21090
2.0,21091
2.0,21092
2.0,21093
2.0,21094
2.0,21095
2.0,21096
2.0,21097
0.0,21098
2.0,21099
2.0,21100
2.0,21101
2.0,21102
2.0,21103
2.0,21104
2.0,21105
2.0,21106
2.0,21107
2.0,21108
2.0,21109
2.0,21110
2.0,21111
2.0,21112
2.0,21113
2.0,21114
2.0,21115
2.0,21116
2.0,21117
2.0,21118
2.0,21119
2.0,21120
2.0,21121
2.0,21122
2.0,21123
0.0,21124
2.0,21125
2.0,21126
2.0,21127
2.0,21128
2.0,21129
2.0,21130
2.0,21131
0.0,21132
2.0,21133
2.0,21134
2.0,21135
2.0,21136
2.0,21137
2.0,21138
2.0,21139
2.0,21140
2.0,21141
2.0,21142
2.0,21143
2.0,21144
2.0,21145
2.0,21146
2.0,21147
2.0,21148
2.0,21149
2.0,21150
2.0,21151
2.0,21152
2.0,21153
2.0,21154
2.0,21155
2.0,21156
2.0,21157
2.0,21158
2.0,21159
2.0,21160
2.0,21161
2.0,21162
2.0,21163
2.0,21164
2.0,21165
2.0,21166
2.0,21167
2.0,21168
2.0,21169
2.0,21170
2.0,21171
2.0,21172
2.0,21173
2.0,21174
2.0,21175
2.0,21176
2.0,21177
2.0,21178
2.0,21179
1.0,21180
2.0,21181
2.0,21182
2.0,21183
2.0,21184
2.0,21185
2.0,21186
2.0,21187
2.0,21188
2.0,21189
2.0,21190
2.0,21191
2.0,21192
2.0,21193
2.0,21194
2.0,21195
2.0,21196
2.0,21197
2.0,21198
2.0,21199
0.0,21200
0.0,21201
2.0,21202
0.0,21203
2.0,21204
2.0,21205
2.0,21206
2.0,21207
2.0,21208
2.0,21209
2.0,21210
0.0,21211
2.0,21212
2.0,21213
0.0,21214
2.0,21215
2.0,21216
0.0,21217
2.0,21218
2.0,21219
0.0,21220
2.0,21221
2.0,21222
2.0,21223
2.0,21224
2.0,21225
2.0,21226
2.0,21227
0.0,21228
2.0,21229
2.0,21230
2.0,21231
6.0,21232
2.0,21233
0.0,21234
2.0,21235
2.0,21236
2.0,21237
2.0,21238
2.0,21239
2.0,21240
2.0,21241
2.0,21242
2.0,21243
2.0,21244
2.0,21245
2.0,21246
2.0,21247
0.0,21248
2.0,21249
0.0,21250
2.0,21251
2.0,21252
2.0,21253
2.0,21254
2.0,21255
2.0,21256
2.0,21257
0.0,21258
2.0,21259
2.0,21260
2.0,21261
0.0,21262
2.0,21263
2.0,21264
2.0,21265
2.0,21266
2.0,21267
0.0,21268
2.0,21269
2.0,21270
2.0,21271
2.0,21272
2.0,21273
2.0,21274
0.0,21275
2.0,21276
2.0,21277
2.0,21278
0.0,21279
2.0,21280
0.0,21281
2.0,21282
2.0,21283
2.0,21284
2.0,21285
2.0,21286
2.0,21287
0.0,21288
2.0,21289
2.0,21290
2.0,21291
2.0,21292
2.0,21293
0.0,21294
0.0,21295
2.0,21296
2.0,21297
2.0,21298
2.0,21299
2.0,21300
2.0,21301
2.0,21302
2.0,21303
2.0,21304
2.0,21305
2.0,21306
2.0,21307
2.0,21308
2.0,21309
0.0,21310
2.0,21311
1.0,21312
2.0,21313
2.0,21314
0.0,21315
2.0,21316
0.0,21317
2.0,21318
2.0,21319
8.0,21320
2.0,21321
2.0,21322
2.0,21323
2.0,21324
2.0,21325
2.0,21326
2.0,21327
2.0,21328
2.0,21329
2.0,21330
2.0,21331
2.0,21332
0.0,21333
0.0,21334
2.0,21335
1.0,21336
2.0,21337
2.0,21338
2.0,21339
2.0,21340
0.0,21341
2.0,21342
2.0,21343
2.0,21344
2.0,21345
2.0,21346
2.0,21347
0.0,21348
2.0,21349
2.0,21350
2.0,21351
2.0,21352
2.0,21353
2.0,21354
2.0,21355
2.0,21356
2.0,21357
2.0,21358
2.0,21359
2.0,21360
2.0,21361
2.0,21362
0.0,21363
2.0,21364
2.0,21365
2.0,21366
2.0,21367
2.0,21368
2.0,21369
2.0,21370
2.0,21371
2.0,21372
6.0,21373
2.0,21374
2.0,21375
2.0,21376
2.0,21377
0.0,21378
2.0,21379
0.0,21380
2.0,21381
2.0,21382
1.0,21383
2.0,21384
2.0,21385
2.0,21386
2.0,21387
2.0,21388
2.0,21389
2.0,21390
2.0,21391
2.0,21392
2.0,21393
2.0,21394
2.0,21395
0.0,21396
2.0,21397
2.0,21398
2.0,21399
2.0,21400
2.0,21401
2.0,21402
2.0,21403
0.0,21404
2.0,21405
0.0,21406
2.0,21407
2.0,21408
2.0,21409
2.0,21410
0.0,21411
2.0,21412
0.0,21413
2.0,21414
2.0,21415
2.0,21416
2.0,21417
2.0,21418
0.0,21419
2.0,21420
2.0,21421
2.0,21422
6.0,21423
0.0,21424
2.0,21425
2.0,21426
2.0,21427
0.0,21428
0.0,21429
2.0,21430
0.0,21431
2.0,21432
2.0,21433
2.0,21434
2.0,21435
2.0,21436
2.0,21437
2.0,21438
2.0,21439
2.0,21440
2.0,21441
0.0,21442
0.0,21443
2.0,21444
0.0,21445
0.0,21446
0.0,21447
2.0,21448
2.0,21449
2.0,21450
2.0,21451
2.0,21452
2.0,21453
2.0,21454
2.0,21455
0.0,21456
2.0,21457
2.0,21458
2.0,21459
2.0,21460
2.0,21461
2.0,21462
2.0,21463
2.0,21464
2.0,21465
2.0,21466
2.0,21467
2.0,21468
2.0,21469
2.0,21470
2.0,21471
2.0,21472
2.0,21473
2.0,21474
2.0,21475
2.0,21476
2.0,21477
2.0,21478
2.0,21479
2.0,21480
2.0,21481
2.0,21482
2.0,21483
0.0,21484
2.0,21485
2.0,21486
2.0,21487
2.0,21488
2.0,21489
2.0,21490
2.0,21491
2.0,21492
2.0,21493
2.0,21494
2.0,21495
2.0,21496
2.0,21497
2.0,21498
2.0,21499
2.0,21500
2.0,21501
2.0,21502
2.0,21503
2.0,21504
2.0,21505
2.0,21506
2.0,21507
2.0,21508
2.0,21509
2.0,21510
0.0,21511
2.0,21512
2.0,21513
2.0,21514
2.0,21515
1.0,21516
2.0,21517
2.0,21518
2.0,21519
2.0,21520
2.0,21521
0.0,21522
2.0,21523
2.0,21524
0.0,21525
2.0,21526
2.0,21527
2.0,21528
2.0,21529
0.0,21530
2.0,21531
2.0,21532
2.0,21533
2.0,21534
2.0,21535
2.0,21536
2.0,21537
2.0,21538
0.0,21539
2.0,21540
0.0,21541
0.0,21542
2.0,21543
2.0,21544
2.0,21545
0.0,21546
2.0,21547
2.0,21548
2.0,21549
0.0,21550
0.0,21551
2.0,21552
2.0,21553
2.0,21554
2.0,21555
2.0,21556
2.0,21557
2.0,21558
2.0,21559
2.0,21560
2.0,21561
2.0,21562
2.0,21563
2.0,21564
2.0,21565
2.0,21566
0.0,21567
2.0,21568
2.0,21569
2.0,21570
2.0,21571
2.0,21572
2.0,21573
2.0,21574
2.0,21575
2.0,21576
0.0,21577
2.0,21578
2.0,21579
2.0,21580
2.0,21581
2.0,21582
8.0,21583
2.0,21584
2.0,21585
2.0,21586
2.0,21587
2.0,21588
2.0,21589
2.0,21590
2.0,21591
2.0,21592
2.0,21593
2.0,21594
0.0,21595
2.0,21596
2.0,21597
2.0,21598
2.0,21599
2.0,21600
2.0,21601
2.0,21602
2.0,21603
2.0,21604
2.0,21605
0.0,21606
2.0,21607
2.0,21608
2.0,21609
2.0,21610
2.0,21611
2.0,21612
2.0,21613
2.0,21614
2.0,21615
2.0,21616
0.0,21617
0.0,21618
2.0,21619
2.0,21620
2.0,21621
2.0,21622
0.0,21623
2.0,21624
2.0,21625
2.0,21626
0.0,21627
2.0,21628
2.0,21629
2.0,21630
2.0,21631
1.0,21632
0.0,21633
0.0,21634
2.0,21635
2.0,21636
2.0,21637
2.0,21638
0.0,21639
2.0,21640
2.0,21641
0.0,21642
2.0,21643
2.0,21644
2.0,21645
2.0,21646
8.0,21647
2.0,21648
2.0,21649
2.0,21650
2.0,21651
2.0,21652
2.0,21653
2.0,21654
0.0,21655
2.0,21656
2.0,21657
2.0,21658
2.0,21659
2.0,21660
2.0,21661
2.0,21662
0.0,21663
2.0,21664
2.0,21665
2.0,21666
2.0,21667
0.0,21668
2.0,21669
2.0,21670
2.0,21671
0.0,21672
2.0,21673
2.0,21674
2.0,21675
2.0,21676
2.0,21677
2.0,21678
2.0,21679
2.0,21680
2.0,21681
2.0,21682
2.0,21683
2.0,21684
2.0,21685
2.0,21686
2.0,21687
2.0,21688
2.0,21689
2.0,21690
2.0,21691
2.0,21692
2.0,21693
2.0,21694
2.0,21695
2.0,21696
2.0,21697
2.0,21698
2.0,21699
2.0,21700
2.0,21701
7.0,21702
2.0,21703
2.0,21704
2.0,21705
2.0,21706
2.0,21707
2.0,21708
2.0,21709
2.0,21710
2.0,21711
2.0,21712
2.0,21713
2.0,21714
2.0,21715
2.0,21716
2.0,21717
2.0,21718
2.0,21719
2.0,21720
0.0,21721
2.0,21722
2.0,21723
2.0,21724
2.0,21725
2.0,21726
0.0,21727
0.0,21728
0.0,21729
0.0,21730
3.0,21731
3.0,21732
0.0,21733
2.0,21734
2.0,21735
2.0,21736
2.0,21737
2.0,21738
2.0,21739
2.0,21740
2.0,21741
2.0,21742
2.0,21743
2.0,21744
2.0,21745
2.0,21746
2.0,21747
0.0,21748
2.0,21749
2.0,21750
2.0,21751
2.0,21752
2.0,21753
2.0,21754
2.0,21755
2.0,21756
2.0,21757
2.0,21758
2.0,21759
2.0,21760
2.0,21761
2.0,21762
2.0,21763
2.0,21764
2.0,21765
2.0,21766
2.0,21767
0.0,21768
2.0,21769
2.0,21770
2.0,21771
2.0,21772
2.0,21773
2.0,21774
2.0,21775
2.0,21776
2.0,21777
2.0,21778
2.0,21779
2.0,21780
2.0,21781
2.0,21782
2.0,21783
2.0,21784
2.0,21785
2.0,21786
2.0,21787
2.0,21788
2.0,21789
2.0,21790
2.0,21791
2.0,21792
2.0,21793
2.0,21794
2.0,21795
2.0,21796
2.0,21797
2.0,21798
2.0,21799
2.0,21800
2.0,21801
0.0,21802
2.0,21803
2.0,21804
2.0,21805
2.0,21806
2.0,21807
2.0,21808
2.0,21809
2.0,21810
2.0,21811
2.0,21812
2.0,21813
2.0,21814
2.0,21815
2.0,21816
2.0,21817
2.0,21818
2.0,21819
2.0,21820
2.0,21821
2.0,21822
2.0,21823
2.0,21824
2.0,21825
2.0,21826
2.0,21827
2.0,21828
2.0,21829
3.0,21830
2.0,21831
2.0,21832
2.0,21833
2.0,21834
2.0,21835
2.0,21836
2.0,21837
2.0,21838
2.0,21839
2.0,21840
2.0,21841
2.0,21842
2.0,21843
2.0,21844
2.0,21845
2.0,21846
2.0,21847
2.0,21848
2.0,21849
2.0,21850
2.0,21851
2.0,21852
2.0,21853
2.0,21854
2.0,21855
2.0,21856
2.0,21857
2.0,21858
2.0,21859
2.0,21860
2.0,21861
2.0,21862
2.0,21863
2.0,21864
2.0,21865
2.0,21866
2.0,21867
2.0,21868
2.0,21869
2.0,21870
2.0,21871
2.0,21872
2.0,21873
2.0,21874
2.0,21875
2.0,21876
2.0,21877
2.0,21878
2.0,21879
2.0,21880
1.0,21881
2.0,21882
2.0,21883
2.0,21884
2.0,21885
2.0,21886
0.0,21887
2.0,21888
2.0,21889
3.0,21890
3.0,21891
2.0,21892
2.0,21893
0.0,21894
2.0,21895
2.0,21896
2.0,21897
2.0,21898
2.0,21899
2.0,21900
2.0,21901
2.0,21902
2.0,21903
2.0,21904
2.0,21905
2.0,21906
2.0,21907
2.0,21908
2.0,21909
2.0,21910
2.0,21911
2.0,21912
2.0,21913
2.0,21914
2.0,21915
2.0,21916
2.0,21917
2.0,21918
2.0,21919
2.0,21920
0.0,21921
2.0,21922
0.0,21923
3.0,21924
3.0,21925
2.0,21926
2.0,21927
2.0,21928
2.0,21929
2.0,21930
2.0,21931
2.0,21932
2.0,21933
2.0,21934
2.0,21935
2.0,21936
2.0,21937
2.0,21938
2.0,21939
2.0,21940
2.0,21941
2.0,21942
2.0,21943
2.0,21944
2.0,21945
3.0,21946
2.0,21947
2.0,21948
2.0,21949
2.0,21950
2.0,21951
2.0,21952
2.0,21953
2.0,21954
2.0,21955
2.0,21956
2.0,21957
2.0,21958
2.0,21959
0.0,21960
2.0,21961
0.0,21962
2.0,21963
2.0,21964
2.0,21965
2.0,21966
2.0,21967
2.0,21968
2.0,21969
0.0,21970
2.0,21971
0.0,21972
2.0,21973
2.0,21974
2.0,21975
2.0,21976
2.0,21977
2.0,21978
2.0,21979
2.0,21980
2.0,21981
2.0,21982
2.0,21983
2.0,21984
2.0,21985
2.0,21986
2.0,21987
2.0,21988
2.0,21989
2.0,21990
2.0,21991
2.0,21992
2.0,21993
2.0,21994
2.0,21995
2.0,21996
2.0,21997
2.0,21998
2.0,21999
2.0,22000
2.0,22001
2.0,22002
2.0,22003
3.0,22004
0.0,22005
0.0,22006
2.0,22007
2.0,22008
2.0,22009
2.0,22010
2.0,22011
2.0,22012
2.0,22013
2.0,22014
2.0,22015
2.0,22016
2.0,22017
2.0,22018
0.0,22019
8.0,22020
2.0,22021
2.0,22022
2.0,22023
2.0,22024
2.0,22025
2.0,22026
2.0,22027
2.0,22028
2.0,22029
2.0,22030
2.0,22031
2.0,22032
2.0,22033
2.0,22034
2.0,22035
2.0,22036
2.0,22037
2.0,22038
2.0,22039
2.0,22040
2.0,22041
2.0,22042
2.0,22043
2.0,22044
2.0,22045
2.0,22046
2.0,22047
2.0,22048
2.0,22049
2.0,22050
2.0,22051
2.0,22052
2.0,22053
2.0,22054
2.0,22055
2.0,22056
2.0,22057
2.0,22058
2.0,22059
2.0,22060
2.0,22061
2.0,22062
2.0,22063
2.0,22064
2.0,22065
2.0,22066
2.0,22067
2.0,22068
2.0,22069
2.0,22070
2.0,22071
2.0,22072
2.0,22073
2.0,22074
2.0,22075
2.0,22076
2.0,22077
2.0,22078
2.0,22079
2.0,22080
2.0,22081
0.0,22082
2.0,22083
2.0,22084
2.0,22085
2.0,22086
2.0,22087
2.0,22088
2.0,22089
2.0,22090
2.0,22091
2.0,22092
2.0,22093
2.0,22094
2.0,22095
2.0,22096
0.0,22097
0.0,22098
2.0,22099
0.0,22100
2.0,22101
2.0,22102
2.0,22103
2.0,22104
2.0,22105
2.0,22106
2.0,22107
2.0,22108
2.0,22109
2.0,22110
2.0,22111
2.0,22112
3.0,22113
2.0,22114
2.0,22115
2.0,22116
2.0,22117
2.0,22118
2.0,22119
2.0,22120
2.0,22121
2.0,22122
2.0,22123
2.0,22124
2.0,22125
2.0,22126
2.0,22127
2.0,22128
2.0,22129
2.0,22130
2.0,22131
2.0,22132
2.0,22133
2.0,22134
2.0,22135
2.0,22136
2.0,22137
2.0,22138
2.0,22139
2.0,22140
2.0,22141
2.0,22142
2.0,22143
2.0,22144
2.0,22145
2.0,22146
2.0,22147
2.0,22148
2.0,22149
2.0,22150
2.0,22151
0.0,22152
2.0,22153
2.0,22154
2.0,22155
2.0,22156
2.0,22157
2.0,22158
2.0,22159
2.0,22160
2.0,22161
2.0,22162
2.0,22163
2.0,22164
2.0,22165
2.0,22166
2.0,22167
2.0,22168
2.0,22169
5.0,22170
5.0,22171
5.0,22172
5.0,22173
5.0,22174
5.0,22175
5.0,22176
5.0,22177
5.0,22178
5.0,22179
5.0,22180
5.0,22181
5.0,22182
5.0,22183
5.0,22184
5.0,22185
5.0,22186
5.0,22187
5.0,22188
5.0,22189
5.0,22190
5.0,22191
5.0,22192
5.0,22193
5.0,22194
5.0,22195
5.0,22196
5.0,22197
5.0,22198
5.0,22199
5.0,22200
5.0,22201
5.0,22202
5.0,22203
5.0,22204
5.0,22205
5.0,22206
5.0,22207
5.0,22208
5.0,22209
5.0,22210
5.0,22211
5.0,22212
5.0,22213
5.0,22214
5.0,22215
5.0,22216
5.0,22217
5.0,22218
5.0,22219
5.0,22220
5.0,22221
5.0,22222
5.0,22223
5.0,22224
5.0,22225
5.0,22226
5.0,22227
5.0,22228
8.0,22229
5.0,22230
5.0,22231
5.0,22232
5.0,22233
5.0,22234
5.0,22235
5.0,22236
5.0,22237
5.0,22238
5.0,22239
5.0,22240
5.0,22241
5.0,22242
5.0,22243
5.0,22244
5.0,22245
5.0,22246
1.0,22247
5.0,22248
5.0,22249
5.0,22250
5.0,22251
5.0,22252
5.0,22253
5.0,22254
5.0,22255
5.0,22256
5.0,22257
0.0,22258
0.0,22259
5.0,22260
0.0,22261
5.0,22262
5.0,22263
5.0,22264
5.0,22265
5.0,22266
5.0,22267
5.0,22268
5.0,22269
5.0,22270
5.0,22271
5.0,22272
5.0,22273
5.0,22274
5.0,22275
5.0,22276
0.0,22277
5.0,22278
5.0,22279
5.0,22280
5.0,22281
5.0,22282
5.0,22283
5.0,22284
5.0,22285
0.0,22286
5.0,22287
5.0,22288
5.0,22289
5.0,22290
5.0,22291
5.0,22292
5.0,22293
5.0,22294
5.0,22295
5.0,22296
5.0,22297
8.0,22298
0.0,22299
5.0,22300
5.0,22301
5.0,22302
5.0,22303
5.0,22304
0.0,22305
5.0,22306
5.0,22307
5.0,22308
5.0,22309
8.0,22310
5.0,22311
5.0,22312
5.0,22313
5.0,22314
5.0,22315
5.0,22316
5.0,22317
5.0,22318
5.0,22319
5.0,22320
0.0,22321
5.0,22322
5.0,22323
5.0,22324
5.0,22325
5.0,22326
5.0,22327
5.0,22328
5.0,22329
5.0,22330
5.0,22331
5.0,22332
5.0,22333
5.0,22334
5.0,22335
5.0,22336
5.0,22337
5.0,22338
5.0,22339
5.0,22340
8.0,22341
5.0,22342
8.0,22343
5.0,22344
5.0,22345
5.0,22346
5.0,22347
5.0,22348
5.0,22349
0.0,22350
0.0,22351
5.0,22352
5.0,22353
5.0,22354
5.0,22355
5.0,22356
5.0,22357
5.0,22358
5.0,22359
5.0,22360
5.0,22361
5.0,22362
5.0,22363
0.0,22364
5.0,22365
5.0,22366
5.0,22367
5.0,22368
5.0,22369
5.0,22370
5.0,22371
5.0,22372
5.0,22373
5.0,22374
5.0,22375
5.0,22376
5.0,22377
5.0,22378
5.0,22379
5.0,22380
5.0,22381
5.0,22382
5.0,22383
5.0,22384
5.0,22385
5.0,22386
5.0,22387
5.0,22388
5.0,22389
5.0,22390
5.0,22391
5.0,22392
5.0,22393
5.0,22394
5.0,22395
5.0,22396
5.0,22397
5.0,22398
5.0,22399
5.0,22400
5.0,22401
5.0,22402
5.0,22403
5.0,22404
5.0,22405
5.0,22406
5.0,22407
5.0,22408
5.0,22409
5.0,22410
5.0,22411
5.0,22412
5.0,22413
5.0,22414
4.0,22415
4.0,22416
4.0,22417
4.0,22418
4.0,22419
4.0,22420
4.0,22421
4.0,22422
4.0,22423
4.0,22424
4.0,22425
4.0,22426
4.0,22427
4.0,22428
4.0,22429
4.0,22430
4.0,22431
4.0,22432
4.0,22433
4.0,22434
4.0,22435
4.0,22436
4.0,22437
4.0,22438
4.0,22439
4.0,22440
4.0,22441
4.0,22442
4.0,22443
4.0,22444
4.0,22445
4.0,22446
4.0,22447
4.0,22448
4.0,22449
4.0,22450
4.0,22451
4.0,22452
4.0,22453
4.0,22454
4.0,22455
4.0,22456
4.0,22457
4.0,22458
4.0,22459
4.0,22460
4.0,22461
4.0,22462
4.0,22463
4.0,22464
4.0,22465
4.0,22466
4.0,22467
4.0,22468
4.0,22469
4.0,22470
4.0,22471
4.0,22472
4.0,22473
4.0,22474
4.0,22475
4.0,22476
4.0,22477
4.0,22478
4.0,22479
4.0,22480
4.0,22481
4.0,22482
4.0,22483
4.0,22484
4.0,22485
4.0,22486
4.0,22487
4.0,22488
4.0,22489
4.0,22490
4.0,22491
4.0,22492
4.0,22493
4.0,22494
4.0,22495
4.0,22496
4.0,22497
4.0,22498
4.0,22499
4.0,22500
4.0,22501
4.0,22502
4.0,22503
4.0,22504
4.0,22505
4.0,22506
4.0,22507
4.0,22508
4.0,22509
4.0,22510
4.0,22511
4.0,22512
4.0,22513
4.0,22514
4.0,22515
4.0,22516
4.0,22517
4.0,22518
4.0,22519
4.0,22520
4.0,22521
4.0,22522
4.0,22523
4.0,22524
4.0,22525
4.0,22526
4.0,22527
4.0,22528
4.0,22529
4.0,22530
4.0,22531
4.0,22532
4.0,22533
4.0,22534
4.0,22535
4.0,22536
4.0,22537
4.0,22538
4.0,22539
4.0,22540
4.0,22541
4.0,22542
4.0,22543
4.0,22544
4.0,22545
4.0,22546
4.0,22547
4.0,22548
4.0,22549
4.0,22550
4.0,22551
4.0,22552
4.0,22553
4.0,22554
4.0,22555
4.0,22556
4.0,22557
4.0,22558
4.0,22559
4.0,22560
4.0,22561
4.0,22562
4.0,22563
4.0,22564
4.0,22565
4.0,22566
4.0,22567
4.0,22568
4.0,22569
4.0,22570
4.0,22571
4.0,22572
4.0,22573
4.0,22574
4.0,22575
4.0,22576
4.0,22577
4.0,22578
4.0,22579
4.0,22580
4.0,22581
4.0,22582
4.0,22583
4.0,22584
4.0,22585
4.0,22586
4.0,22587
4.0,22588
4.0,22589
4.0,22590
4.0,22591
4.0,22592
4.0,22593
4.0,22594
4.0,22595
4.0,22596
4.0,22597
4.0,22598
4.0,22599
4.0,22600
4.0,22601
4.0,22602
4.0,22603
4.0,22604
4.0,22605
4.0,22606
4.0,22607
4.0,22608
4.0,22609
4.0,22610
4.0,22611
4.0,22612
4.0,22613
4.0,22614
4.0,22615
4.0,22616
4.0,22617
4.0,22618
4.0,22619
4.0,22620
4.0,22621
4.0,22622
4.0,22623
4.0,22624
4.0,22625
4.0,22626
4.0,22627
4.0,22628
4.0,22629
4.0,22630
4.0,22631
4.0,22632
4.0,22633
4.0,22634
4.0,22635
4.0,22636
4.0,22637
4.0,22638
4.0,22639
4.0,22640
4.0,22641
4.0,22642
4.0,22643
4.0,22644
4.0,22645
4.0,22646
4.0,22647
4.0,22648
4.0,22649
4.0,22650
4.0,22651
4.0,22652
4.0,22653
4.0,22654
4.0,22655
4.0,22656
4.0,22657
4.0,22658
4.0,22659
4.0,22660
4.0,22661
4.0,22662
4.0,22663
4.0,22664
4.0,22665
4.0,22666
4.0,22667
4.0,22668
4.0,22669
4.0,22670
4.0,22671
4.0,22672
4.0,22673
4.0,22674
4.0,22675
4.0,22676
4.0,22677
4.0,22678
4.0,22679
4.0,22680
4.0,22681
4.0,22682
4.0,22683
4.0,22684
4.0,22685
4.0,22686
4.0,22687
4.0,22688
4.0,22689
4.0,22690
4.0,22691
4.0,22692
4.0,22693
4.0,22694
4.0,22695
4.0,22696
4.0,22697
4.0,22698
4.0,22699
4.0,22700
4.0,22701
4.0,22702
4.0,22703
4.0,22704
4.0,22705
4.0,22706
4.0,22707
4.0,22708
4.0,22709
4.0,22710
4.0,22711
4.0,22712
4.0,22713
4.0,22714
4.0,22715
4.0,22716
4.0,22717
4.0,22718
4.0,22719
4.0,22720
4.0,22721
4.0,22722
4.0,22723
4.0,22724
4.0,22725
4.0,22726
4.0,22727
4.0,22728
4.0,22729
4.0,22730
4.0,22731
4.0,22732
4.0,22733
4.0,22734
4.0,22735
4.0,22736
4.0,22737
4.0,22738
4.0,22739
4.0,22740
4.0,22741
4.0,22742
4.0,22743
4.0,22744
4.0,22745
4.0,22746
4.0,22747
4.0,22748
4.0,22749
4.0,22750
4.0,22751
4.0,22752
4.0,22753
4.0,22754
4.0,22755
4.0,22756
0.0,22757
4.0,22758
4.0,22759
6.0,22760
4.0,22761
0.0,22762
4.0,22763
0.0,22764
4.0,22765
4.0,22766
2.0,22767
4.0,22768
4.0,22769
0.0,22770
4.0,22771
4.0,22772
4.0,22773
4.0,22774
4.0,22775
4.0,22776
1.0,22777
4.0,22778
4.0,22779
4.0,22780
4.0,22781
0.0,22782
4.0,22783
1.0,22784
0.0,22785
4.0,22786
4.0,22787
1.0,22788
4.0,22789
0.0,22790
4.0,22791
4.0,22792
4.0,22793
4.0,22794
4.0,22795
4.0,22796
4.0,22797
4.0,22798
4.0,22799
4.0,22800
4.0,22801
4.0,22802
4.0,22803
0.0,22804
4.0,22805
1.0,22806
4.0,22807
0.0,22808
4.0,22809
4.0,22810
4.0,22811
4.0,22812
4.0,22813
4.0,22814
4.0,22815
4.0,22816
4.0,22817
4.0,22818
4.0,22819
4.0,22820
4.0,22821
4.0,22822
4.0,22823
4.0,22824
0.0,22825
4.0,22826
4.0,22827
4.0,22828
4.0,22829
4.0,22830
4.0,22831
4.0,22832
0.0,22833
4.0,22834
4.0,22835
4.0,22836
4.0,22837
4.0,22838
4.0,22839
4.0,22840
4.0,22841
4.0,22842
4.0,22843
0.0,22844
4.0,22845
4.0,22846
4.0,22847
4.0,22848
4.0,22849
4.0,22850
4.0,22851
4.0,22852
4.0,22853
0.0,22854
4.0,22855
4.0,22856
4.0,22857
4.0,22858
4.0,22859
4.0,22860
4.0,22861
4.0,22862
0.0,22863
0.0,22864
4.0,22865
6.0,22866
0.0,22867
4.0,22868
0.0,22869
4.0,22870
4.0,22871
4.0,22872
4.0,22873
4.0,22874
4.0,22875
4.0,22876
4.0,22877
4.0,22878
4.0,22879
4.0,22880
4.0,22881
4.0,22882
4.0,22883
4.0,22884
4.0,22885
4.0,22886
4.0,22887
4.0,22888
4.0,22889
4.0,22890
4.0,22891
4.0,22892
4.0,22893
4.0,22894
4.0,22895
4.0,22896
4.0,22897
4.0,22898
4.0,22899
4.0,22900
4.0,22901
4.0,22902
4.0,22903
4.0,22904
4.0,22905
4.0,22906
4.0,22907
4.0,22908
0.0,22909
4.0,22910
4.0,22911
4.0,22912
1.0,22913
4.0,22914
4.0,22915
4.0,22916
4.0,22917
4.0,22918
1.0,22919
0.0,22920
4.0,22921
4.0,22922
4.0,22923
4.0,22924
1.0,22925
4.0,22926
4.0,22927
4.0,22928
6.0,22929
4.0,22930
4.0,22931
4.0,22932
4.0,22933
4.0,22934
4.0,22935
4.0,22936
4.0,22937
4.0,22938
4.0,22939
4.0,22940
4.0,22941
4.0,22942
0.0,22943
4.0,22944
4.0,22945
4.0,22946
4.0,22947
2.0,22948
4.0,22949
4.0,22950
4.0,22951
4.0,22952
4.0,22953
6.0,22954
4.0,22955
4.0,22956
4.0,22957
1.0,22958
1.0,22959
4.0,22960
4.0,22961
4.0,22962
4.0,22963
4.0,22964
1.0,22965
4.0,22966
0.0,22967
4.0,22968
4.0,22969
4.0,22970
4.0,22971
4.0,22972
4.0,22973
4.0,22974
4.0,22975
4.0,22976
4.0,22977
4.0,22978
4.0,22979
4.0,22980
4.0,22981
4.0,22982
4.0,22983
4.0,22984
4.0,22985
4.0,22986
4.0,22987
4.0,22988
4.0,22989
4.0,22990
4.0,22991
4.0,22992
4.0,22993
4.0,22994
4.0,22995
4.0,22996
4.0,22997
4.0,22998
4.0,22999
4.0,23000
4.0,23001
4.0,23002
4.0,23003
4.0,23004
4.0,23005
0.0,23006
4.0,23007
4.0,23008
4.0,23009
4.0,23010
4.0,23011
4.0,23012
4.0,23013
4.0,23014
4.0,23015
4.0,23016
4.0,23017
4.0,23018
4.0,23019
4.0,23020
4.0,23021
4.0,23022
4.0,23023
0.0,23024
4.0,23025
4.0,23026
4.0,23027
4.0,23028
4.0,23029
4.0,23030
4.0,23031
4.0,23032
0.0,23033
4.0,23034
4.0,23035
4.0,23036
0.0,23037
4.0,23038
4.0,23039
4.0,23040
4.0,23041
4.0,23042
4.0,23043
4.0,23044
4.0,23045
4.0,23046
4.0,23047
4.0,23048
0.0,23049
4.0,23050
4.0,23051
4.0,23052
4.0,23053
4.0,23054
0.0,23055
4.0,23056
4.0,23057
4.0,23058
4.0,23059
4.0,23060
4.0,23061
4.0,23062
4.0,23063
4.0,23064
4.0,23065
4.0,23066
4.0,23067
4.0,23068
4.0,23069
4.0,23070
4.0,23071
4.0,23072
4.0,23073
4.0,23074
4.0,23075
4.0,23076
4.0,23077
4.0,23078
4.0,23079
4.0,23080
4.0,23081
4.0,23082
4.0,23083
4.0,23084
4.0,23085
4.0,23086
4.0,23087
4.0,23088
4.0,23089
4.0,23090
4.0,23091
4.0,23092
4.0,23093
4.0,23094
4.0,23095
4.0,23096
4.0,23097
1.0,23098
4.0,23099
4.0,23100
4.0,23101
4.0,23102
4.0,23103
4.0,23104
4.0,23105
4.0,23106
4.0,23107
4.0,23108
4.0,23109
4.0,23110
4.0,23111
4.0,23112
4.0,23113
0.0,23114
4.0,23115
4.0,23116
0.0,23117
6.0,23118
4.0,23119
4.0,23120
4.0,23121
4.0,23122
4.0,23123
4.0,23124
4.0,23125
4.0,23126
4.0,23127
6.0,23128
4.0,23129
4.0,23130
4.0,23131
4.0,23132
4.0,23133
4.0,23134
4.0,23135
4.0,23136
4.0,23137
4.0,23138
4.0,23139
4.0,23140
0.0,23141
4.0,23142
4.0,23143
4.0,23144
6.0,23145
4.0,23146
4.0,23147
4.0,23148
4.0,23149
4.0,23150
4.0,23151
6.0,23152
4.0,23153
4.0,23154
4.0,23155
4.0,23156
4.0,23157
4.0,23158
4.0,23159
4.0,23160
4.0,23161
4.0,23162
4.0,23163
4.0,23164
4.0,23165
4.0,23166
4.0,23167
4.0,23168
4.0,23169
4.0,23170
4.0,23171
4.0,23172
4.0,23173
4.0,23174
4.0,23175
4.0,23176
4.0,23177
4.0,23178
4.0,23179
4.0,23180
0.0,23181
4.0,23182
4.0,23183
4.0,23184
4.0,23185
4.0,23186
4.0,23187
4.0,23188
4.0,23189
4.0,23190
4.0,23191
4.0,23192
4.0,23193
0.0,23194
4.0,23195
4.0,23196
4.0,23197
4.0,23198
4.0,23199
4.0,23200
4.0,23201
4.0,23202
4.0,23203
4.0,23204
4.0,23205
4.0,23206
4.0,23207
4.0,23208
4.0,23209
4.0,23210
4.0,23211
4.0,23212
4.0,23213
4.0,23214
4.0,23215
4.0,23216
4.0,23217
4.0,23218
4.0,23219
4.0,23220
4.0,23221
4.0,23222
4.0,23223
4.0,23224
4.0,23225
4.0,23226
4.0,23227
4.0,23228
4.0,23229
4.0,23230
4.0,23231
4.0,23232
4.0,23233
4.0,23234
4.0,23235
4.0,23236
4.0,23237
4.0,23238
4.0,23239
4.0,23240
4.0,23241
4.0,23242
4.0,23243
4.0,23244
4.0,23245
4.0,23246
4.0,23247
4.0,23248
4.0,23249
4.0,23250
4.0,23251
4.0,23252
4.0,23253
4.0,23254
4.0,23255
4.0,23256
4.0,23257
4.0,23258
4.0,23259
4.0,23260
4.0,23261
4.0,23262
4.0,23263
4.0,23264
4.0,23265
4.0,23266
4.0,23267
4.0,23268
4.0,23269
4.0,23270
4.0,23271
4.0,23272
4.0,23273
4.0,23274
4.0,23275
4.0,23276
4.0,23277
4.0,23278
3.0,23279
4.0,23280
4.0,23281
0.0,23282
4.0,23283
4.0,23284
4.0,23285
4.0,23286
4.0,23287
4.0,23288
4.0,23289
4.0,23290
4.0,23291
4.0,23292
4.0,23293
4.0,23294
4.0,23295
4.0,23296
0.0,23297
4.0,23298
4.0,23299
4.0,23300
4.0,23301
4.0,23302
4.0,23303
4.0,23304
4.0,23305
4.0,23306
4.0,23307
4.0,23308
4.0,23309
4.0,23310
4.0,23311
4.0,23312
4.0,23313
4.0,23314
4.0,23315
4.0,23316
4.0,23317
4.0,23318
4.0,23319
4.0,23320
4.0,23321
4.0,23322
4.0,23323
4.0,23324
4.0,23325
4.0,23326
4.0,23327
4.0,23328
4.0,23329
4.0,23330
4.0,23331
4.0,23332
4.0,23333
4.0,23334
4.0,23335
4.0,23336
4.0,23337
4.0,23338
3.0,23339
4.0,23340
4.0,23341
4.0,23342
4.0,23343
4.0,23344
4.0,23345
4.0,23346
4.0,23347
4.0,23348
4.0,23349
4.0,23350
4.0,23351
4.0,23352
4.0,23353
4.0,23354
4.0,23355
4.0,23356
4.0,23357
4.0,23358
4.0,23359
4.0,23360
4.0,23361
4.0,23362
4.0,23363
4.0,23364
4.0,23365
4.0,23366
4.0,23367
4.0,23368
4.0,23369
4.0,23370
4.0,23371
4.0,23372
4.0,23373
4.0,23374
4.0,23375
4.0,23376
4.0,23377
4.0,23378
4.0,23379
4.0,23380
4.0,23381
4.0,23382
4.0,23383
4.0,23384
4.0,23385
4.0,23386
4.0,23387
4.0,23388
4.0,23389
4.0,23390
4.0,23391
4.0,23392
4.0,23393
4.0,23394
4.0,23395
4.0,23396
4.0,23397
4.0,23398
4.0,23399
4.0,23400
4.0,23401
4.0,23402
4.0,23403
4.0,23404
4.0,23405
4.0,23406
4.0,23407
4.0,23408
4.0,23409
4.0,23410
4.0,23411
4.0,23412
4.0,23413
4.0,23414
4.0,23415
4.0,23416
4.0,23417
4.0,23418
4.0,23419
4.0,23420
4.0,23421
4.0,23422
4.0,23423
4.0,23424
4.0,23425
4.0,23426
4.0,23427
4.0,23428
4.0,23429
4.0,23430
4.0,23431
4.0,23432
4.0,23433
4.0,23434
4.0,23435
4.0,23436
4.0,23437
4.0,23438
4.0,23439
4.0,23440
4.0,23441
4.0,23442
4.0,23443
4.0,23444
4.0,23445
4.0,23446
6.0,23447
4.0,23448
4.0,23449
6.0,23450
4.0,23451
4.0,23452
4.0,23453
4.0,23454
4.0,23455
4.0,23456
4.0,23457
4.0,23458
4.0,23459
4.0,23460
4.0,23461
4.0,23462
4.0,23463
4.0,23464
4.0,23465
4.0,23466
4.0,23467
4.0,23468
4.0,23469
4.0,23470
4.0,23471
4.0,23472
4.0,23473
4.0,23474
4.0,23475
4.0,23476
4.0,23477
4.0,23478
4.0,23479
4.0,23480
4.0,23481
4.0,23482
4.0,23483
4.0,23484
4.0,23485
4.0,23486
4.0,23487
4.0,23488
4.0,23489
4.0,23490
4.0,23491
4.0,23492
4.0,23493
4.0,23494
4.0,23495
4.0,23496
4.0,23497
4.0,23498
4.0,23499
4.0,23500
4.0,23501
4.0,23502
4.0,23503
4.0,23504
4.0,23505
4.0,23506
4.0,23507
4.0,23508
4.0,23509
4.0,23510
4.0,23511
4.0,23512
4.0,23513
4.0,23514
4.0,23515
4.0,23516
4.0,23517
4.0,23518
4.0,23519
4.0,23520
4.0,23521
4.0,23522
4.0,23523
4.0,23524
4.0,23525
4.0,23526
4.0,23527
4.0,23528
4.0,23529
4.0,23530
4.0,23531
4.0,23532
4.0,23533
4.0,23534
4.0,23535
4.0,23536
4.0,23537
4.0,23538
4.0,23539
4.0,23540
4.0,23541
4.0,23542
4.0,23543
4.0,23544
4.0,23545
4.0,23546
4.0,23547
4.0,23548
4.0,23549
4.0,23550
4.0,23551
4.0,23552
4.0,23553
4.0,23554
4.0,23555
4.0,23556
4.0,23557
4.0,23558
4.0,23559
4.0,23560
4.0,23561
4.0,23562
4.0,23563
4.0,23564
4.0,23565
4.0,23566
4.0,23567
4.0,23568
4.0,23569
4.0,23570
4.0,23571
4.0,23572
4.0,23573
4.0,23574
4.0,23575
4.0,23576
4.0,23577
4.0,23578
4.0,23579
4.0,23580
4.0,23581
4.0,23582
4.0,23583
4.0,23584
4.0,23585
4.0,23586
4.0,23587
4.0,23588
4.0,23589
4.0,23590
4.0,23591
4.0,23592
4.0,23593
4.0,23594
4.0,23595
4.0,23596
4.0,23597
4.0,23598
4.0,23599
4.0,23600
4.0,23601
4.0,23602
4.0,23603
4.0,23604
4.0,23605
4.0,23606
4.0,23607
4.0,23608
4.0,23609
4.0,23610
4.0,23611
4.0,23612
4.0,23613
4.0,23614
4.0,23615
4.0,23616
4.0,23617
4.0,23618
4.0,23619
4.0,23620
4.0,23621
4.0,23622
4.0,23623
4.0,23624
4.0,23625
4.0,23626
4.0,23627
4.0,23628
4.0,23629
4.0,23630
4.0,23631
6.0,23632
4.0,23633
4.0,23634
4.0,23635
4.0,23636
4.0,23637
4.0,23638
4.0,23639
4.0,23640
4.0,23641
4.0,23642
4.0,23643
4.0,23644
4.0,23645
4.0,23646
4.0,23647
4.0,23648
4.0,23649
4.0,23650
4.0,23651
4.0,23652
4.0,23653
4.0,23654
4.0,23655
4.0,23656
4.0,23657
4.0,23658
4.0,23659
4.0,23660
4.0,23661
4.0,23662
4.0,23663
4.0,23664
4.0,23665
4.0,23666
4.0,23667
4.0,23668
4.0,23669
4.0,23670
6.0,23671
4.0,23672
4.0,23673
4.0,23674
4.0,23675
4.0,23676
4.0,23677
4.0,23678
4.0,23679
4.0,23680
4.0,23681
4.0,23682
4.0,23683
4.0,23684
4.0,23685
4.0,23686
4.0,23687
4.0,23688
4.0,23689
4.0,23690
4.0,23691
4.0,23692
4.0,23693
4.0,23694
4.0,23695
4.0,23696
4.0,23697
4.0,23698
4.0,23699
4.0,23700
4.0,23701
4.0,23702
4.0,23703
4.0,23704
4.0,23705
4.0,23706
4.0,23707
4.0,23708
4.0,23709
4.0,23710
4.0,23711
4.0,23712
4.0,23713
4.0,23714
4.0,23715
4.0,23716
4.0,23717
4.0,23718
4.0,23719
4.0,23720
4.0,23721
4.0,23722
4.0,23723
4.0,23724
4.0,23725
4.0,23726
4.0,23727
4.0,23728
4.0,23729
4.0,23730
4.0,23731
4.0,23732
4.0,23733
4.0,23734
4.0,23735
4.0,23736
4.0,23737
4.0,23738
4.0,23739
4.0,23740
4.0,23741
4.0,23742
4.0,23743
4.0,23744
4.0,23745
4.0,23746
4.0,23747
4.0,23748
4.0,23749
4.0,23750
2.0,23751
4.0,23752
4.0,23753
4.0,23754
4.0,23755
4.0,23756
4.0,23757
4.0,23758
4.0,23759
4.0,23760
4.0,23761
4.0,23762
4.0,23763
4.0,23764
4.0,23765
4.0,23766
4.0,23767
4.0,23768
4.0,23769
4.0,23770
4.0,23771
4.0,23772
4.0,23773
4.0,23774
4.0,23775
4.0,23776
4.0,23777
4.0,23778
4.0,23779
4.0,23780
4.0,23781
4.0,23782
4.0,23783
4.0,23784
4.0,23785
4.0,23786
4.0,23787
2.0,23788
4.0,23789
4.0,23790
4.0,23791
4.0,23792
4.0,23793
4.0,23794
4.0,23795
4.0,23796
4.0,23797
4.0,23798
2.0,23799
4.0,23800
4.0,23801
4.0,23802
4.0,23803
4.0,23804
4.0,23805
4.0,23806
4.0,23807
4.0,23808
4.0,23809
4.0,23810
4.0,23811
4.0,23812
4.0,23813
4.0,23814
4.0,23815
4.0,23816
4.0,23817
4.0,23818
4.0,23819
4.0,23820
4.0,23821
4.0,23822
4.0,23823
4.0,23824
4.0,23825
0.0,23826
4.0,23827
4.0,23828
4.0,23829
4.0,23830
4.0,23831
4.0,23832
4.0,23833
4.0,23834
4.0,23835
4.0,23836
4.0,23837
4.0,23838
4.0,23839
4.0,23840
4.0,23841
4.0,23842
4.0,23843
4.0,23844
4.0,23845
4.0,23846
4.0,23847
4.0,23848
4.0,23849
4.0,23850
4.0,23851
4.0,23852
4.0,23853
4.0,23854
4.0,23855
4.0,23856
4.0,23857
4.0,23858
4.0,23859
4.0,23860
4.0,23861
4.0,23862
4.0,23863
4.0,23864
4.0,23865
4.0,23866
4.0,23867
4.0,23868
4.0,23869
4.0,23870
4.0,23871
4.0,23872
4.0,23873
0.0,23874
4.0,23875
4.0,23876
4.0,23877
4.0,23878
4.0,23879
4.0,23880
4.0,23881
4.0,23882
4.0,23883
4.0,23884
4.0,23885
4.0,23886
4.0,23887
4.0,23888
4.0,23889
4.0,23890
4.0,23891
4.0,23892
4.0,23893
4.0,23894
4.0,23895
4.0,23896
4.0,23897
4.0,23898
4.0,23899
4.0,23900
4.0,23901
4.0,23902
4.0,23903
4.0,23904
4.0,23905
4.0,23906
4.0,23907
4.0,23908
4.0,23909
0.0,23910
0.0,23911
4.0,23912
4.0,23913
4.0,23914
4.0,23915
4.0,23916
4.0,23917
4.0,23918
4.0,23919
4.0,23920
0.0,23921
4.0,23922
4.0,23923
4.0,23924
4.0,23925
4.0,23926
4.0,23927
4.0,23928
4.0,23929
4.0,23930
4.0,23931
4.0,23932
4.0,23933
4.0,23934
4.0,23935
4.0,23936
4.0,23937
4.0,23938
4.0,23939
4.0,23940
4.0,23941
4.0,23942
1.0,23943
4.0,23944
4.0,23945
4.0,23946
4.0,23947
4.0,23948
4.0,23949
4.0,23950
4.0,23951
4.0,23952
4.0,23953
4.0,23954
4.0,23955
4.0,23956
4.0,23957
4.0,23958
4.0,23959
4.0,23960
4.0,23961
4.0,23962
4.0,23963
4.0,23964
4.0,23965
4.0,23966
4.0,23967
4.0,23968
4.0,23969
4.0,23970
4.0,23971
4.0,23972
4.0,23973
4.0,23974
4.0,23975
4.0,23976
4.0,23977
4.0,23978
4.0,23979
4.0,23980
4.0,23981
4.0,23982
4.0,23983
4.0,23984
4.0,23985
4.0,23986
4.0,23987
4.0,23988
4.0,23989
4.0,23990
2.0,23991
4.0,23992
4.0,23993
4.0,23994
4.0,23995
4.0,23996
4.0,23997
4.0,23998
4.0,23999
4.0,24000
4.0,24001
4.0,24002
4.0,24003
4.0,24004
4.0,24005
4.0,24006
4.0,24007
4.0,24008
4.0,24009
4.0,24010
4.0,24011
4.0,24012
4.0,24013
4.0,24014
4.0,24015
4.0,24016
4.0,24017
4.0,24018
4.0,24019
4.0,24020
4.0,24021
4.0,24022
4.0,24023
4.0,24024
4.0,24025
4.0,24026
4.0,24027
4.0,24028
4.0,24029
4.0,24030
4.0,24031
4.0,24032
4.0,24033
4.0,24034
4.0,24035
4.0,24036
4.0,24037
4.0,24038
4.0,24039
4.0,24040
4.0,24041
4.0,24042
4.0,24043
4.0,24044
4.0,24045
4.0,24046
4.0,24047
4.0,24048
4.0,24049
4.0,24050
4.0,24051
4.0,24052
4.0,24053
4.0,24054
4.0,24055
4.0,24056
4.0,24057
4.0,24058
4.0,24059
4.0,24060
4.0,24061
4.0,24062
4.0,24063
4.0,24064
4.0,24065
4.0,24066
4.0,24067
4.0,24068
4.0,24069
4.0,24070
4.0,24071
4.0,24072
4.0,24073
4.0,24074
4.0,24075
4.0,24076
4.0,24077
4.0,24078
4.0,24079
4.0,24080
4.0,24081
4.0,24082
4.0,24083
4.0,24084
4.0,24085
4.0,24086
4.0,24087
4.0,24088
4.0,24089
4.0,24090
4.0,24091
4.0,24092
4.0,24093
4.0,24094
4.0,24095
4.0,24096
4.0,24097
4.0,24098
4.0,24099
4.0,24100
4.0,24101
4.0,24102
4.0,24103
4.0,24104
4.0,24105
4.0,24106
4.0,24107
4.0,24108
4.0,24109
4.0,24110
4.0,24111
4.0,24112
4.0,24113
4.0,24114
4.0,24115
4.0,24116
3.0,24117
3.0,24118
3.0,24119
3.0,24120
3.0,24121
3.0,24122
3.0,24123
3.0,24124
3.0,24125
3.0,24126
0.0,24127
3.0,24128
3.0,24129
3.0,24130
3.0,24131
3.0,24132
3.0,24133
3.0,24134
3.0,24135
3.0,24136
3.0,24137
3.0,24138
3.0,24139
3.0,24140
3.0,24141
3.0,24142
3.0,24143
3.0,24144
3.0,24145
3.0,24146
3.0,24147
3.0,24148
3.0,24149
3.0,24150
3.0,24151
3.0,24152
3.0,24153
3.0,24154
3.0,24155
3.0,24156
3.0,24157
3.0,24158
3.0,24159
3.0,24160
3.0,24161
3.0,24162
3.0,24163
3.0,24164
3.0,24165
3.0,24166
3.0,24167
3.0,24168
3.0,24169
3.0,24170
3.0,24171
3.0,24172
3.0,24173
3.0,24174
6.0,24175
3.0,24176
3.0,24177
3.0,24178
3.0,24179
3.0,24180
3.0,24181
3.0,24182
3.0,24183
3.0,24184
3.0,24185
3.0,24186
3.0,24187
3.0,24188
3.0,24189
3.0,24190
3.0,24191
3.0,24192
3.0,24193
3.0,24194
3.0,24195
3.0,24196
3.0,24197
3.0,24198
3.0,24199
3.0,24200
3.0,24201
3.0,24202
3.0,24203
3.0,24204
3.0,24205
3.0,24206
3.0,24207
3.0,24208
3.0,24209
3.0,24210
3.0,24211
2.0,24212
3.0,24213
3.0,24214
3.0,24215
3.0,24216
3.0,24217
3.0,24218
3.0,24219
3.0,24220
3.0,24221
3.0,24222
3.0,24223
3.0,24224
3.0,24225
0.0,24226
3.0,24227
0.0,24228
3.0,24229
3.0,24230
3.0,24231
0.0,24232
3.0,24233
3.0,24234
3.0,24235
3.0,24236
3.0,24237
3.0,24238
3.0,24239
3.0,24240
3.0,24241
3.0,24242
3.0,24243
3.0,24244
3.0,24245
3.0,24246
3.0,24247
3.0,24248
3.0,24249
3.0,24250
3.0,24251
3.0,24252
3.0,24253
3.0,24254
3.0,24255
3.0,24256
3.0,24257
3.0,24258
3.0,24259
3.0,24260
3.0,24261
3.0,24262
3.0,24263
3.0,24264
3.0,24265
3.0,24266
3.0,24267
3.0,24268
3.0,24269
3.0,24270
6.0,24271
3.0,24272
3.0,24273
3.0,24274
6.0,24275
3.0,24276
3.0,24277
3.0,24278
3.0,24279
3.0,24280
3.0,24281
3.0,24282
3.0,24283
3.0,24284
3.0,24285
0.0,24286
3.0,24287
3.0,24288
3.0,24289
3.0,24290
0.0,24291
3.0,24292
3.0,24293
0.0,24294
3.0,24295
3.0,24296
3.0,24297
0.0,24298
3.0,24299
3.0,24300
3.0,24301
3.0,24302
3.0,24303
3.0,24304
3.0,24305
3.0,24306
3.0,24307
3.0,24308
3.0,24309
3.0,24310
3.0,24311
3.0,24312
3.0,24313
3.0,24314
3.0,24315
3.0,24316
3.0,24317
3.0,24318
3.0,24319
3.0,24320
3.0,24321
3.0,24322
3.0,24323
3.0,24324
3.0,24325
3.0,24326
3.0,24327
3.0,24328
3.0,24329
3.0,24330
0.0,24331
3.0,24332
3.0,24333
3.0,24334
3.0,24335
3.0,24336
3.0,24337
3.0,24338
3.0,24339
3.0,24340
3.0,24341
3.0,24342
3.0,24343
3.0,24344
3.0,24345
3.0,24346
3.0,24347
3.0,24348
3.0,24349
3.0,24350
3.0,24351
3.0,24352
0.0,24353
3.0,24354
3.0,24355
3.0,24356
3.0,24357
3.0,24358
3.0,24359
3.0,24360
3.0,24361
3.0,24362
3.0,24363
3.0,24364
3.0,24365
3.0,24366
3.0,24367
3.0,24368
6.0,24369
3.0,24370
3.0,24371
3.0,24372
3.0,24373
1.0,24374
3.0,24375
3.0,24376
3.0,24377
3.0,24378
3.0,24379
3.0,24380
3.0,24381
3.0,24382
3.0,24383
1.0,24384
3.0,24385
3.0,24386
3.0,24387
3.0,24388
3.0,24389
3.0,24390
3.0,24391
3.0,24392
3.0,24393
3.0,24394
3.0,24395
3.0,24396
3.0,24397
3.0,24398
3.0,24399
3.0,24400
3.0,24401
3.0,24402
3.0,24403
3.0,24404
3.0,24405
3.0,24406
3.0,24407
3.0,24408
3.0,24409
3.0,24410
3.0,24411
3.0,24412
3.0,24413
3.0,24414
3.0,24415
3.0,24416
3.0,24417
3.0,24418
0.0,24419
3.0,24420
3.0,24421
3.0,24422
3.0,24423
3.0,24424
3.0,24425
3.0,24426
3.0,24427
3.0,24428
0.0,24429
3.0,24430
3.0,24431
3.0,24432
3.0,24433
3.0,24434
3.0,24435
3.0,24436
3.0,24437
3.0,24438
3.0,24439
3.0,24440
3.0,24441
3.0,24442
3.0,24443
3.0,24444
3.0,24445
3.0,24446
3.0,24447
3.0,24448
3.0,24449
3.0,24450
3.0,24451
3.0,24452
3.0,24453
3.0,24454
3.0,24455
3.0,24456
3.0,24457
3.0,24458
3.0,24459
3.0,24460
3.0,24461
3.0,24462
3.0,24463
3.0,24464
3.0,24465
3.0,24466
3.0,24467
3.0,24468
3.0,24469
3.0,24470
3.0,24471
3.0,24472
3.0,24473
3.0,24474
3.0,24475
3.0,24476
3.0,24477
3.0,24478
3.0,24479
3.0,24480
3.0,24481
3.0,24482
3.0,24483
3.0,24484
3.0,24485
0.0,24486
3.0,24487
3.0,24488
3.0,24489
3.0,24490
3.0,24491
3.0,24492
0.0,24493
3.0,24494
3.0,24495
3.0,24496
2.0,24497
3.0,24498
3.0,24499
3.0,24500
3.0,24501
3.0,24502
3.0,24503
3.0,24504
3.0,24505
3.0,24506
3.0,24507
3.0,24508
3.0,24509
3.0,24510
3.0,24511
3.0,24512
3.0,24513
3.0,24514
3.0,24515
3.0,24516
3.0,24517
3.0,24518
3.0,24519
3.0,24520
3.0,24521
3.0,24522
3.0,24523
3.0,24524
3.0,24525
3.0,24526
3.0,24527
3.0,24528
3.0,24529
3.0,24530
1.0,24531
3.0,24532
3.0,24533
7.0,24534
3.0,24535
3.0,24536
3.0,24537
0.0,24538
0.0,24539
0.0,24540
3.0,24541
0.0,24542
3.0,24543
3.0,24544
0.0,24545
3.0,24546
3.0,24547
3.0,24548
3.0,24549
3.0,24550
3.0,24551
3.0,24552
3.0,24553
6.0,24554
0.0,24555
3.0,24556
3.0,24557
3.0,24558
3.0,24559
3.0,24560
3.0,24561
3.0,24562
0.0,24563
3.0,24564
3.0,24565
1.0,24566
3.0,24567
0.0,24568
3.0,24569
3.0,24570
3.0,24571
3.0,24572
3.0,24573
0.0,24574
3.0,24575
2.0,24576
3.0,24577
3.0,24578
3.0,24579
3.0,24580
3.0,24581
3.0,24582
3.0,24583
3.0,24584
3.0,24585
3.0,24586
0.0,24587
5.0,24588
3.0,24589
0.0,24590
3.0,24591
3.0,24592
3.0,24593
7.0,24594
3.0,24595
3.0,24596
3.0,24597
3.0,24598
0.0,24599
0.0,24600
3.0,24601
3.0,24602
3.0,24603
3.0,24604
3.0,24605
3.0,24606
3.0,24607
0.0,24608
3.0,24609
3.0,24610
0.0,24611
3.0,24612
3.0,24613
3.0,24614
3.0,24615
3.0,24616
0.0,24617
0.0,24618
0.0,24619
3.0,24620
3.0,24621
0.0,24622
0.0,24623
3.0,24624
3.0,24625
3.0,24626
3.0,24627
0.0,24628
3.0,24629
0.0,24630
3.0,24631
1.0,24632
3.0,24633
3.0,24634
0.0,24635
3.0,24636
0.0,24637
3.0,24638
3.0,24639
3.0,24640
0.0,24641
3.0,24642
3.0,24643
0.0,24644
3.0,24645
3.0,24646
3.0,24647
3.0,24648
3.0,24649
0.0,24650
3.0,24651
3.0,24652
3.0,24653
0.0,24654
3.0,24655
0.0,24656
3.0,24657
3.0,24658
1.0,24659
3.0,24660
3.0,24661
0.0,24662
0.0,24663
3.0,24664
3.0,24665
0.0,24666
3.0,24667
3.0,24668
8.0,24669
3.0,24670
3.0,24671
3.0,24672
3.0,24673
3.0,24674
3.0,24675
2.0,24676
3.0,24677
3.0,24678
3.0,24679
1.0,24680
3.0,24681
3.0,24682
3.0,24683
3.0,24684
3.0,24685
0.0,24686
3.0,24687
3.0,24688
3.0,24689
3.0,24690
3.0,24691
2.0,24692
0.0,24693
0.0,24694
0.0,24695
3.0,24696
3.0,24697
3.0,24698
0.0,24699
3.0,24700
0.0,24701
3.0,24702
2.0,24703
0.0,24704
3.0,24705
6.0,24706
3.0,24707
3.0,24708
3.0,24709
3.0,24710
3.0,24711
3.0,24712
3.0,24713
0.0,24714
0.0,24715
3.0,24716
0.0,24717
3.0,24718
3.0,24719
3.0,24720
3.0,24721
3.0,24722
3.0,24723
3.0,24724
3.0,24725
3.0,24726
3.0,24727
3.0,24728
3.0,24729
3.0,24730
3.0,24731
3.0,24732
3.0,24733
3.0,24734
3.0,24735
3.0,24736
3.0,24737
3.0,24738
3.0,24739
3.0,24740
3.0,24741
3.0,24742
3.0,24743
3.0,24744
3.0,24745
3.0,24746
3.0,24747
3.0,24748
3.0,24749
3.0,24750
3.0,24751
3.0,24752
3.0,24753
3.0,24754
3.0,24755
3.0,24756
3.0,24757
0.0,24758
3.0,24759
2.0,24760
3.0,24761
3.0,24762
3.0,24763
3.0,24764
3.0,24765
0.0,24766
3.0,24767
3.0,24768
3.0,24769
3.0,24770
0.0,24771
3.0,24772
3.0,24773
3.0,24774
3.0,24775
1.0,24776
3.0,24777
3.0,24778
3.0,24779
3.0,24780
3.0,24781
3.0,24782
0.0,24783
3.0,24784
3.0,24785
3.0,24786
3.0,24787
3.0,24788
3.0,24789
3.0,24790
3.0,24791
3.0,24792
3.0,24793
3.0,24794
3.0,24795
3.0,24796
3.0,24797
3.0,24798
3.0,24799
3.0,24800
3.0,24801
3.0,24802
3.0,24803
3.0,24804
3.0,24805
3.0,24806
3.0,24807
3.0,24808
3.0,24809
3.0,24810
3.0,24811
3.0,24812
3.0,24813
3.0,24814
8.0,24815
3.0,24816
3.0,24817
3.0,24818
3.0,24819
3.0,24820
3.0,24821
6.0,24822
3.0,24823
3.0,24824
3.0,24825
3.0,24826
3.0,24827
3.0,24828
3.0,24829
3.0,24830
3.0,24831
3.0,24832
3.0,24833
3.0,24834
2.0,24835
0.0,24836
3.0,24837
2.0,24838
3.0,24839
3.0,24840
3.0,24841
3.0,24842
6.0,24843
3.0,24844
3.0,24845
3.0,24846
3.0,24847
2.0,24848
3.0,24849
3.0,24850
3.0,24851
3.0,24852
3.0,24853
3.0,24854
3.0,24855
3.0,24856
3.0,24857
3.0,24858
3.0,24859
3.0,24860
3.0,24861
3.0,24862
3.0,24863
3.0,24864
3.0,24865
3.0,24866
3.0,24867
3.0,24868
3.0,24869
3.0,24870
3.0,24871
2.0,24872
3.0,24873
3.0,24874
3.0,24875
3.0,24876
3.0,24877
3.0,24878
3.0,24879
3.0,24880
3.0,24881
3.0,24882
3.0,24883
3.0,24884
3.0,24885
8.0,24886
3.0,24887
3.0,24888
3.0,24889
3.0,24890
3.0,24891
3.0,24892
0.0,24893
1.0,24894
3.0,24895
3.0,24896
1.0,24897
0.0,24898
3.0,24899
3.0,24900
3.0,24901
3.0,24902
3.0,24903
3.0,24904
3.0,24905
3.0,24906
3.0,24907
3.0,24908
3.0,24909
0.0,24910
3.0,24911
3.0,24912
3.0,24913
3.0,24914
3.0,24915
3.0,24916
0.0,24917
3.0,24918
0.0,24919
3.0,24920
3.0,24921
3.0,24922
3.0,24923
3.0,24924
0.0,24925
0.0,24926
3.0,24927
3.0,24928
3.0,24929
3.0,24930
1.0,24931
3.0,24932
2.0,24933
1.0,24934
3.0,24935
3.0,24936
3.0,24937
3.0,24938
3.0,24939
3.0,24940
3.0,24941
3.0,24942
3.0,24943
3.0,24944
3.0,24945
3.0,24946
6.0,24947
3.0,24948
3.0,24949
3.0,24950
3.0,24951
3.0,24952
0.0,24953
0.0,24954
3.0,24955
3.0,24956
3.0,24957
3.0,24958
3.0,24959
3.0,24960
3.0,24961
3.0,24962
3.0,24963
0.0,24964
3.0,24965
3.0,24966
3.0,24967
3.0,24968
3.0,24969
0.0,24970
3.0,24971
3.0,24972
3.0,24973
3.0,24974
3.0,24975
3.0,24976
3.0,24977
0.0,24978
3.0,24979
3.0,24980
3.0,24981
3.0,24982
3.0,24983
3.0,24984
8.0,24985
3.0,24986
0.0,24987
3.0,24988
3.0,24989
3.0,24990
3.0,24991
3.0,24992
2.0,24993
0.0,24994
3.0,24995
0.0,24996
3.0,24997
3.0,24998
2.0,24999
3.0,25000
3.0,25001
0.0,25002
0.0,25003
3.0,25004
3.0,25005
3.0,25006
3.0,25007
3.0,25008
3.0,25009
3.0,25010
3.0,25011
3.0,25012
3.0,25013
0.0,25014
3.0,25015
3.0,25016
0.0,25017
3.0,25018
3.0,25019
3.0,25020
3.0,25021
3.0,25022
3.0,25023
3.0,25024
3.0,25025
3.0,25026
3.0,25027
1.0,25028
3.0,25029
3.0,25030
3.0,25031
3.0,25032
3.0,25033
3.0,25034
3.0,25035
3.0,25036
3.0,25037
3.0,25038
3.0,25039
3.0,25040
3.0,25041
3.0,25042
1.0,25043
6.0,25044
2.0,25045
3.0,25046
3.0,25047
0.0,25048
3.0,25049
3.0,25050
3.0,25051
3.0,25052
3.0,25053
0.0,25054
0.0,25055
0.0,25056
3.0,25057
3.0,25058
3.0,25059
3.0,25060
3.0,25061
0.0,25062
3.0,25063
3.0,25064
3.0,25065
3.0,25066
3.0,25067
3.0,25068
3.0,25069
3.0,25070
3.0,25071
3.0,25072
3.0,25073
3.0,25074
3.0,25075
3.0,25076
3.0,25077
3.0,25078
3.0,25079
0.0,25080
3.0,25081
3.0,25082
3.0,25083
3.0,25084
3.0,25085
3.0,25086
3.0,25087
3.0,25088
3.0,25089
3.0,25090
3.0,25091
3.0,25092
4.0,25093
0.0,25094
3.0,25095
3.0,25096
6.0,25097
3.0,25098
3.0,25099
3.0,25100
3.0,25101
3.0,25102
3.0,25103
3.0,25104
3.0,25105
3.0,25106
3.0,25107
3.0,25108
3.0,25109
3.0,25110
3.0,25111
0.0,25112
6.0,25113
3.0,25114
3.0,25115
3.0,25116
3.0,25117
0.0,25118
3.0,25119
6.0,25120
3.0,25121
3.0,25122
3.0,25123
0.0,25124
3.0,25125
3.0,25126
3.0,25127
3.0,25128
3.0,25129
0.0,25130
3.0,25131
3.0,25132
6.0,25133
3.0,25134
0.0,25135
1.0,25136
3.0,25137
0.0,25138
0.0,25139
3.0,25140
3.0,25141
2.0,25142
3.0,25143
3.0,25144
0.0,25145
3.0,25146
0.0,25147
0.0,25148
3.0,25149
3.0,25150
3.0,25151
3.0,25152
6.0,25153
3.0,25154
3.0,25155
3.0,25156
3.0,25157
3.0,25158
3.0,25159
3.0,25160
3.0,25161
3.0,25162
6.0,25163
1.0,25164
3.0,25165
3.0,25166
3.0,25167
3.0,25168
0.0,25169
3.0,25170
8.0,25171
0.0,25172
3.0,25173
3.0,25174
3.0,25175
3.0,25176
3.0,25177
3.0,25178
0.0,25179
3.0,25180
3.0,25181
3.0,25182
3.0,25183
3.0,25184
3.0,25185
0.0,25186
0.0,25187
3.0,25188
0.0,25189
3.0,25190
3.0,25191
6.0,25192
3.0,25193
3.0,25194
2.0,25195
3.0,25196
3.0,25197
0.0,25198
3.0,25199
3.0,25200
3.0,25201
3.0,25202
3.0,25203
3.0,25204
3.0,25205
3.0,25206
2.0,25207
0.0,25208
3.0,25209
0.0,25210
3.0,25211
2.0,25212
2.0,25213
3.0,25214
3.0,25215
3.0,25216
3.0,25217
3.0,25218
3.0,25219
3.0,25220
6.0,25221
3.0,25222
3.0,25223
3.0,25224
3.0,25225
3.0,25226
3.0,25227
3.0,25228
3.0,25229
3.0,25230
3.0,25231
3.0,25232
3.0,25233
3.0,25234
3.0,25235
3.0,25236
3.0,25237
3.0,25238
3.0,25239
3.0,25240
0.0,25241
3.0,25242
0.0,25243
3.0,25244
3.0,25245
3.0,25246
3.0,25247
6.0,25248
6.0,25249
3.0,25250
3.0,25251
3.0,25252
3.0,25253
0.0,25254
0.0,25255
3.0,25256
2.0,25257
3.0,25258
0.0,25259
3.0,25260
0.0,25261
0.0,25262
3.0,25263
3.0,25264
1.0,25265
3.0,25266
3.0,25267
3.0,25268
3.0,25269
0.0,25270
3.0,25271
3.0,25272
0.0,25273
3.0,25274
0.0,25275
3.0,25276
3.0,25277
3.0,25278
3.0,25279
3.0,25280
3.0,25281
3.0,25282
3.0,25283
3.0,25284
3.0,25285
3.0,25286
0.0,25287
3.0,25288
3.0,25289
3.0,25290
3.0,25291
3.0,25292
0.0,25293
3.0,25294
3.0,25295
0.0,25296
3.0,25297
3.0,25298
3.0,25299
3.0,25300
3.0,25301
1.0,25302
3.0,25303
3.0,25304
0.0,25305
2.0,25306
3.0,25307
3.0,25308
3.0,25309
3.0,25310
3.0,25311
3.0,25312
3.0,25313
3.0,25314
3.0,25315
3.0,25316
3.0,25317
3.0,25318
3.0,25319
3.0,25320
3.0,25321
3.0,25322
2.0,25323
3.0,25324
3.0,25325
3.0,25326
3.0,25327
3.0,25328
3.0,25329
3.0,25330
3.0,25331
3.0,25332
0.0,25333
3.0,25334
7.0,25335
3.0,25336
3.0,25337
3.0,25338
3.0,25339
3.0,25340
3.0,25341
3.0,25342
3.0,25343
3.0,25344
3.0,25345
3.0,25346
3.0,25347
3.0,25348
3.0,25349
3.0,25350
3.0,25351
3.0,25352
3.0,25353
3.0,25354
3.0,25355
3.0,25356
3.0,25357
3.0,25358
3.0,25359
3.0,25360
3.0,25361
3.0,25362
6.0,25363
3.0,25364
3.0,25365
3.0,25366
3.0,25367
3.0,25368
3.0,25369
3.0,25370
3.0,25371
3.0,25372
3.0,25373
3.0,25374
3.0,25375
0.0,25376
1.0,25377
3.0,25378
3.0,25379
3.0,25380
3.0,25381
3.0,25382
3.0,25383
3.0,25384
3.0,25385
3.0,25386
3.0,25387
3.0,25388
3.0,25389
3.0,25390
3.0,25391
3.0,25392
0.0,25393
3.0,25394
3.0,25395
0.0,25396
3.0,25397
3.0,25398
3.0,25399
3.0,25400
3.0,25401
3.0,25402
3.0,25403
3.0,25404
3.0,25405
0.0,25406
3.0,25407
3.0,25408
3.0,25409
3.0,25410
3.0,25411
3.0,25412
3.0,25413
3.0,25414
3.0,25415
3.0,25416
3.0,25417
3.0,25418
3.0,25419
3.0,25420
3.0,25421
3.0,25422
3.0,25423
3.0,25424
6.0,25425
3.0,25426
3.0,25427
3.0,25428
3.0,25429
3.0,25430
3.0,25431
3.0,25432
6.0,25433
1.0,25434
3.0,25435
6.0,25436
3.0,25437
3.0,25438
6.0,25439
3.0,25440
3.0,25441
3.0,25442
3.0,25443
3.0,25444
6.0,25445
3.0,25446
3.0,25447
3.0,25448
3.0,25449
3.0,25450
1.0,25451
3.0,25452
3.0,25453
3.0,25454
3.0,25455
0.0,25456
0.0,25457
1.0,25458
3.0,25459
3.0,25460
3.0,25461
1.0,25462
0.0,25463
0.0,25464
3.0,25465
3.0,25466
3.0,25467
3.0,25468
3.0,25469
3.0,25470
3.0,25471
3.0,25472
3.0,25473
3.0,25474
3.0,25475
3.0,25476
3.0,25477
3.0,25478
3.0,25479
3.0,25480
3.0,25481
3.0,25482
0.0,25483
0.0,25484
3.0,25485
3.0,25486
3.0,25487
3.0,25488
3.0,25489
2.0,25490
3.0,25491
3.0,25492
0.0,25493
3.0,25494
3.0,25495
3.0,25496
3.0,25497
3.0,25498
0.0,25499
3.0,25500
3.0,25501
0.0,25502
3.0,25503
3.0,25504
3.0,25505
3.0,25506
3.0,25507
3.0,25508
0.0,25509
3.0,25510
3.0,25511
3.0,25512
3.0,25513
3.0,25514
3.0,25515
3.0,25516
3.0,25517
3.0,25518
3.0,25519
3.0,25520
3.0,25521
3.0,25522
3.0,25523
1.0,25524
3.0,25525
3.0,25526
3.0,25527
3.0,25528
3.0,25529
0.0,25530
0.0,25531
3.0,25532
3.0,25533
3.0,25534
6.0,25535
3.0,25536
3.0,25537
3.0,25538
3.0,25539
3.0,25540
3.0,25541
3.0,25542
1.0,25543
3.0,25544
6.0,25545
3.0,25546
3.0,25547
3.0,25548
3.0,25549
3.0,25550
3.0,25551
3.0,25552
3.0,25553
6.0,25554
3.0,25555
3.0,25556
3.0,25557
3.0,25558
3.0,25559
3.0,25560
3.0,25561
3.0,25562
3.0,25563
3.0,25564
3.0,25565
3.0,25566
3.0,25567
3.0,25568
3.0,25569
3.0,25570
3.0,25571
3.0,25572
3.0,25573
3.0,25574
3.0,25575
3.0,25576
3.0,25577
3.0,25578
3.0,25579
3.0,25580
3.0,25581
3.0,25582
3.0,25583
3.0,25584
3.0,25585
3.0,25586
3.0,25587
3.0,25588
3.0,25589
3.0,25590
3.0,25591
3.0,25592
2.0,25593
3.0,25594
3.0,25595
3.0,25596
3.0,25597
3.0,25598
6.0,25599
3.0,25600
3.0,25601
3.0,25602
3.0,25603
3.0,25604
3.0,25605
3.0,25606
6.0,25607
3.0,25608
3.0,25609
3.0,25610
3.0,25611
3.0,25612
3.0,25613
3.0,25614
3.0,25615
3.0,25616
3.0,25617
0.0,25618
3.0,25619
3.0,25620
0.0,25621
3.0,25622
3.0,25623
3.0,25624
2.0,25625
2.0,25626
3.0,25627
8.0,25628
3.0,25629
3.0,25630
3.0,25631
3.0,25632
0.0,25633
3.0,25634
3.0,25635
3.0,25636
7.0,25637
3.0,25638
3.0,25639
0.0,25640
3.0,25641
3.0,25642
1.0,25643
3.0,25644
3.0,25645
3.0,25646
6.0,25647
3.0,25648
3.0,25649
3.0,25650
3.0,25651
3.0,25652
0.0,25653
3.0,25654
0.0,25655
3.0,25656
3.0,25657
3.0,25658
3.0,25659
3.0,25660
3.0,25661
3.0,25662
3.0,25663
3.0,25664
3.0,25665
3.0,25666
3.0,25667
3.0,25668
3.0,25669
3.0,25670
3.0,25671
3.0,25672
3.0,25673
3.0,25674
3.0,25675
3.0,25676
3.0,25677
3.0,25678
3.0,25679
3.0,25680
3.0,25681
3.0,25682
0.0,25683
3.0,25684
0.0,25685
0.0,25686
3.0,25687
0.0,25688
3.0,25689
3.0,25690
3.0,25691
3.0,25692
3.0,25693
3.0,25694
3.0,25695
3.0,25696
3.0,25697
3.0,25698
3.0,25699
3.0,25700
3.0,25701
3.0,25702
0.0,25703
3.0,25704
3.0,25705
3.0,25706
3.0,25707
0.0,25708
3.0,25709
3.0,25710
3.0,25711
3.0,25712
0.0,25713
3.0,25714
3.0,25715
3.0,25716
3.0,25717
3.0,25718
3.0,25719
3.0,25720
3.0,25721
0.0,25722
3.0,25723
3.0,25724
3.0,25725
3.0,25726
6.0,25727
3.0,25728
3.0,25729
3.0,25730
3.0,25731
3.0,25732
3.0,25733
3.0,25734
3.0,25735
3.0,25736
3.0,25737
3.0,25738
3.0,25739
3.0,25740
3.0,25741
3.0,25742
3.0,25743
3.0,25744
6.0,25745
3.0,25746
3.0,25747
3.0,25748
3.0,25749
3.0,25750
3.0,25751
3.0,25752
3.0,25753
3.0,25754
0.0,25755
3.0,25756
3.0,25757
3.0,25758
3.0,25759
3.0,25760
3.0,25761
3.0,25762
3.0,25763
3.0,25764
3.0,25765
3.0,25766
3.0,25767
3.0,25768
3.0,25769
3.0,25770
3.0,25771
3.0,25772
3.0,25773
3.0,25774
6.0,25775
3.0,25776
3.0,25777
3.0,25778
3.0,25779
3.0,25780
3.0,25781
3.0,25782
3.0,25783
3.0,25784
3.0,25785
3.0,25786
3.0,25787
0.0,25788
3.0,25789
3.0,25790
0.0,25791
0.0,25792
3.0,25793
3.0,25794
3.0,25795
3.0,25796
3.0,25797
3.0,25798
3.0,25799
0.0,25800
3.0,25801
0.0,25802
3.0,25803
3.0,25804
3.0,25805
3.0,25806
3.0,25807
2.0,25808
3.0,25809
3.0,25810
1.0,25811
3.0,25812
8.0,25813
3.0,25814
3.0,25815
2.0,25816
3.0,25817
3.0,25818
3.0,25819
3.0,25820
3.0,25821
3.0,25822
3.0,25823
6.0,25824
3.0,25825
3.0,25826
3.0,25827
3.0,25828
3.0,25829
3.0,25830
3.0,25831
6.0,25832
3.0,25833
3.0,25834
3.0,25835
3.0,25836
0.0,25837
3.0,25838
3.0,25839
3.0,25840
3.0,25841
3.0,25842
3.0,25843
3.0,25844
3.0,25845
3.0,25846
3.0,25847
3.0,25848
3.0,25849
3.0,25850
3.0,25851
3.0,25852
6.0,25853
3.0,25854
3.0,25855
3.0,25856
3.0,25857
3.0,25858
3.0,25859
3.0,25860
3.0,25861
3.0,25862
3.0,25863
3.0,25864
3.0,25865
3.0,25866
3.0,25867
3.0,25868
3.0,25869
3.0,25870
3.0,25871
3.0,25872
3.0,25873
3.0,25874
3.0,25875
3.0,25876
3.0,25877
3.0,25878
3.0,25879
3.0,25880
3.0,25881
6.0,25882
3.0,25883
3.0,25884
3.0,25885
3.0,25886
3.0,25887
3.0,25888
3.0,25889
3.0,25890
3.0,25891
3.0,25892
3.0,25893
3.0,25894
3.0,25895
3.0,25896
3.0,25897
3.0,25898
3.0,25899
3.0,25900
1.0,25901
3.0,25902
3.0,25903
3.0,25904
0.0,25905
3.0,25906
3.0,25907
3.0,25908
3.0,25909
3.0,25910
3.0,25911
3.0,25912
3.0,25913
3.0,25914
3.0,25915
0.0,25916
3.0,25917
3.0,25918
3.0,25919
3.0,25920
3.0,25921
3.0,25922
3.0,25923
3.0,25924
3.0,25925
3.0,25926
3.0,25927
6.0,25928
3.0,25929
3.0,25930
3.0,25931
3.0,25932
3.0,25933
3.0,25934
3.0,25935
3.0,25936
3.0,25937
3.0,25938
3.0,25939
3.0,25940
3.0,25941
2.0,25942
3.0,25943
3.0,25944
3.0,25945
0.0,25946
0.0,25947
3.0,25948
3.0,25949
3.0,25950
3.0,25951
3.0,25952
3.0,25953
3.0,25954
3.0,25955
3.0,25956
3.0,25957
3.0,25958
0.0,25959
3.0,25960
3.0,25961
3.0,25962
3.0,25963
3.0,25964
3.0,25965
3.0,25966
6.0,25967
3.0,25968
0.0,25969
0.0,25970
3.0,25971
3.0,25972
3.0,25973
3.0,25974
3.0,25975
3.0,25976
3.0,25977
3.0,25978
0.0,25979
3.0,25980
3.0,25981
3.0,25982
3.0,25983
3.0,25984
3.0,25985
3.0,25986
3.0,25987
3.0,25988
6.0,25989
3.0,25990
3.0,25991
0.0,25992
3.0,25993
0.0,25994
0.0,25995
3.0,25996
3.0,25997
3.0,25998
0.0,25999
3.0,26000
3.0,26001
3.0,26002
3.0,26003
0.0,26004
3.0,26005
3.0,26006
3.0,26007
3.0,26008
3.0,26009
3.0,26010
0.0,26011
0.0,26012
3.0,26013
0.0,26014
0.0,26015
0.0,26016
0.0,26017
3.0,26018
0.0,26019
3.0,26020
3.0,26021
3.0,26022
3.0,26023
0.0,26024
3.0,26025
3.0,26026
3.0,26027
3.0,26028
3.0,26029
3.0,26030
3.0,26031
3.0,26032
0.0,26033
3.0,26034
3.0,26035
3.0,26036
3.0,26037
3.0,26038
6.0,26039
3.0,26040
3.0,26041
3.0,26042
3.0,26043
8.0,26044
3.0,26045
3.0,26046
3.0,26047
3.0,26048
3.0,26049
3.0,26050
3.0,26051
8.0,26052
3.0,26053
3.0,26054
3.0,26055
3.0,26056
3.0,26057
3.0,26058
3.0,26059
3.0,26060
3.0,26061
3.0,26062
3.0,26063
3.0,26064
6.0,26065
3.0,26066
2.0,26067
3.0,26068
3.0,26069
3.0,26070
3.0,26071
3.0,26072
3.0,26073
0.0,26074
0.0,26075
3.0,26076
3.0,26077
0.0,26078
3.0,26079
3.0,26080
3.0,26081
3.0,26082
3.0,26083
3.0,26084
3.0,26085
3.0,26086
3.0,26087
3.0,26088
3.0,26089
3.0,26090
3.0,26091
3.0,26092
3.0,26093
3.0,26094
3.0,26095
3.0,26096
2.0,26097
3.0,26098
3.0,26099
0.0,26100
3.0,26101
3.0,26102
3.0,26103
3.0,26104
3.0,26105
3.0,26106
3.0,26107
3.0,26108
3.0,26109
3.0,26110
3.0,26111
3.0,26112
0.0,26113
3.0,26114
3.0,26115
3.0,26116
3.0,26117
3.0,26118
3.0,26119
3.0,26120
3.0,26121
3.0,26122
3.0,26123
3.0,26124
3.0,26125
3.0,26126
3.0,26127
3.0,26128
3.0,26129
3.0,26130
3.0,26131
3.0,26132
3.0,26133
3.0,26134
3.0,26135
3.0,26136
3.0,26137
3.0,26138
0.0,26139
3.0,26140
3.0,26141
3.0,26142
3.0,26143
3.0,26144
0.0,26145
0.0,26146
3.0,26147
3.0,26148
3.0,26149
0.0,26150
3.0,26151
3.0,26152
6.0,26153
3.0,26154
3.0,26155
3.0,26156
3.0,26157
3.0,26158
3.0,26159
3.0,26160
0.0,26161
3.0,26162
3.0,26163
3.0,26164
3.0,26165
3.0,26166
3.0,26167
0.0,26168
3.0,26169
3.0,26170
3.0,26171
3.0,26172
3.0,26173
0.0,26174
3.0,26175
3.0,26176
3.0,26177
3.0,26178
3.0,26179
3.0,26180
3.0,26181
3.0,26182
0.0,26183
3.0,26184
3.0,26185
3.0,26186
3.0,26187
3.0,26188
6.0,26189
3.0,26190
3.0,26191
3.0,26192
3.0,26193
3.0,26194
0.0,26195
3.0,26196
3.0,26197
3.0,26198
3.0,26199
3.0,26200
3.0,26201
3.0,26202
3.0,26203
3.0,26204
3.0,26205
3.0,26206
3.0,26207
1.0,26208
3.0,26209
3.0,26210
3.0,26211
3.0,26212
3.0,26213
3.0,26214
3.0,26215
3.0,26216
3.0,26217
3.0,26218
3.0,26219
3.0,26220
3.0,26221
3.0,26222
3.0,26223
3.0,26224
3.0,26225
3.0,26226
3.0,26227
3.0,26228
3.0,26229
3.0,26230
3.0,26231
3.0,26232
3.0,26233
3.0,26234
3.0,26235
3.0,26236
3.0,26237
3.0,26238
3.0,26239
3.0,26240
3.0,26241
3.0,26242
3.0,26243
3.0,26244
3.0,26245
3.0,26246
3.0,26247
3.0,26248
3.0,26249
3.0,26250
3.0,26251
3.0,26252
3.0,26253
3.0,26254
3.0,26255
0.0,26256
3.0,26257
3.0,26258
3.0,26259
3.0,26260
3.0,26261
3.0,26262
3.0,26263
3.0,26264
3.0,26265
3.0,26266
3.0,26267
3.0,26268
3.0,26269
3.0,26270
3.0,26271
3.0,26272
3.0,26273
3.0,26274
